manufacturer,country,model,year,propulsion,0_60_mph_sec,0_100_kmh_sec,0_100_mph_sec,0_200_kmh_sec,quarter_mile_sec,quarter_mile_speed_mph,top_speed_mph,top_speed_kmh,power_hp,power_kw,torque,engine,braking_70_0_ft,braking_100_0_ft,skidpad_g,curb_weight_lb,nurburgring_lap_sec,nurburgring_date,nurburgring_driver,top_gear_lap_sec,top_gear_episode,lightning_lap_sec,sources
AC,GB,Cobra Mk III 427,1965,,,,,,,,165.0,266.0,,,,"6,998 cc (427.0 cu in) V8 362 kW (492 PS; 485 hp)",,,,,,,,,,,speed_records
Acura,JP,Integra Type S,2024,,,,,,,,,,,,,,,,,,,,,,,184.2,caranddriver_lightning_lap
Acura,JP,Mdx Sh Awd,2017,ICE,6,,16.5,,14.7,95,,,290,216.3,267 lb-ft,,188,,0.83,4222,,,,,,,caranddriver
Acura,JP,Mdx Sport Hybrid,2017,Hybrid,5.7,,15.5,,14.5,97,,,,,,,188,,0.87,4466,,,,,,,caranddriver
Acura,JP,Mdx Sport Hybrid Sh Awd First Drive Review 1,2017,Hybrid,5.8,,16.3,,14.5,,110,,,,,,,,,4500,,,,,,,caranddriver
Acura,JP,NSX,2017,,,,,,,,,,,,,,,,,,,,,,,170.2,caranddriver_lightning_lap
Acura,JP,NSX Zanardi Edition,1999,,,,,,,,,,,,,,,,,,,,,,,187.1,caranddriver_lightning_lap
Acura,JP,Nsx Supercar Full,2017,ICE,3.1,,7,,11.2,126,,,500,372.9,406 lb-ft,,142,,1.06,3868,,,,,,,caranddriver
Acura,JP,Rlx Sport Hybrid Sh Awd,2018,Hybrid,5.5,,14.1,,14.1,,130,,,,,,,,,4400,,,,,,,caranddriver
Acura,JP,TLX Type-S SH-AWD,2021,,,,,,,,,,,,,,,,,,,,,,,186.7,caranddriver_lightning_lap
Acura,JP,Tlx,2018,,5.7,,13.3,,14.2,,130,,,,,,,,,3550,,,,,,,caranddriver
Acura,JP,Tlx V 6 Sh Awd A Spec,2018,ICE,5.7,,14.2,,14.2,100,,,290,216.3,267 lb-ft,,168,,0.86,3812,,,,,,,caranddriver
Alfa Romeo,IT,147 GTA,,,,,,,,,,,,,,,,,,,,,,95.6,"Series 02, Episode 08",,top_gear
Alfa Romeo,IT,"156 GTA (2002, 250 PS)",2002,,,,,,,,,,,,,,,,,,531.0,2002,Horst von Saurma,,,,nurburgring
Alfa Romeo,IT,4C,2013,,,,,,,,,,,,,,,,,,484.4,2013-09-12,Horst von Saurma,84.8,"Series 21, Episode 02",,"nurburgring, top_gear"
Alfa Romeo,IT,4C,2015,,,,,,,,,,,,,,,,,,,,,,,188.8,caranddriver_lightning_lap
Alfa Romeo,IT,8C Competizione (very wet),,,,,,,,,,,,,,,,,,,,,,98.2,"Series 11, Episode 04",,top_gear
Alfa Romeo,IT,Brera 2.2,,,,,,,,,,,,,,,,,,,,,,96.9,"Series 09, Episode 02",,top_gear
Alfa Romeo,IT,Giulia 2.0T AWD Test,2017,ICE,5.5,,14.1,,14.1,100,,,280,208.8,306 lb-ft,,186,,0.79,3660,,,,,,,caranddriver
Alfa Romeo,IT,Giulia 20T Rwd,2017,ICE,5.7,,14.7,,14.3,99,,,280,208.8,306 lb-ft,,163,,0.88,3636,,,,,,,caranddriver
Alfa Romeo,IT,Giulia Quadrifoglio,2017,,,,,,,,,,,,,,,,,,,,,,,178.6,caranddriver_lightning_lap
Alfa Romeo,IT,Giulia Quadrifoglio,2018,,,,,,,,,,,,,,,,,,,,,,,177.2,caranddriver_lightning_lap
Alfa Romeo,IT,Giulia Quadrifoglio (2015),2016,,,,,,,,,,,,,,,,,,452.0,2016-09,Fabio Francia,81.4,"Series 24, Episode 02",,"nurburgring, top_gear"
Alfa Romeo,IT,Giulietta QV,2011,,,,,,,,,,,,,,,,,,510.0,2011,,,,,nurburgring
Alfa Romeo,IT,Giulietta Quadrifoglio Verde,,,,,,,,,,,,,,,,,,,,,,90.3,"Series 24, Episode 02",,top_gear
Alfa Romeo,IT,Stelvio,2018,ICE,5.5,,14.7,,14.2,,144,,280,208.8,306 lb-ft,,,,,4100,,,,,,,caranddriver
Alfa Romeo,IT,Stelvio 20T Awd,2018,ICE,5.4,,14.7,,14.1,98,,,280,208.8,306 lb-ft,,176,,0.84,4037,,,,,,,caranddriver
Alfa Romeo,IT,Stelvio Quadrifoglio (2018),2017,,,,,,,,,,,,,,,,,,471.7,2017,Fabio Francia,,,,nurburgring
Alfa Romeo,IT,Stelvio Quadrifoglio Q4,2019,,,,,,,,,,,,,,,,,,,,,,,184.8,caranddriver_lightning_lap
Alpina,DE,"BMW B10 3.2 (E39, 1998, 260 PS)",1998,,,,,,,,,,,,,,,,,,530,1998,Horst von Saurma,,,,nurburgring
Alpina,DE,"BMW B3 (E46, 1999, 280 PS)",1999,,,,,,,,,,,,,,,,,,516,1999,Horst von Saurma,,,,nurburgring
Alpina,DE,"BMW B3 (G20, 2021, 3.0 TT, 462 PS)",2020,,,,,,,,,,,,,,,,,,473.26,2020-12-17,Christian Gebhardt,,,,nurburgring
Alpina,DE,"BMW B3 Biturbo (F30, 2014, 3.0 BT, 410 PS)",2014,,,,,,,,,,,,,,,,,,494,2014,Horst von Saurma,,,,nurburgring
Alpina,DE,"BMW B3 Biturbo Coupé (E92, 2008, 3.0 BT, 360 PS)",2008,,,,,,,,,,,,,,,,,,494,2008,Horst von Saurma,,,,nurburgring
Alpina,DE,"BMW B3 Coupe GT3 (E92, 2012, 3.0 T, 408 PS)",2012,,,,,,,,,,,,,,,,,,469,2012,Horst von Saurma,,,,nurburgring
Alpina,DE,"BMW B4 Gran Coupè (G26, 2023, 3.0 TT, 495 PS)",2023,,,,,,,,,,,,,,,,,,472.11,2023-01-12,Christian Gebhardt,,,,nurburgring
Alpina,DE,"BMW B4 S Biturbo Coupe (F32, 2018, 3.0 BT, 440 PS)",2017,,,,,,,,,,,,,,,,,,480,2017,Christian Gebhardt,,,,nurburgring
Alpina,DE,BMW B6 S (E63),2008,,,,,,,,,,,,,,,,,,490,2008,Horst von Saurma,,,,nurburgring
Alpina,DE,"BMW Roadster S (E85, 2005, 300 PS)",2005,,,,,,,,,,,,,,,,,,495,2005,Horst von Saurma,,,,nurburgring
Alpina,DE,Z8 Roadster,,,,,,,,,,,,,,,,,,,,,,89.0,"Series 02, Episode 03",,top_gear
Alpine,FR,A110,2019,,,,,,,,,,,,,,,,,,483.33,2019-05-15,Christian Gebhardt,82.9,"Series 25, Episode 06",,"top_gear, nurburgring"
Alpine,FR,"A110 S (2020, 1.8 T, 292 PS)",2020,,,,,,,,,,,,,,,,,,476.1,2020,Christian Gebhardt,,,,nurburgring
Alpine,FR,A110S,2022,,,,,,,,,,,,,,,,,,462.659,2022-10,Christian Gebhardt,82.3,—N/a,,"top_gear, nurburgring"
Aprilia,IT,RSV1000R Factory,,,,,,,,,,,,,,,,,,,452.6,n/a,,,,,nurburgring
Ariel,GB,Atom,,,,,,,,,,,,,,,,,,,,,,84.0,"Series 02, Episode 06",,top_gear
Ariel,GB,Atom 2 300,,,,,,,,,,,,,,,,,,,,,,79.5,"Series 05, Episode 09",,top_gear
Ariel,GB,Atom 3,2009,,,,,,,,,,,,,,,,,,,,,,,177.6,caranddriver_lightning_lap
Ariel,GB,Atom 4,,,,,,,,,,,,,,,,,,,,,,76.0,—N/a,,top_gear
Ariel,GB,Atom 4R,,,,,,,,,,,,,,,,,,,,,,73.7,Stig Laps,,top_gear
Ariel,GB,Atom V8 500 (moist),,,,,,,,,,,,,,,,,,,,,,75.1,"Series 16, Episode 01",,top_gear
Ariel,GB,Nomad,,,,,,,,,,,,,,,,,,,,,,90.8,"Series 23, Episode 01",,top_gear
Artega,DE,GT,2010,,,,,,,,,,,,,,,,,,494.0,2010,Horst von Saurma,,,,nurburgring
Ascari,GB,A10,,,,,,,,,,,,,,,,,,,,,,77.3,"Series 10, Episode 09",,top_gear
Ascari,GB,KZ1 (damp),,,,,,,,,,,,,,,,,,,,,,80.7,"Series 07, Episode 01",,top_gear
Aspark,JP,Owl,2020,Electric,,,,,,,,,1953.0,1456.0,,,,,,,,,,,,,power_output
Aston Martin,GB,DB11,,,,,,,,,,,,,,,,,,,,,,81.5,"Series 24, Episode 03",,top_gear
Aston Martin,GB,DB4 GT,1959,,,,,,,,152.5,245.4,,,,"3,670 cc (224 cu in) inline-6 225 kW (306 PS; 302 hp)",,,,,,,,,,,speed_records
Aston Martin,GB,DB4 GT Zagato,1960,,,,,,,,153.5,247.0,,,,"3,670 cc (224 cu in) inline-6 234 kW (318 PS; 314 hp)",,,,,,,,,,,speed_records
Aston Martin,GB,DB5,,,,,,,,,,,,,,,,,,,,,,106.0,"Series 06, Episode 05",,top_gear
Aston Martin,GB,DB7 GT,2003,,,,,,,,,,,,,,,,,,503.0,2003,Horst von Saurma,90.4,"Series 02, Episode 04",,"nurburgring, top_gear"
Aston Martin,GB,DB7 Vantage,1999,,,,,,,,,,,,,,,,,,521.0,1999,Horst von Saurma,,,,nurburgring
Aston Martin,GB,DB9,2004,,,,,,,,,,,,,,,,,,496.0,2004,Horst von Saurma,87.1,"Series 04, Episode 01",,"top_gear, nurburgring"
Aston Martin,GB,DBS,2009,,,,,,,,,,,,,,,,,,482.0,2009,Horst von Saurma,87.4,"Series 10, Episode 07",,"nurburgring, top_gear"
Aston Martin,GB,Db11,2017,ICE,3.6,,7.8,,11.7,125,,,600,447.4,516 lb-ft,,158,,0.94,4222,,,,,,,caranddriver
Aston Martin,GB,Martin DB11 V-8,2018,ICE,3.7,,7.9,,11.8,,187,,503,375.1,498 lb-ft,,,,,4150,,,,,,,caranddriver
Aston Martin,GB,Martin Vanquish S First Drive &#8211;,2018,,3.5,,8.2,,11.8,,200,,580,432.5,465 lb-ft,,,,,3850,,,,,,,caranddriver
Aston Martin,GB,Martin Vantage Prototype Ride,2019,ICE,3.5,,7.8,,11.8,,195,,503,375.1,505 lb-ft,,,,,3700,,,,,,,caranddriver
Aston Martin,GB,V12 Vanquish,2003,,,,,,,,,,,,,,,,,,497.0,2003,Horst von Saurma,,,,nurburgring
Aston Martin,GB,V12 Vantage (Not Shown on TV),,,,,,,,,,,,,,,,,,,,,,86.8,"Series 13, Episode 07",,top_gear
Aston Martin,GB,V12 Vantage S,2014,,,,,,,,,,,,,,,,,,472.0,2014,Horst von Saurma,,,,nurburgring
Aston Martin,GB,V8 Vantage (2019),2019,,,,,,,,,,,,,,,,,,463.92,2019-08-14,Christian Gebhardt,79.7,"Series 26, Episode 05",,"nurburgring, top_gear"
Aston Martin,GB,"V8 Vantage (Mk1, 2005, 385 PS)",2005,,,,,,,,,,,,,,,,,,483,2005,Horst von Saurma,,,,nurburgring
Aston Martin,GB,"V8 Vantage GT8 (2017, N/A 4.7, 446 PS)",2017,,,,,,,,,,,,,,,,,,470.0,2017-02,Christian Gebhardt,,,,nurburgring
Aston Martin,GB,Valhalla,2021,Plug-in Hybrid,,,,,,,,,1064.0,793.0,,,,,,,,,,,,,power_output
Aston Martin,GB,Valkyrie,2022,Electric,,,,,,,,,1140.0,850.0,,,,,,,,,,69.6,Stig Laps,,"power_output, top_gear"
Aston Martin,GB,Vanquish (very wet),,,,,,,,,,,,,,,,,,,,,,96.2,"Series 01, Episode 04",,top_gear
Aston Martin,GB,Vanquish S,,,,,,,,,,,,,,,,,,,,,,87.1,"Series 05, Episode 04",,top_gear
Aston Martin,GB,Virage,,,,,,,,,,,,,,,,,,,,,,84.4,"Series 17, Episode 02",,top_gear
Audi,DE,A3 20T Quattro,2017,ICE,5.5,,14.9,,14.2,98,,,220,164.1,258 lb-ft,,178,,0.87,3408,,,,,,,caranddriver
Audi,DE,A4 Allroad,2017,ICE,5.2,,13.8,,13.8,100,,,252,187.9,273 lb-ft,,152,,0.85,3817,,,,,,,caranddriver
Audi,DE,A5 20T Coupe Automatic,2018,ICE,5,,13.2,,13.6,101,,,252,187.9,273 lb-ft,,152,,0.93,3648,,,,,,,caranddriver
Audi,DE,A5 Cabriolet,2018,ICE,5.6,,15,,14.2,98,,,252,187.9,273 lb-ft,,145,,0.96,4008,,,,,,,caranddriver
Audi,DE,A5 Sportback,2018,ICE,5.3,,14,,14,100,130,,252,187.9,273 lb-ft,,159,,0.94,3758,,,,,,,caranddriver
Audi,DE,A6 30T Competition,2017,ICE,5.2,,12.3,,13.7,105,,,340,253.5,325 lb-ft,,159,,0.93,4242,,,,,,,caranddriver
Audi,DE,A7,2017,ICE,4.7,,11.8,,13.4,105,,,,,325 lb-ft,,166,,0.84,4200,,,,,,,caranddriver
Audi,DE,A8 Sedan,2019,,4,,9.9,,12.5,,131,,,,,,,,,4350,,,,,,,caranddriver
Audi,DE,Q5 20T Quattro,2018,ICE,5.8,,16.5,,14.5,95,,,252,187.9,273 lb-ft,,161,,0.81,4180,,,,,,,caranddriver
Audi,DE,Q7 20T,2017,ICE,7,,19.2,,15.4,91,,,252,187.9,273 lb-ft,,186,,0.8,4776,,,,,,,caranddriver
Audi,DE,Q7 V12 (wet),,,,,,,,,,,,,,,,,,,,,,93.3,"Series 14, Episode 04",,top_gear
Audi,DE,R8,2007,,,,,,,,,,,,,,,,,,,,,,,184.6,caranddriver_lightning_lap
Audi,DE,R8 (damp),,,,,,,,,,,,,,,,,,,,,,84.4,"Series 10, Episode 02",,top_gear
Audi,DE,"R8 4.2 FSI Quattro (Mk1, Type 42, 2007, N/A 4.2, 420 PS)",2007,,,,,,,,,,,,,,,,,,484.0,2007,Horst von Saurma,,,,nurburgring
Audi,DE,R8 4.2 FSI R-Tronic,2008,,,,,,,,,,,,,,,,,,481.9,2008-10-27,Sascha Bert,,,,nurburgring
Audi,DE,R8 5.2 FSI Quattro,2010,,,,,,,,,,,,,,,,,,,,,,,179.5,caranddriver_lightning_lap
Audi,DE,"R8 Coupé 5.2 FSI Quattro (Mk1, Type 42, 2009, 525 PS)",2009,,,,,,,,,,,,,,,,,,464.0,2009,Horst von Saurma,,,,nurburgring
Audi,DE,"R8 GT (Mk1, Typ 42, 2010)",2010,,,,,,,,,,,,,,,,,,454.0,2010-12,Horst von Saurma,,,,nurburgring
Audi,DE,"R8 GT (Mk1, Typ 42, 2010)",2011,,,,,,,,,,,,,,,,,,460.89,2011-09,Sascha Bert,,,,nurburgring
Audi,DE,R8 LMS Ultra,,,,,,,,,,,,,,,,,,,477.474,2014-09-30,Marc Basseng/Frank Stippler,,,,nurburgring
Audi,DE,"R8 Plus (Mk1, Type 42, 2013, N/A 5.2, 550 PS)",2013,,,,,,,,,,,,,,,,,,465.0,2013,Horst von Saurma,,,,nurburgring
Audi,DE,R8 Spyder,2017,,3.2,,7.4,,11.4,125,,,540,402.7,398 lb-ft,,155,,0.98,3920,,,,,,,caranddriver
Audi,DE,R8 V10 (damp),,,,,,,,,,,,,,,,,,,,,,81.6,"Series 14, Episode 02",,top_gear
Audi,DE,R8 V10 Plus,2014,,,,,,,,,,,,,,,,,,,,,,,177.5,caranddriver_lightning_lap
Audi,DE,R8 V10 Plus,2016,ICE,10.51,,,,,,,,,,,,,,,,,,,,,,acceleration
Audi,DE,R8 V10 Plus,2017,ICE,2.6,2.8,,,10.51,,,,,,,,,,,,452.0,2015,Christian Gebhardt,75.7,"Series 23, Episode 03",176.1,"acceleration, top_gear, nurburgring, caranddriver_lightning_lap"
Audi,DE,"R8 V10 Plus (4S, 2015)",,,,,,,,,,,,,,,,,,,452.0,2015,Christian Gebhardt,,,,nurburgring
Audi,DE,"R8 V10 Plus (4S, 2015)",2015,ICE,2.8,,,,,,,,,,,,,,,,452,2015,Christian Gebhardt,,,,"nurburgring, acceleration"
Audi,DE,R8 V10 Spyder,,,,,,,,,,,,,,,,,,,,,,82.3,"Series 15, Episode 04",,top_gear
Audi,DE,RS 6 Avant,,,,,,,,,,,,,,,,,,,,,,81.9,"Series 29, Episode 03",,top_gear
Audi,DE,RS Q8,2019,,,,,,,,,,,,,,,,,,462.253,2019-09-13,Frank Stippler,82.5,—N/a,,"nurburgring, top_gear"
Audi,DE,RS Q8,2020,,,,,,,,,,,,,,,,,,,,,,,182.2,caranddriver_lightning_lap
Audi,DE,RS e-tron GT performance,2024,Electric,2.19,2.19,,,,,,,,,,,,,,,,,,,,,acceleration
Audi,DE,"RS3 (Typ 8Y, 2021, 2.5 T, 400 PS)",2021,,,,,,,,,,,,,,,,,,455.522,2021-06-14,Frank Stippler,,,,nurburgring
Audi,DE,"RS3 (Typ 8Y, 2022, 2.5 T, 400 PS)",2022,,,,,,,,,,,,,,,,,,457.66,2022,Christian Gebhardt,,,172.5,"nurburgring, caranddriver_lightning_lap"
Audi,DE,"RS3 Sportback (8P, 2011, 2.5 T, 340 PS)",2011,,,,,,,,,,,,,,,,,,500.0,2011,Horst von Saurma,,,,nurburgring
Audi,DE,RS4,2006,,,,,,,,,,,,,,,,,,489.0,2006,Horst von Saurma,85.7,"Series 07, Episode 02",,"top_gear, nurburgring"
Audi,DE,RS4,2007,,,,,,,,,,,,,,,,,,,,,,,191.2,caranddriver_lightning_lap
Audi,DE,RS4 Avant (B5),2000,,,,,,,,,,,,,,,,,,505,2000,Horst von Saurma,,,,nurburgring
Audi,DE,RS4 Avant (B5),2018,ICE,4,,9.1,,12.5,,155,,444,331.1,443 lb-ft,,,,,4150,505.0,2000,Horst von Saurma,,,,"nurburgring, caranddriver"
Audi,DE,RS4 Avant Competition Plus (B9),2023,,,,,,,,,,,,,,,,,,459.35,2023-07-12,Christian Gebhardt,,,,nurburgring
Audi,DE,RS5,2013,,,,,,,,,,,,,,,,,,,,,,,184.3,caranddriver_lightning_lap
Audi,DE,RS5,2018,ICE,3.9,,9,,12.4,,155,,444,331.1,443 lb-ft,,,,,4050,,,,,,183.9,"caranddriver, caranddriver_lightning_lap"
Audi,DE,RS5 (moist),,,,,,,,,,,,,,,,,,,,,,87.5,"Series 16, Episode 05",,top_gear
Audi,DE,RS5 Coupe (8T),2012,,,,,,,,,,,,,,,,,,479.0,2012-06,Horst von Saurma,,,,nurburgring
Audi,DE,RS6 (C5),2002,,,,,,,,,,,,,,,,,,500.0,2002,Horst von Saurma,93.0,"Series 01, Episode 08",,"nurburgring, top_gear"
Audi,DE,RS6 Avant (C7),2014,,,,,,,,,,,,,,,,,,485.0,2014,Horst von Saurma,,,,nurburgring
Audi,DE,RS7,2014,,,,,,,,,,,,,,,,,,,,,,,183,caranddriver_lightning_lap
Audi,DE,Rs3,2017,ICE,3.5,,8.7,,11.9,117,155,,400,298.3,354 lb-ft,,157,,0.98,3547,,,,,,185.6,"caranddriver, caranddriver_lightning_lap"
Audi,DE,Rs7 Performance,2017,ICE,3.2,,7.3,,11.3,125,,,605,451.1,516 lb-ft,,160,,0.94,4487,,,,,,,caranddriver
Audi,DE,"S1 (8X, 2014, 231 PS)",2014,,,,,,,,,,,,,,,,,,521.0,2014,Horst von Saurma,,,,nurburgring
Audi,DE,S3,2015,,,,,,,,,,,,,,,,,,,,,,,191.3,caranddriver_lightning_lap
Audi,DE,S3,2017,ICE,4.6,,12,,13.3,104,155,,292,217.7,280 lb-ft,,153,,,3485,,,,,,,caranddriver
Audi,DE,"S3 (8L, 1999, 210 PS)",1999,,,,,,,,,,,,,,,,,,521.0,1999,Horst von Saurma,93.1,—N/a,,"nurburgring, top_gear"
Audi,DE,S4,2010,,,,,,,,,,,,,,,,,,,,,,,190.8,caranddriver_lightning_lap
Audi,DE,"S4 (B5, 1998, 265 PS)",1998,,,,,,,,,,,,,,,,,,522.0,1998,Horst von Saurma,,,,nurburgring
Audi,DE,S4 Avant (B6),2003,,,,,,,,,,,,,,,,,,509.0,2003,Horst von Saurma,,,,nurburgring
Audi,DE,S4 Avant Wagon,2017,ICE,4.5,,11.2,,13.1,,155,,354,264,369 lb-ft,,,,,4050,,,,,,,caranddriver
Audi,DE,S4 quattro 4.2,,,,,,,,,,,,,,,,,,,,,,90.9,"Series 02, Episode 02",,top_gear
Audi,DE,S5,2008,,,,,,,,,,,,,,,,,,506.0,2008,Horst von Saurma,,,194.6,"nurburgring, caranddriver_lightning_lap"
Audi,DE,S5 Cabriolet,2018,ICE,4.8,,12.4,,13.5,103,,,354,264,369 lb-ft,,158,,0.94,4187,,,,,,,caranddriver
Audi,DE,S5 Coupe Full,2018,ICE,4.3,,10.9,,12.9,107,,,354,264,369 lb-ft,,150,,0.94,3942,,,,,,,caranddriver
Audi,DE,S5 Sportback,2018,ICE,4.3,,10.9,,12.9,108,155,,354,264,369 lb-ft,,158,,0.95,4017,,,,,,,caranddriver
Audi,DE,S6,2013,,,,,,,,,,,,,,,,,,,,,,,189.8,caranddriver_lightning_lap
Audi,DE,S6,2017,ICE,3.9,,9.8,,12.4,113,,,450,335.6,406 lb-ft,,162,,0.92,4350,,,,,,,caranddriver
Audi,DE,S7,2017,ICE,3.9,,9.7,,12.4,113,,,450,335.6,406 lb-ft,,162,,0.97,4500,,,,,,,caranddriver
Audi,DE,S8 Plus,2017,,,,,,,,,,,,,,,,,,,,,,,183.6,caranddriver_lightning_lap
Audi,DE,Sq5,2018,ICE,5.1,,13,,13.7,102,155,,354,264,369 lb-ft,,148,,0.93,4429,,,,,,,caranddriver
Audi,DE,"TT 1.8 T (Mk1, 8N, 1998)",1998,,,,,,,,,,,,,,,,,,522.0,1998,Horst von Saurma,,,,nurburgring
Audi,DE,TT 3.2 quattro,,,,,,,,,,,,,,,,,,,,,,92.7,"Series 03, Episode 08",,top_gear
Audi,DE,"TT Coupe (Mk2, 8J, 2007 2.0 TFSI, 200 PS)",2007,,,,,,,,,,,,,,,,,,520.0,2007,Horst von Saurma,,,,nurburgring
Audi,DE,TT Mk.II 2.0T,,,,,,,,,,,,,,,,,,,,,,91.4,"Series 09, Episode 02",,top_gear
Audi,DE,TT RS,2012,,,,,,,,,,,,,,,,,,,,,,,184.8,caranddriver_lightning_lap
Audi,DE,TT RS,2018,,,,,,,,,,,,,,,,,,,,,,,178.5,caranddriver_lightning_lap
Audi,DE,"TT RS (8S, 2017, 2.5 T, 400 PS)",2017,,,,,,,,,,,,,,,,,,468.4,2017-05-17,Christian Gebhardt,84.9,—N/a,,"nurburgring, top_gear"
Audi,DE,"TT RS (Mk2, 8J, 2010, 2.5 T, 340 PS)",2010,,,,,,,,,,,,,,,,,,489,2010,Horst von Saurma,,,,nurburgring
Audi,DE,TT RS Test,2018,ICE,3.4,,8.6,,11.9,117,,,400,298.3,354 lb-ft,,154,,0.99,3270,,,,,,,caranddriver
Audi,DE,"TT S Coupe (Mk3, FV/8S, 2015, 2.0 T, 310 PS)",2015,,,,,,,,,,,,,,,,,,496.0,2015,Christian Gebhardt,,,,nurburgring
Audi,DE,TTS,2009,,,,,,,,,,,,,,,,,,,,,,,188.4,caranddriver_lightning_lap
Audi,DE,TTS,2016,,,,,,,,,,,,,,,,,,,,,,,187.7,caranddriver_lightning_lap
Audi,DE,"TTS Coupé (8J, 2008, 272 PS)",2008,,,,,,,,,,,,,,,,,,509.0,2008,Horst von Saurma,,,,nurburgring
Autodelta,IT,Alfa Romeo 147 GTA 3.7,,,,,,,,,,,,,,,,,,,,,,90.0,"Series 04, Episode 02",,top_gear
BAC,GB,Mono,,,,,,,,,,,,,,,,,,,,,,74.3,"Series 20, Episode 02",,top_gear
BMW,DE,1 Series M Coupe (damp),,,,,,,,,,,,,,,,,,,,,,85.0,"Series 17, Episode 01",,top_gear
BMW,DE,1 Series M Coupé (E82),2011,,,,,,,,,,,,,,,,,,495.0,2011,Horst von Saurma,,,,nurburgring
BMW,DE,1-series M,2011,,,,,,,,,,,,,,,,,,,,,,,186.6,caranddriver_lightning_lap
BMW,DE,130i (E87),,,,,,,,,,,,,,,,,,,,,,91.9,"Series 07, Episode 06",,top_gear
BMW,DE,135i,2008,,,,,,,,,,,,,,,,,,,,,,,193.7,caranddriver_lightning_lap
BMW,DE,230I Xdrive Coupe,2017,ICE,5.3,,13.9,,13.9,100,,,248,184.9,258 lb-ft,,152,,0.96,3571,,,,,,,caranddriver
BMW,DE,318i (E46),,,,,,,,,,,,,,,,,,,,,,103.2,"Series 01, Episode 04",,top_gear
BMW,DE,320 Turbo,,,,,,,,,,,,,,,,,,,465.44,1980-03-30,Hans-Joachim Stuck,,,,nurburgring
BMW,DE,325i (E93) (wet),,,,,,,,,,,,,,,,,,,,,,95.9,"Series 16, Episode 04",,top_gear
BMW,DE,330i (self-driving car with Jeremy Clarkson as the passenger),,,,,,,,,,,,,,,,,,,,,,88.9,"Series 10, Episode 08",,top_gear
BMW,DE,335i Coupe (E92),2006,,,,,,,,,,,,,,,,,,506.0,2006,Horst von Saurma,,,,nurburgring
BMW,DE,335i Sport Line,2012,,,,,,,,,,,,,,,,,,,,,,,193.2,caranddriver_lightning_lap
BMW,DE,335i coupe,2007,,,,,,,,,,,,,,,,,,,,,,,190.5,caranddriver_lightning_lap
BMW,DE,335is,2012,,,,,,,,,,,,,,,,,,,,,,,193.8,caranddriver_lightning_lap
BMW,DE,440I Rwd Coupe Automatic,2018,ICE,4.4,,10.8,,12.9,109,,,320,238.6,330 lb-ft,,166,,0.86,3710,,,,,,,caranddriver
BMW,DE,5-series Alpina B5 Biturbo,2018,ICE,3.5,,8.6,,11.9,,200,,600,447.4,590 lb-ft,,,,,4450,,,,,,,caranddriver
BMW,DE,5-series Wagon Euro-Spec,2018,ICE,5.4,,17.8,,14,,,,261,194.6,457 lb-ft,,,,,4400,,,,,,,caranddriver
BMW,DE,530E Plug In Hybrid,2018,Hybrid,5.8,,15.5,,14.5,,130,,,,,,,,,4300,,,,,,,caranddriver
BMW,DE,530E Xdrive Plug In Hybrid,2018,Hybrid,6.1,,15.5,,14.5,97,,,,,,,193,,0.88,4442,,,,,,,caranddriver
BMW,DE,530I Rwd,2017,ICE,6.1,,15.7,,14.7,97,,,248,184.9,258 lb-ft,,174,,0.84,3886,,,,,,,caranddriver
BMW,DE,530I Xdrive,2017,ICE,6.1,,15.6,,14.6,97,,,248,184.9,258 lb-ft,,180,,0.91,4013,,,,,,,caranddriver
BMW,DE,530d Euro-Spec Diesel,2017,ICE,4.9,,11.5,,13.4,,155,,261,194.6,457 lb-ft,,,,,4200,,,,,,,caranddriver
BMW,DE,530i First Drive &#8211;,2017,ICE,5.8,,15.8,,14.5,,130,,248,184.9,258 lb-ft,,,,,3800,,,,,,,caranddriver
BMW,DE,535d (E60),,,,,,,,,,,,,,,,,,,,,,91.8,"Series 06, Episode 10",,top_gear
BMW,DE,540I,2017,ICE,4.7,,11.1,,13.2,109,,,335,249.8,332 lb-ft,,168,,0.87,4071,,,,,,,caranddriver
BMW,DE,540i xDrive Test,2017,ICE,4.5,,11,,13.1,108,,,335,249.8,332 lb-ft,,169,,0.88,4171,,,,,,,caranddriver
BMW,DE,640i xDrive Gran Turismo,2018,ICE,4.9,,11.4,,13.5,,155,,335,249.8,332 lb-ft,,,,,4300,,,,,,,caranddriver
BMW,DE,645Ci,,,,,,,,,,,,,,,,,,,,,,88.5,"Series 04, Episode 05",,top_gear
BMW,DE,740E Xdrive Plug In Hybrid,2017,Hybrid,5.2,,12.8,,13.7,103,,,,,,,178,,0.86,4702,,,,,,,caranddriver
BMW,DE,740I,2016,ICE,4.8,,12.4,,13.4,105,,,320,238.6,330 lb-ft,,159,,0.86,4385,,,,,,,caranddriver
BMW,DE,760Li (wet),,,,,,,,,,,,,,,,,,,,,,91.2,"Series 14, Episode 01",,top_gear
BMW,DE,"Alpina B10 3.2 (E39, 1998, 260 PS)",,,,,,,,,,,,,,,,,,,530.0,1998,Horst von Saurma,,,,nurburgring
BMW,DE,"Alpina B3 (E46, 1999, 280 PS)",,,,,,,,,,,,,,,,,,,516.0,1999,Horst von Saurma,,,,nurburgring
BMW,DE,"Alpina B3 Biturbo (F30, 2014, 3.0 BT, 410 PS)",,,,,,,,,,,,,,,,,,,494.0,2014,Horst von Saurma,,,,nurburgring
BMW,DE,"Alpina B3 Biturbo Coupé (E92, 2008, 3.0 BT, 360 PS)",,,,,,,,,,,,,,,,,,,494.0,2008,Horst von Saurma,,,,nurburgring
BMW,DE,"Alpina B3 Coupe GT3 (E92, 2012, 3.0 T, 408 PS)",,,,,,,,,,,,,,,,,,,469.0,2012,Horst von Saurma,,,,nurburgring
BMW,DE,"Alpina B4 Gran Coupè (G26, 2023, 3.0 TT, 495 PS)",,,,,,,,,,,,,,,,,,,472.11,2023-01-12,Christian Gebhardt,,,,nurburgring
BMW,DE,"Alpina B4 S Biturbo Coupe (F32, 2018, 3.0 BT, 440 PS)",,,,,,,,,,,,,,,,,,,480.0,2017,Christian Gebhardt,,,,nurburgring
BMW,DE,Alpina B6 S (E63),,,,,,,,,,,,,,,,,,,490.0,2008,Horst von Saurma,,,,nurburgring
BMW,DE,Alpina B7 xDrive,2017,,,,,,,,,,,,,,,,,,,,,,,184.3,caranddriver_lightning_lap
BMW,DE,"Alpina Roadster S (E85, 2005, 300 PS)",,,,,,,,,,,,,,,,,,,495.0,2005,Horst von Saurma,,,,nurburgring
BMW,DE,F80 M3,,,,,,,,,,,,,,,,,,,,,,81.6,"Series 24, Episode 02",,top_gear
BMW,DE,I3 Ev,2017,Electric,6.6,,,,15.5,87,,,,,,,177,,0.77,2918,,,,,,,caranddriver
BMW,DE,I3 With Range Extender,2017,,7.2,,,,16,85,,,,,,,184,,0.77,3204,,,,,,,caranddriver
BMW,DE,M135i,2012,,,,,,,,,,,,,,,,,,498.0,2012,Horst von Saurma,85.1,"Series 21, Episode 05",,"top_gear, nurburgring"
BMW,DE,M2,2023,,,,,,,,,,,,,,,,,,478.0,2015-12,Jörg Weidinger,82.7,"Series 23, Episode 05",176.9,"top_gear, nurburgring, caranddriver_lightning_lap"
BMW,DE,M2 (F87),2015,,,,,,,,,,,,,,,,,,478,2015-12,Jörg Weidinger,,,,nurburgring
BMW,DE,"M2 (F87, 2016, 3.0 T, 370 PS)",2016,,,,,,,,,,,,,,,,,,481,2016,Christian Gebhardt,,,181.9,"nurburgring, caranddriver_lightning_lap"
BMW,DE,M2 CS,2025,,,,,,,,,,,,,,,,,,440.89,2025-04-11,Jörg Weidinger,,,,nurburgring
BMW,DE,"M2 CS (F87, 2020)",2020,,,,,,,,,,,,,,,,,,462.99,2020-08-12,Christian Gebhardt,,,,nurburgring
BMW,DE,M2 Competition,2019,,,,,,,,,,,,,,,,,,,,,,,179.7,caranddriver_lightning_lap
BMW,DE,M2 Competition (F87),2018,,,,,,,,,,,,,,,,,,472.36,2018-09-12,Christian Gebhardt,,,,nurburgring
BMW,DE,M235i,2014,,,,,,,,,,,,,,,,,,,,,,,187.2,caranddriver_lightning_lap
BMW,DE,"M235i (F22, 2015, 3.0 T, 322 PS)",2015,,,,,,,,,,,,,,,,,,496.0,2015,Christian Gebhardt,,,,nurburgring
BMW,DE,M240i,2017,,,,,,,,,,,,,,,,,,,,,,,188,caranddriver_lightning_lap
BMW,DE,"M240i xDrive (G42, 2022, 3.0 T, 374 PS)",2022,,,,,,,,,,,,,,,,,,478.59,2022,Christian Gebhardt,,,180.6,"nurburgring, caranddriver_lightning_lap"
BMW,DE,M3 (E30),2007,,,,,,,,,,,,,,,,,,530.0,2010,Horst von Saurma,85.3,"Series 12, Episode 05",,"nurburgring, top_gear"
BMW,DE,M3 (E30),2010,,,,,,,,,,,,,,,,,,530,2010,Horst von Saurma,,,,nurburgring
BMW,DE,M3 (E46),2000,,,,,,,,,,,,,,,,,,502,2000,Horst von Saurma,,,,nurburgring
BMW,DE,M3 CS,2024,,,,,,,,,,,,,,,,,,,,,,,170,caranddriver_lightning_lap
BMW,DE,"M3 CS (G80, 2023, 3.0 TT, 550 PS)",2023,,,,,,,,,,,,,,,,,,443.975,2023-08-31,Jörg Weidinger,,,,nurburgring
BMW,DE,M3 CSL (E46) (wet),2003,,,,,,,,,,,,,,,,,,470.0,2003,Horst von Saurma,88.0,"Series 03, Episode 02",,"top_gear, nurburgring"
BMW,DE,M3 CSL (E46) by Loaded,2007,,,,,,,,,,,,,,,,,,442.0,2007-11-11,Richard Göransson,,,,nurburgring
BMW,DE,"M3 Competition Touring (G81, 2023, 3.0 TT, 510 PS)",2023,,,,,,,,,,,,,,,,,,454.39,2023-10-19,Christian Gebhardt,,,,nurburgring
BMW,DE,M3 Competition xDrive,2022,,,,,,,,,,,,,,,,,,,,,,,173.5,caranddriver_lightning_lap
BMW,DE,M3 Competition xDrive,2023,ICE,2.8,,,,11.0,,,,,,,,,,,,,,,,,,acceleration
BMW,DE,"M3 Coupe SMG (E36, facelift, 1997, 321 PS)",1997,,,,,,,,,,,,,,,,,,515.0,1997,Horst von Saurma,,,,nurburgring
BMW,DE,M3 E46,,,,,,,,,,,,,,,,,,,,,,91.8,"Series 02, Episode 02",,top_gear
BMW,DE,M3 E92 Competition Pack (moist),,,,,,,,,,,,,,,,,,,,,,86.5,"Series 16, Episode 05",,top_gear
BMW,DE,"M3 GTS (E92, 2010)",2010,,,,,,,,,,,,,,,,,,468.0,2010,Horst von Saurma,,,,nurburgring
BMW,DE,M3 Touring,2022,,,,,,,,,,,,,,,,,,455.0,2022-05-12,Jörg Weidinger,,,,nurburgring
BMW,DE,M3 coupe,2008,,,,,,,,,,,,,,,,,,,,,,,185.6,caranddriver_lightning_lap
BMW,DE,M3 coupe,2009,,,,,,,,,,,,,,,,,,,,,,,185.4,caranddriver_lightning_lap
BMW,DE,M340i,2020,,,,,,,,,,,,,,,,,,,,,,,183.2,caranddriver_lightning_lap
BMW,DE,M4,2015,,,,,,,,,,,,,,,,,,,,,,,180.7,caranddriver_lightning_lap
BMW,DE,M4,2018,ICE,3.7,,8.5,,12,,155,,425,316.9,406 lb-ft,,,,,3600,,,,,,,caranddriver
BMW,DE,"M4 (F82, 2014, 431 PS)",2014,,,,,,,,,,,,,,,,,,472.0,2014,Horst von Saurma,,,,nurburgring
BMW,DE,"M4 CS (F82, 2017, 3.0 TT, 460 PS)",2017,,,,,,,,,,,,,,,,,,462,2017,Christian Gebhardt,,,,nurburgring
BMW,DE,"M4 CS (F82, 2017, 3.0 TT, 460 PS)",2024,,,,,,,,,,,,,,,,,,462.0,2017,Christian Gebhardt,,,,nurburgring
BMW,DE,"M4 CSL (G82, 2022)",2022,,,,,,,,,,,,,,,,,,435.68,2022-04-12,Jörg Weidinger,,,,nurburgring
BMW,DE,"M4 CSL (G82, 2022)",2023,,,,,,,,,,,,,,,,,,435.677,2022-04-12,Jörg Weidinger,,,167.5,"nurburgring, caranddriver_lightning_lap"
BMW,DE,"M4 Competition (G82, 2021, 3.0 TT, 510 PS)",2021,,,,,,,,,,,,,,,,,,450.79,2021-04-15,Christian Gebhardt,,,,nurburgring
BMW,DE,M4 Competition xDrive,2023,ICE,2.8,,,,11.0,,,,,,,,,,,,448.57,2021-09-22,Christian Gebhardt,,,,"acceleration, nurburgring"
BMW,DE,"M4 Competition xDrive (G82, 2022, 3.0 TT, 510 PS)",,,,,,,,,,,,,,,,,,,448.57,2021-09-22,Christian Gebhardt,,,,nurburgring
BMW,DE,"M4 Competition xDrive (G82, 2022, 3.0 TT, 510 PS)",2021,,,,,,,,,,,,,,,,,,448.57,2021-09-22,Christian Gebhardt,,,,nurburgring
BMW,DE,M4 Coupe Dct Competition Package,2016,ICE,3.8,,8.6,,12.1,119,,,444,331.1,406 lb-ft,,151,,0.99,3645,,,,,,,caranddriver
BMW,DE,"M4 GTS (F82, 2015)",2015,,,,,,,,,,,,,,,,,,447.88,2015-09,Jörg Weidinger,,,,nurburgring
BMW,DE,"M4 GTS (F82, 2016)",2016,,,,,,,,,,,,,,,,,,457,2016-10,Christian Gebhardt,,,172.9,"nurburgring, caranddriver_lightning_lap"
BMW,DE,M5,2013,,,,,,,,,,,,,,,,,,,,,,,185.2,caranddriver_lightning_lap
BMW,DE,M5 (E39),1999,,,,,,,,,,,,,,,,,,508,1999,Horst von Saurma,,,,nurburgring
BMW,DE,M5 (E39),2018,ICE,3.1,,7.1,,11.2,,155,,600,447.4,553 lb-ft,,,,,4350,508.0,1999,Horst von Saurma,86.2,"Series 06, Episode 09",175.2,"nurburgring, top_gear, caranddriver, caranddriver_lightning_lap"
BMW,DE,M5 (E60),2004,,,,,,,,,,,,,,,,,,493,2004,Horst von Saurma,,,,nurburgring
BMW,DE,M5 (F10),2012,,,,,,,,,,,,,,,,,,485,2012,Horst von Saurma,,,,nurburgring
BMW,DE,M5 (F90) by AC Schnitzer,2018,,,,,,,,,,,,,,,,,,449.5,2018-08-22,Jörg Müller,,,,nurburgring
BMW,DE,M5 CS,2020,ICE,2.6,2.9,,,10.6,,,,,,,,,,,,449.57,2021-06-02,Christian Gebhardt,,,,"acceleration, nurburgring"
BMW,DE,M5 CS,2022,,,,,,,,,,,,,,,,,,,,,,,170.3,caranddriver_lightning_lap
BMW,DE,"M5 CS (F90, 2021)",,,,,,,,,,,,,,,,,,,449.57,2021-06-02,Christian Gebhardt,,,,nurburgring
BMW,DE,"M5 CS (F90, 2021)",2021,,,,,,,,,,,,,,,,,,449.57,2021-06-02,Christian Gebhardt,,,,nurburgring
BMW,DE,M5 Competition,2018,ICE,2.9,,,,,,,,,,,,,,,,,,,,,,acceleration
BMW,DE,M5 Competition,2019,ICE,2.6,2.9,,,10.8,,,,,,,,,,,,474.0,2014,Horst von Saurma,,,174,"acceleration, nurburgring, caranddriver_lightning_lap"
BMW,DE,"M5 Competition (F10, 2014, 575 PS)",,,,,,,,,,,,,,,,,,,474.0,2014,Horst von Saurma,,,,nurburgring
BMW,DE,"M5 Competition (F10, 2014, 575 PS)",2014,,,,,,,,,,,,,,,,,,474,2014,Horst von Saurma,,,,nurburgring
BMW,DE,M5 E39,,,,,,,,,,,,,,,,,,,,,,87.0,"Series 01, Episode 08",,top_gear
BMW,DE,M550I Xdrive,2018,ICE,3.8,,9.2,,12.3,115,155,,456,340,480 lb-ft,,151,,0.94,4414,,,,,,,caranddriver
BMW,DE,M6,2006,,,,,,,,,,,,,,,,,,,,,,,190,caranddriver_lightning_lap
BMW,DE,M6,2013,,,,,,,,,,,,,,,,,,,,,,,184.7,caranddriver_lightning_lap
BMW,DE,"M6 Cabrio (E64, 2007, 507 PS)",2007,,,,,,,,,,,,,,,,,,496.52,2007-05,Wolfgang Kaufmann,,,,nurburgring
BMW,DE,"M6 Coupe (E63, 2005, 507 PS)",2005,,,,,,,,,,,,,,,,,,489,2005,Horst von Saurma,,,,nurburgring
BMW,DE,"M6 Coupe (E63, 2005, 507 PS)",2006,,,,,,,,,,,,,,,,,,489.0,2005,Horst von Saurma,,,,nurburgring
BMW,DE,M760I Xdrive,2017,ICE,3.5,,7.9,,11.7,123,155,,601,448.2,590 lb-ft,,151,,0.94,5101,,,,,,187.6,"caranddriver, caranddriver_lightning_lap"
BMW,DE,M8 Competition,2019,ICE,2.5,3.0,,,10.7,,,,,,,,,,,,,,,86.2,"Series 28, Episode 06",,"acceleration, top_gear"
BMW,DE,M8 Competition,2020,,,,,,,,,,,,,,,,,,,,,,,175.5,caranddriver_lightning_lap
BMW,DE,M8 Competition (very wet),,,,,,,,,,,,,,,,,,,,,,86.2,"Series 28, Episode 06",,top_gear
BMW,DE,M8 Competition Gran Coupe,2020,ICE,2.7,,,,,,,,,,,,,,,,,,,,,,acceleration
BMW,DE,"M8 Coupe Competition (F92, 2020, 625 PS)",2020,,,,,,,,,,,,,,,,,,452.79,2020-06-09,Christian Gebhardt,,,,nurburgring
BMW,DE,X3,2018,,4.4,,11.2,,13,,130,,,,,,,,,4200,,,,,,,caranddriver
BMW,DE,X4 M40I,2017,ICE,4.4,,11.8,,13.1,105,,,355,264.7,343 lb-ft,,156,,0.95,4272,,,,,,,caranddriver
BMW,DE,X4M Competition,2022,,,,,,,,,,,,,,,,,,,,,,,182.9,caranddriver_lightning_lap
BMW,DE,X5 (E53) LM,2000,,,,,,,,,,,,,,,,,,470.0,2000,Hans-Joachim Stuck,,,,nurburgring
BMW,DE,X5 M,2012,,,,,,,,,,,,,,,,,,,,,,,191.1,caranddriver_lightning_lap
BMW,DE,X5 M,2017,ICE,3.8,,9.2,,12.2,114,,,567,422.8,553 lb-ft,,153,,0.98,5303,,,,,,,caranddriver
BMW,DE,X5 M (E70) (wet),,,,,,,,,,,,,,,,,,,,,,88.2,"Series 14, Episode 04",,top_gear
BMW,DE,X5 M Competition,2024,,,,,,,,,,,,,,,,,,,,,,,178.1,caranddriver_lightning_lap
BMW,DE,X5M Competition,2021,,,,,,,,,,,,,,,,,,,,,,,180.5,caranddriver_lightning_lap
BMW,DE,X6 M,2017,ICE,3.8,,9.2,,12.3,114,,,567,422.8,553 lb-ft,,153,,0.98,5190,,,,,,,caranddriver
BMW,DE,"X6 M (E71, 2009, 555 PS)",2009,,,,,,,,,,,,,,,,,,504.0,2009,Horst von Saurma,,,,nurburgring
BMW,DE,"Z3 Coupe 3.0 (E36/8, 2001, 231 PS)",2001,,,,,,,,,,,,,,,,,,514.0,2001,Horst von Saurma,,,,nurburgring
BMW,DE,"Z3 M Coupe (E36/8, 1998, 321 PS)",1998,,,,,,,,,,,,,,,,,,502.0,1998,Horst von Saurma,,,,nurburgring
BMW,DE,Z3 M Roadster (E36/7),1997,,,,,,,,,,,,,,,,,,512.0,1997,Horst von Saurma,,,,nurburgring
BMW,DE,Z4 3.0i (very wet) (E85),,,,,,,,,,,,,,,,,,,,,,97.3,"Series 03, Episode 02",,top_gear
BMW,DE,"Z4 Coupe 3.0si (E86, facelift, 2006, 265 PS)",2006,,,,,,,,,,,,,,,,,,512.0,2006,Horst von Saurma,,,,nurburgring
BMW,DE,Z4 GT3,,,,,,,,,,,,,,,,,,,479.045,2014-08-02,Jens Klingmann,,,,nurburgring
BMW,DE,Z4 M Coupe Prototype,2006,,,,,,,,,,,,,,,,,,495.0,2006,,,,,nurburgring
BMW,DE,Z4 M Roadster (E85),,,,,,,,,,,,,,,,,,,,,,86.0,"Series 08, Episode 04",,top_gear
BMW,DE,Z4 M Roadster Prototype,2006,,,,,,,,,,,,,,,,,,498.0,2006,,,,,nurburgring
BMW,DE,Z4 M coupe,2007,,,,,,,,,,,,,,,,,,,,,,,191.7,caranddriver_lightning_lap
BMW,DE,Z4 M40i (G29),2018,,,,,,,,,,,,,,,,,,475.409,2018-09-12,Christian Gebhardt,,,,nurburgring
BMW,DE,"Z4 Roadster 3.0i SMG (E85, pre-facelift, 2003, 231 PS)",2003,,,,,,,,,,,,,,,,,,512.0,2003,Horst von Saurma,,,,nurburgring
BMW,DE,Z4 sDrive35i (E89),,,,,,,,,,,,,,,,,,,,,,88.2,"Series 13, Episode 06",,top_gear
BMW,DE,Z4 sDrive35is,2012,,,,,,,,,,,,,,,,,,,,,,,190.4,caranddriver_lightning_lap
BMW,DE,"Z8 (E52, 2000, 400 PS)",2000,,,,,,,,,,,,,,,,,,498.0,2000,Horst von Saurma,,,,nurburgring
BMW,DE,i3s,2018,,6.3,,,,15.2,,99,,,,,,,,,3000,,,,,,,caranddriver
BMW,DE,i4 M50,2022,,,,,,,,,,,,,,,,,,,,,,,184.7,caranddriver_lightning_lap
BMW,DE,i8 by AC Schnitzer,2017,,,,,,,,,,,,,,,,,,499.8,2017,Markus Oestreich,,,,nurburgring
Bentley,GB,Arnage T (wet),,,,,,,,,,,,,,,,,,,,,,100.8,"Series 01, Episode 05",,top_gear
Bentley,GB,Bentayga Diesel,2018,ICE,4.2,,9.5,,12.6,,168,,429,319.9,664 lb-ft,,,,,5800,,,,,,,caranddriver
Bentley,GB,Bentayga Retest,2017,ICE,3.6,,8.9,,12,117,,,600,447.4,664 lb-ft,,176,,0.85,5781,,,,,,,caranddriver
Bentley,GB,"Continental GT (Mk1, 2006, 560 PS)",2006,,,,,,,,,,,,,,,,,,520.3,2006-03,Tom Kristensen,,,,nurburgring
Bentley,GB,Continental GT Speed,2022,,,,,,,,,,,,,,,,,,,,,,,176.2,caranddriver_lightning_lap
Bentley,GB,Continental GT Speed,2025,,,,,,,,,,,,,,,,,,,,,,,180.7,caranddriver_lightning_lap
Bentley,GB,Continental GT Supersports,,,,,,,,,,,,,,,,,,,,,,84.9,"Series 15, Episode 01",,top_gear
Bentley,GB,Continental Supersports,2018,ICE,3.4,,7.3,,11.6,,205,,700,522,750 lb-ft,,,,,5050,,,,,,,caranddriver
Bentley,GB,Flying Spur V8 S,2017,ICE,4.3,,10.5,,12.8,111,,,521,388.5,502 lb-ft,,167,,0.83,5509,,,,,,,caranddriver
Bentley,GB,Meteor 'Spitfire engine in a car',,,,,,,,,,,,,,,,,,,,,,110.3,"Series 18, Episode 06",,top_gear
Bentley,GB,Mulsanne Speed (very wet),,,,,,,,,,,,,,,,,,,,,,102.4,Extra Gear,,top_gear
Benz,DE,82/200 HP (de),1912,,,,,,,,,,197.0,147.0,,,,,,,,,,,,,power_output
Benz,DE,Patent-Motorwagen,1886,,,,,,,,,,7.0,6.0,,,,,,,,,,,,,power_output
Benz,DE,Velo,1894,,,,,,,,12.0,20.0,5.0,1.0,,"1,045 cc (63.8 cu in) single-cylinder 1.1 kW (1.5 PS; 1.5 bhp)",,,,,,,,,,,"power_output, speed_records"
Bowler,GB,Wildcat,,,,,,,,,,,,,,,,,,,,,,99.4,"Series 02, Episode 01",,top_gear
Brabham,GB,BT26A-Ford,,,,,,,,,,,,,,,,,,,462.1,1969-08-03,Jacky Ickx,,,,nurburgring
Brabus,DE,S Biturbo Roadster,,,,,,,,,,,,,,,,,,,,,,86.2,"Series 09, Episode 04",,top_gear
Brutus,DE,,,,,,,,,,,,,,,,,,,,,,,122.5,"Series 18, Episode 06",,top_gear
Bugatti,FR,Chiron,2017,ICE,2.3,,4.8,,9.4,,261,,1500,1118.5,1180 lb-ft,,,,,4400,,,,,,,caranddriver
Bugatti,FR,Chiron Sport,2017,ICE,2.4,,,,9.4,,,,,,,,,,,,,,,,,,acceleration
Bugatti,FR,Chiron Super Sport,2021,ICE,2.2,,,,9.1,,,,,,,,,,,,,,,,,,acceleration
Bugatti,FR,Chiron Super Sport 300+,2019,,,,,,,,304.773,490.484,1578.0,1176.0,,"7,993 cc (487.8 cu in) quad-turbocharged W16 1,177 kW (1,600 PS; 1,578 hp)",,,,,,,,,,,"power_output, speed_records"
Bugatti,FR,Chiron Super Sport 300+,2021,,,,,,,,,,1578,1176,,,,,,,,,,,,,power_output
Bugatti,FR,Chiron Super Sport 300+/Centodieci,2021,ICE,,,,,,,,,1578.0,1177.0,,,,,,,,,,,,,power_output
Bugatti,FR,Chiron/Bugatti Divo,2016,ICE,,,,,,,,,1479.0,1103.0,,,,,,,,,,,,,power_output
Bugatti,FR,EB110,1991,,,,,,,,,,553.0,412.0,,,,,,,,,,,,,power_output
Bugatti,FR,EB110 SS,1993,,,,,,,,,,,,,,,,,,464.0,1993,Loris Bicocchi,,,,nurburgring
Bugatti,FR,Type 41,1927,,,,,,,,,,296.0,221.0,,,,,,,,,,,,,power_output
Bugatti,FR,Veyron,2005,ICE,2.4,2.84,,,10.1,,,,987.0,736.0,,,,,,,,,,,,,"acceleration, power_output"
Bugatti,FR,Veyron 16.4,2005,,,,,,,,,,,,,,,,,,460.0,2005,,78.3,"Series 12, Episode 04",,"nurburgring, top_gear"
Bugatti,FR,Veyron 16.4 Super Sport,2010,,,,,,,,267.856,431.072,,,,"7,993 cc (487.8 cu in) quad-turbocharged W16 882 kW (1,200 PS; 1,183 hp)",,,,,,,,,,,speed_records
Bugatti,FR,Veyron EB 16.4,2005,,,,,,,,253.81,408.47,,,,"7,993 cc (487.8 cu in) quad-turbocharged W16 736 kW (1,001 PS; 987 hp)",,,,,,,,,,,speed_records
Bugatti,FR,Veyron Super Sport,2010,ICE,9.9,2.7,,,9.9,,,,,,,,,,,,,,,76.8,"Series 15, Episode 05",,"acceleration, top_gear"
Bugatti,FR,Veyron Super Sport/Grand Sport Vitesse,2010,ICE,,,,,,,,,1183.0,882.0,,,,,,,,,,,,,power_output
Buick,US,Enclave,2018,ICE,6.6,,17.7,,15.2,94,,,310,231.2,266 lb-ft,,,,,4604,,,,,,,caranddriver
Buick,US,Encore Awd,2017,ICE,8.4,,27.7,,16.6,83,,,153,114.1,177 lb-ft,,166,,,3382,,,,,,,caranddriver
Buick,US,Lacrosse Eassist Hybrid,2018,Hybrid,7.8,,22.4,,16.3,86,,,,,,,170,,0.84,3578,,,,,,,caranddriver
Buick,US,Regal Sportback,2018,ICE,6.2,,17.3,,14.7,,130,,,,,,,,,3550,,,,,,,caranddriver
C8,US,Corvette Z06 (2024),,,,,,,,,,,,,,,,,,,430.52,2024-12-11,Christian Gebhardt,,,,nurburgring
Cadillac,US,ATS-V,2016,,,,,,,,,,,,,,,,,,,,,,,179.8,caranddriver_lightning_lap
Cadillac,US,ATS-V Coupe,2016,,,,,,,,,,,,,,,,,,,,,,,179.2,caranddriver_lightning_lap
Cadillac,US,Ats Sedan V 6,2017,ICE,5.6,,14.2,,14.2,100,,,335,249.8,285 lb-ft,,156,,0.9,3662,,,,,,,caranddriver
Cadillac,US,CT4-V,2020,,,,,,,,,,,,,,,,,,,,,,,186.2,caranddriver_lightning_lap
Cadillac,US,CT4-V Blackwing,2022,,,,,,,,,,,,,,,,,,,,,,,175.6,caranddriver_lightning_lap
Cadillac,US,CT4-V Blackwing,2023,,,,,,,,,,,,,,,,,,,,,,,174.6,caranddriver_lightning_lap
Cadillac,US,CT5-V,2020,,,,,,,,,,,,,,,,,,,,,,,184.1,caranddriver_lightning_lap
Cadillac,US,CT5-V Blackwing,2022,,,,,,,,,,,,,,,,,,,,,,,169.4,caranddriver_lightning_lap
Cadillac,US,CT5-V Blackwing with Precision Package,2025,,,,,,,,,,,,,,,,,,,,,,,167.9,caranddriver_lightning_lap
Cadillac,US,CTS Vsport,2014,,,,,,,,,,,,,,,,,,,,,,,186.8,caranddriver_lightning_lap
Cadillac,US,CTS-V,2009,,,,,,,,,,,,,,,,,,,,,,,184,caranddriver_lightning_lap
Cadillac,US,CTS-V,2016,,,,,,,,,,,,,,,,,,,,,,,176.8,caranddriver_lightning_lap
Cadillac,US,CTS-V (2009),2008,,,,,,,,,,,,,,,,,,479.32,2008-05-09,John Heinricy,,,,nurburgring
Cadillac,US,CTS-V First Generation (very wet),,,,,,,,,,,,,,,,,,,,,,93.4,"Series 06, Episode 04",,top_gear
Cadillac,US,CTS-V coupe,2011,,,,,,,,,,,,,,,,,,,,,,,184.2,caranddriver_lightning_lap
Cadillac,US,Ct6,2017,,4.7,,11.8,,13.2,106,,,,,,,157,,0.84,3800,,,,,,,caranddriver
Cadillac,US,Ct6 Plug In Hybrid,2017,Hybrid,5.2,,13.2,,13.8,102,,,,,,,177,,0.84,4498,,,,,,,caranddriver
Cadillac,US,Cts 36L Rwd,2017,ICE,5.7,,13.9,,14.2,101,,,335,249.8,285 lb-ft,,153,,0.94,3795,,,,,,,caranddriver
Cadillac,US,Cts V Sport,2017,ICE,4.5,,10.3,,12.9,112,,,420,313.2,430 lb-ft,,157,,0.93,4025,,,,,,,caranddriver
Cadillac,US,Escalade,2017,ICE,5.8,,14.8,,14.3,98,,,420,313.2,460 lb-ft,,202,,0.73,5600,,,,,,,caranddriver
Callaway,US,C12 Coupe,1999,,,,,,,,,,,,,,,,,,505.0,1999,Horst von Saurma,,,,nurburgring
Caterham,GB,7 160 (wet),,,,,,,,,,,,,,,,,,,,,,105.5,"Series 21, Episode 04",,top_gear
Caterham,GB,R400,,,,,,,,,,,,,,,,,,,,,,85.0,"Series 02, Episode 06",,top_gear
Caterham,GB,R500 Superlight,2000,,,,,,,,,,,,,,,,,,475.0,2000,Robert Nearn,,,,nurburgring
Caterham,GB,Seven 620R (wet),,,,,,,,,,,,,,,,,,,,,,82.3,"Series 21, Episode 04",,top_gear
Caterham,GB,Seven Superlight R500 (cold),,,,,,,,,,,,,,,,,,,,,,77.9,"Series 12, Episode 06",,top_gear
Chery,CN,Riich G5 2.0T,,,,,,,,,,,,,,,,,,,536.81,2009-10-13,Dirk Schoysman,,,,nurburgring
Chevrolet,US,Camaro 1LE,2017,,,,,,,,,,,,,,,,,,,,,,,184,caranddriver_lightning_lap
Chevrolet,US,Camaro SS,2010,,,,,,,,,,,,,,,,,,,,,,,189.5,caranddriver_lightning_lap
Chevrolet,US,Camaro SS (2010),2008,,,,,,,,,,,,,,,,,,500.0,2008,,87.9,"Series 15, Episode 03",,"nurburgring, top_gear"
Chevrolet,US,Camaro SS 1LE,2013,,,,,,,,,,,,,,,,,,,,,,,181.5,caranddriver_lightning_lap
Chevrolet,US,Camaro SS 1LE,2017,,,,,,,,,,,,,,,,,,,,,,,174.8,caranddriver_lightning_lap
Chevrolet,US,Camaro Ss,2016,ICE,4,,8.8,,12.3,118,,,455,339.3,455 lb-ft,,149,,0.98,3718,,,,,,,caranddriver
Chevrolet,US,Camaro Turbo 1LE,2019,,,,,,,,,,,,,,,,,,,,,,,185.6,caranddriver_lightning_lap
Chevrolet,US,Camaro V-6 1LE First Drive &#8211;,2017,ICE,5.1,,13,,13.7,,151,,335,249.8,284 lb-ft,,,,,3500,,,,,,,caranddriver
Chevrolet,US,Camaro V-6 1LE Manual Full Test,2017,ICE,5.2,,13.4,,13.8,101,,,335,249.8,284 lb-ft,,146,,0.98,3532,,,,,,,caranddriver
Chevrolet,US,Camaro Z/28,2015,,,,,,,,,,,,,,,,,,,,,,,170.9,caranddriver_lightning_lap
Chevrolet,US,Camaro Z/28 (2014),2013,,,,,,,,,,,,,,,,,,457.4,2013-10,Adam Dean,,,,nurburgring
Chevrolet,US,Camaro ZL1,2013,,,,,,,,,,,,,,,,,,,,,,,177.5,caranddriver_lightning_lap
Chevrolet,US,Camaro ZL1 (2012),2011,,,,,,,,,,,,,,,,,,461.27,2011-10,Aaron Link,,,,nurburgring
Chevrolet,US,Camaro ZL1 (2017),2016,,,,,,,,,,,,,,,,,,449.6,2016-10-24,Drew Cattell,,,,nurburgring
Chevrolet,US,Camaro ZL1 1LE,2019,,,,,,,,,,,,,,,,,,,,,,,165,caranddriver_lightning_lap
Chevrolet,US,Camaro ZL1 1LE (2018),2017,,,,,,,,,,,,,,,,,,436.04,2017,Bill Wise,,,,nurburgring
Chevrolet,US,Camaro ZL1 First Drive &#8211;,2017,ICE,3.5,,7.3,,11.4,,195,,650,484.7,650 lb-ft,,,,,3900,,,,,,,caranddriver
Chevrolet,US,Camaro ZL1 Manual Test,2017,ICE,3.7,,8.2,,12,122,,,650,484.7,650 lb-ft,,141,,1.07,3904,,,,,,,caranddriver
Chevrolet,US,Camaro Zl1,2017,ICE,3.4,,7.4,,11.5,125,,,650,484.7,650 lb-ft,,143,,1.04,3933,,,,,,170.1,"caranddriver, caranddriver_lightning_lap"
Chevrolet,US,Camaro Zl1 1Le,2018,ICE,3.5,,7.9,,11.7,124,190,,650,484.7,650 lb-ft,,141,,1.18,3842,,,,,,165.7,"caranddriver, caranddriver_lightning_lap"
Chevrolet,US,Camaro Zl1 Convertible,2017,ICE,3.6,,7.6,,11.7,,195,,650,484.7,650 lb-ft,,,,,4100,,,,,,,caranddriver
Chevrolet,US,Caprice Police Patrol Vehicle,2013,,,,,,,,,,,,,,,,,,,,,,,203,caranddriver_lightning_lap
Chevrolet,US,Cobalt SS,2008,,,,,,,,,,,,,,,,,,,,,,,193,caranddriver_lightning_lap
Chevrolet,US,Cobalt SS Supercharged,2006,,,,,,,,,,,,,,,,,,,,,,,200.6,caranddriver_lightning_lap
Chevrolet,US,Cobalt SS Turbo,2007,,,,,,,,,,,,,,,,,,542.0,2007-10,John Heinricy,,,,nurburgring
Chevrolet,US,Cobalt SS/TC (2007),2007,,,,,,,,,,,,,,,,,,502.85,2007,,,,,nurburgring
Chevrolet,US,Colorado ZR2 Crew Cab V-6 Test,2017,ICE,7.1,,22.9,,15.6,90,,,308,229.7,275 lb-ft,,199,,0.69,4749,,,,,,,caranddriver
Chevrolet,US,Colorado ZR2 Diesel Test,2017,ICE,9.1,,,,16.9,80,,,181,135,369 lb-ft,,197,,0.68,4975,,,,,,,caranddriver
Chevrolet,US,Colorado Zr2,2017,,6.5,,,,15.4,,100,,,,,,,,,4700,,,,,,,caranddriver
Chevrolet,US,"Corvette (C6, 2005, 6.0, 404 PS)",2005,,,,,,,,,,,,,,,,,,495,2005,Horst von Saurma,,,,nurburgring
Chevrolet,US,"Corvette (C6, 2005, N/A 6.0, 404 PS)",2019,,,,,,,,,,,,,,,,,,495.0,2005,Horst von Saurma,,,,nurburgring
Chevrolet,US,Corvette (C7) Z06,2016,ICE,,,,,10.9,,,,,,,,,,,,431.826,2025-06,Aaron Link,,,,"acceleration, nurburgring"
Chevrolet,US,Corvette (C7) ZR1,2019,ICE,,,,,10.8,,,,,,,,,,,,410.763,2025-06,Brian Wallace,,,159.5,"acceleration, nurburgring, caranddriver_lightning_lap"
Chevrolet,US,Corvette (C8) E-Ray,2024,Hybrid,2.5,,,,10.6,,,,,,,,,,,,,,,,,165.9,"acceleration, caranddriver_lightning_lap"
Chevrolet,US,Corvette (C8) Stingray Z51,2020,ICE,2.8,2.9,,,,,,,,,,,,,,,,,,,,169,"acceleration, caranddriver_lightning_lap"
Chevrolet,US,Corvette (C8) Z06,2023,ICE,2.6,,,,10.5,,,,,,,,,,,,,,,,,158.6,"acceleration, caranddriver_lightning_lap"
Chevrolet,US,Corvette (C8) ZR1,2025,ICE,2.2,,,,9.5,,,,1064.0,793.0,,,,,,,410.76,2025-06,Brian Wallace,,,,"acceleration, power_output, nurburgring"
Chevrolet,US,Corvette C5,1997,,,,,,,,,,,,,,,,,,520.0,1997,Horst von Saurma,,,,nurburgring
Chevrolet,US,"Corvette C5 Commemorative Edition (2003, 344 PS)",2003,,,,,,,,,,,,,,,,,,498.0,2003,Horst von Saurma,,,,nurburgring
Chevrolet,US,Corvette C6 LS2,,,,,,,,,,,,,,,,,,,,,,86.8,"Series 04, Episode 10",,top_gear
Chevrolet,US,Corvette C6 Z06 (2012),2011,,,,,,,,,,,,,,,,,,442.68,2011-06-23,Jim Mero,82.4,"Series 08, Episode 02",,"nurburgring, top_gear"
Chevrolet,US,Corvette C6 ZR1,2009,,,,,,,,,,,,,,,,,,458,2009-10,Horst von Saurma,,,,nurburgring
Chevrolet,US,Corvette C6 ZR1 (2009),2008,,,,,,,,,,,,,,,,,,446.4,2008-06-27,Jim Mero,,,,nurburgring
Chevrolet,US,Corvette C6 ZR1 (2012),2011,,,,,,,,,,,,,,,,,,439.63,2011-06-09,Jim Mero,80.4,"Series 14, Episode 02",,"nurburgring, top_gear"
Chevrolet,US,Corvette C7 Stingray (written as Corvette S'ray),,,,,,,,,,,,,,,,,,,,,,79.8,"Series 22, Episode 05",,top_gear
Chevrolet,US,Corvette C8 Stingray (damp),,,,,,,,,,,,,,,,,,,,,,81.7,"Series 31, Episode 03",,top_gear
Chevrolet,US,Corvette Grand Sport,2010,,,,,,,,,,,,,,,,,,,,,,,178.8,caranddriver_lightning_lap
Chevrolet,US,Corvette Grand Sport,2017,,,,,,,,,,,,,,,,,,,,,,,167.1,caranddriver_lightning_lap
Chevrolet,US,Corvette Grand Sport Manual &#8211;,2017,ICE,3.9,,8.9,,12.3,117,,,460,343,465 lb-ft,,136,,1.13,3463,,,,,,,caranddriver
Chevrolet,US,Corvette Stingray,2014,,,,,,,,,,,,,,,,,,,,,,,173.8,caranddriver_lightning_lap
Chevrolet,US,Corvette Z06,2006,,,,,,,,,,,,,,,,,,,,,,,181.1,caranddriver_lightning_lap
Chevrolet,US,Corvette Z06,2011,,,,,,,,,,,,,,,,,,,,,,,173.5,caranddriver_lightning_lap
Chevrolet,US,Corvette Z06,2015,,,,,,,,,,,,,,,,,,,,,,,164.6,caranddriver_lightning_lap
Chevrolet,US,Corvette Z06 (2025),,,,,,,,,,,,,,,,,,,431.826,2025-06,Aaron Link,,,,nurburgring
Chevrolet,US,Corvette Z06 (2025),2025,,,,,,,,,,,,,,,,,,431.83,2025-06,Aaron Link,,,,nurburgring
Chevrolet,US,"Corvette Z06 (C6, 2007, 7.0, 512 PS)",2007,,,,,,,,,,,,,,,,,,469,2007-06-22,Horst von Saurma,,,178.2,"nurburgring, caranddriver_lightning_lap"
Chevrolet,US,Corvette Z06 (C7),2017,,,,,,,,,,,,,,,,,,433.9,2017-04-24,Christian Gebhardt,,,,nurburgring
Chevrolet,US,Corvette Z51,2006,,,,,,,,,,,,,,,,,,,,,,,189.3,caranddriver_lightning_lap
Chevrolet,US,Corvette Z51,2007,,,,,,,,,,,,,,,,,,,,,,,183.6,caranddriver_lightning_lap
Chevrolet,US,Corvette Z51,2008,,,,,,,,,,,,,,,,,,,,,,,181.2,caranddriver_lightning_lap
Chevrolet,US,Corvette ZR1,,,,,,,,,,,,,,,,,,,410.763,2025-06,Brian Wallace,,,,nurburgring
Chevrolet,US,Corvette ZR1,2009,,,,,,,,,,,,,,,,,,,,,,,171.8,caranddriver_lightning_lap
Chevrolet,US,Corvette ZR1,2012,,,,,,,,,,,,,,,,,,,,,,,170.7,caranddriver_lightning_lap
Chevrolet,US,Corvette ZR1 Prototype Ride,2019,ICE,2.9,,6.6,,10.9,,211,,755,563,715 lb-ft,,,,,3600,,,,,,,caranddriver
Chevrolet,US,Corvette ZR1X,2025,,,,,,,,,,,,,,,,,,409.275,2025-06,Drew Cattell,,,,nurburgring
Chevrolet,US,Cruze,2017,ICE,7.6,,21.6,,15.9,89,,,153,114.1,177 lb-ft,,168,,0.82,2850,,,,,,,caranddriver
Chevrolet,US,Cruze Diesel,2017,ICE,8,,24,,16.4,,130,,137,102.2,240 lb-ft,,,,,3100,,,,,,,caranddriver
Chevrolet,US,Cruze Diesel Hatchback Manual,2018,ICE,8.2,,25.7,,16.5,84,,,137,102.2,240 lb-ft,,165,,0.9,3104,,,,,,,caranddriver
Chevrolet,US,Cruze Hatchback Automatic,2017,ICE,7.7,,23.3,,16,87,,,153,114.1,177 lb-ft,,161,,0.87,2959,,,,,,,caranddriver
Chevrolet,US,Cruze Hatchback Manual,2017,ICE,8.3,,23,,16.4,88,,,153,114.1,177 lb-ft,,171,,0.85,2881,,,,,,,caranddriver
Chevrolet,US,Cruze Sedan Diesel Automatic,2017,ICE,8,,23.9,,16.3,85,,,137,102.2,240 lb-ft,,167,,0.84,3123,,,,,,,caranddriver
Chevrolet,US,Equinox,2018,,6.3,,15.7,,14.9,,115,,,,,,,,,3350,,,,,,,caranddriver
Chevrolet,US,Equinox 20T,2018,ICE,6.5,,17.1,,15,,130,,252,187.9,260 lb-ft,,,,,3700,,,,,,,caranddriver
Chevrolet,US,Equinox 20T Awd,2018,ICE,6.6,,17.1,,15.1,94,,,252,187.9,260 lb-ft,,167,,0.85,3778,,,,,,,caranddriver
Chevrolet,US,Equinox Awd,2018,ICE,8.9,,26.8,,16.9,83,,,170,126.8,203 lb-ft,,161,,0.86,3646,,,,,,,caranddriver
Chevrolet,US,Equinox Diesel,2018,ICE,10.5,,27.6,,17.2,,115,,137,102.2,240 lb-ft,,,,,3750,,,,,,,caranddriver
Chevrolet,US,Equinox Diesel Awd,2018,ICE,9.4,,30.8,,17.2,80,,,137,102.2,240 lb-ft,,182,,0.77,3769,,,,,,,caranddriver
Chevrolet,US,Impala,2017,,6,,15.5,,14.8,97,,,,,,,178,,0.82,3700,,,,,,,caranddriver
Chevrolet,US,Silverado 2500Hd 4X4 Diesel,2017,ICE,6.2,,,,14.8,93,,,445,331.8,910 lb-ft,,208,,,7780,,,,,,,caranddriver
Chevrolet,US,Silverado 3500Hd Diesel 4X4,2017,ICE,6.6,,,,15.1,91,,,445,331.8,910 lb-ft,,199,,0.68,8440,,,,,,,caranddriver
Chevrolet,US,Ss Manual,2017,ICE,4.5,,10.8,,13,111,,,415,309.5,415 lb-ft,,156,,0.96,3985,,,,,,,caranddriver
Chevrolet,US,Tahoe Z71 4Wd,2017,ICE,7,,19.6,,15.5,91,,,355,264.7,383 lb-ft,,209,,0.72,5731,,,,,,,caranddriver
Chevrolet,US,Traverse,2018,ICE,6.5,,17.3,,15.1,94,115,,310,231.2,266 lb-ft,,176,,0.83,4680,,,,,,,caranddriver
Chevrolet,US,Traverse V 6 Fwd,2018,ICE,6.3,,16.6,,14.9,95,,,310,231.2,266 lb-ft,,170,,0.82,4443,,,,,,,caranddriver
Chevrolet,US,Trax Fwd Tested Reviews,2017,ICE,9.3,,33.6,,17.1,81,115,,138,102.9,148 lb-ft,,164,,0.83,3151,,,,,,,caranddriver
Chrysler,US,300S V 6 Rwd,2017,ICE,6.3,,16.1,,15,96,,,300,223.7,264 lb-ft,,175,,0.88,4089,,,,,,,caranddriver
Chrysler,US,Pacifica,2017,ICE,7.3,,20.4,,15.6,90,,,287,214,262 lb-ft,,164,,0.87,4515,,,,,,,caranddriver
Chrysler,US,Pacifica Hybrid Test,2017,Hybrid,7.8,,19.7,,16.1,90,,,,,,,178,,0.82,5125,,,,,,,caranddriver
Chrysler,US,Viper GTS,1997,,,,,,,,,,,,,,,,,,490.0,1997,Horst von Saurma,,,,nurburgring
Citroën,FR,C4 VTS,,,,,,,,,,,,,,,,,,,,,,95.8,"Series 05, Episode 06",,top_gear
Clio,FR,Renault Sport 182,,,,,,,,,,,,,,,,,,,,,,93.8,"Series 04, Episode 06",,top_gear
Clive,GB,Sutton CS850R Mustang,,,,,,,,,,,,,,,,,,,,,,82.3,—N/a,,top_gear
Cosworth,GB,Impreza STI CS400 (wet) (written as Subaru Cossie),,,,,,,,,,,,,,,,,,,,,,87.7,"Series 16, Episode 03",,top_gear
Cupra,ES,"Formentor VZ5 (2023, 390 PS)",2023,,,,,,,,,,,,,,,,,,478.99,2023,Christian Gebhardt,,,,nurburgring
Cupra,ES,Leon Estate,,,,,,,,,,,,,,,,,,,,,,87.4,—N/a,,top_gear
Czinger,US,21C,2021,Electric,,,,,,,,,1349.0,1006.0,,,,,,,,,,,,,power_output
Dacia,FR,Sandero,,,,,,,,,,,,,,,,,,,,,,99.7,"Series 26, Episode 04",,top_gear
Daimler,DE,Phoenix (de),1899,,,,,,,,,,23.0,17.0,,,,,,,,,,,,,power_output
Dallara,IT,Stradale,,,,,,,,,,,,,,,,,,,,,,72.8,"Series 27, Episode 03",,top_gear
Dauer,AT,962 Le Mans,1993,,,,,,,,251.4,404.6,720.0,537.0,,"2,994 cc (182.7 cu in) twin-turbocharged flat-6 537 kW (730 PS; 720 hp)",,,,,,,,,,,"power_output, speed_records"
Denza,CN,Z9/Z9 GT BEV,2024,Electric,,,,,,,,,952.0,710.0,,,,,,,,,,,,,power_output
Dodge,US,Caliber SRT4,2008,,,,,,,,,,,,,,,,,,,,,,,200.8,caranddriver_lightning_lap
Dodge,US,Challenger Gt Awd,2017,ICE,6.3,,16.3,,14.8,95,,,305,227.4,268 lb-ft,,176,,0.86,4103,,,,,,,caranddriver
Dodge,US,Challenger SRT Demon,2018,ICE,2.6,,5.7,,10.7,,168,,,,,,,,,4300,,,,,,,"acceleration, caranddriver"
Dodge,US,Challenger SRT Demon 170,2023,ICE,,,,,,,,,1025.0,764.0,,,,,,,,,,,,,power_output
Dodge,US,Challenger SRT Hellcat Widebody,2018,,,,,,,,,,,,,,,,,,,,,,,179.8,caranddriver_lightning_lap
Dodge,US,Challenger SRT8,2008,,,,,,,,,,,,,,,,,,,,,,,196.3,caranddriver_lightning_lap
Dodge,US,Challenger SRT8 392,2012,,,,,,,,,,,,,,,,,,,,,,,189.4,caranddriver_lightning_lap
Dodge,US,Challenger T A 392 Automatic,2017,ICE,4.2,,9.3,,12.5,116,,,485,361.7,475 lb-ft,,151,,0.93,4274,,,,,,,caranddriver
Dodge,US,Charger,2018,,6.2,,15.8,,14.7,96,,,,,,,172,,0.86,4050,,,,,,,caranddriver
Dodge,US,Charger Daytona 57L,2017,ICE,5.1,,12.2,,13.7,105,,,370,275.9,395 lb-ft,,171,,0.87,4287,,,,,,,caranddriver
Dodge,US,Charger Pursuit,2013,,,,,,,,,,,,,,,,,,,,,,,197.8,caranddriver_lightning_lap
Dodge,US,Charger SRT Hellcat,2016,,,,,,,,,,,,,,,,,,,,,,,183.5,caranddriver_lightning_lap
Dodge,US,Charger SRT8,2006,,,,,,,,,,,,,,,,,,,,,,,198.2,caranddriver_lightning_lap
Dodge,US,Charger SRT8,2012,,,,,,,,,,,,,,,,,,,,,,,190.1,caranddriver_lightning_lap
Dodge,US,Charger Srt Hellcat,2017,ICE,3.4,,7.2,,11.4,128,,,707,527.2,650 lb-ft,,153,,0.94,4550,,,,,,,caranddriver
Dodge,US,Durango Srt,2018,ICE,4.7,,12.1,,13.3,104,,,475,354.2,470 lb-ft,,167,,0.87,5369,,,,,,,caranddriver
Dodge,US,Grand Caravan,2017,ICE,7.8,,21.5,,16.1,88,,,283,211,260 lb-ft,,180,,0.77,4636,,,,,,,caranddriver
Dodge,US,Journey,2018,,7.8,,23.1,,16.1,86,,,,,,,177,,0.76,4000,,,,,,,caranddriver
Dodge,US,Viper ACR,2016,,,,,,,,,,,,,,,,,,,,,,,164.2,caranddriver_lightning_lap
Dodge,US,Viper ACR (2009),2008,,,,,,,,,,,,,,,,,,442.1,2008-08-18,Tom Coronel,,,,nurburgring
Dodge,US,Viper ACR (2010),2011,,,,,,,,,,,,,,,,,,432.13,2011-09-14,Dominik Farnbacher,,,,nurburgring
Dodge,US,Viper ACR (2017),2017,,3.3,,7.5,,11.5,126,,,645,481,600 lb-ft,,134,,1.15,3400,421.3,2017-09-01,Lance David Arnold,75.1,"Series 23, Episode 01",,"nurburgring, top_gear, caranddriver"
Dodge,US,Viper ACR-X,2012,,,,,,,,,,,,,,,,,,423.06,2012-02,Lance Arnold,,,,nurburgring
Dodge,US,Viper GTS-R,,,,,,,,,,,,,,,,,,,542.206,2003-06-01,Peter Zakowski/Pedro Lamy/Robert Lechner,,,,nurburgring
Dodge,US,Viper SRT-10,2008,ICE,,,,,10.92,,,,,,,,,,,,,,,88.5,"Series 05, Episode 03",,"acceleration, top_gear"
Dodge,US,Viper SRT-10 (very wet),,,,,,,,,,,,,,,,,,,,,,88.5,"Series 05, Episode 03",,top_gear
Dodge,US,Viper SRT-10 roadster (ZB),2007,,,,,,,,,,,,,,,,,,493.0,2007,Horst von Saurma,,,,nurburgring
Dodge,US,Viper SRT10,2008,,,,,,,,,,,,,,,,,,,,,,,177.4,caranddriver_lightning_lap
Dodge,US,Viper SRT10 ACR,2008,,,,,,,,,,,,,,,,,,,,,,,168.6,caranddriver_lightning_lap
Dodge,US,Viper SRT10 Coupe,2006,,,,,,,,,,,,,,,,,,,,,,,181.6,caranddriver_lightning_lap
Dodge,US,Viper TA,2014,,,,,,,,,,,,,,,,,,,,,,,169.9,caranddriver_lightning_lap
Donkervoort,NL,"D8 180R (2001, 1.8T, 240 PS",2001,,,,,,,,,,,,,,,,,,490.0,2001,Horst von Saurma,,,,nurburgring
Donkervoort,NL,D8 RS,2004,,,,,,,,,,,,,,,,,,438.1,2004-10-24,Michael Düchting,,,,nurburgring
Donkervoort,NL,D8 RS,2006,,,,,,,,,,,,,,,,,,434.89,2006,Michael Düchting,,,,nurburgring
Drako,US,GTE,2020,Electric,,,,,,,,,1200.0,895.0,,,,,,,,,,,,,power_output
Duesenberg,US,Model SJ,1932,,,,,,,,,,320.0,239.0,,,,,,,,,,,,,power_output
Duesenberg,US,Model SSJ,1935,,,,,,,,,,400.0,298.0,,,,,,,,,,,,,power_output
Eagle,GB,Low Drag GT,,,,,,,,,,,,,,,,,,,,,,87.5,"Series 22, Episode 07",,top_gear
Einride,SE,,,,,,,,,,,,,,,,,,,,,,,164.1,—N/a,,top_gear
Electric,US,Raceabout,,,,,,,,,,,,,,,,,,,522.72,2011-09,Ralf Kelleners,,,,nurburgring
Faraday,US,Future FF 91,2023,,,,,,,,,,1050.0,783.0,,,,,,,,,,,,,power_output
Faraday Future,US,FF 91,2023,Electric,,,,,,,,,1050,783,,,,,,,,,,,,,power_output
Ferrari,IT,,2013,Electric,,,,,,,,,949,708,,,,,,,,,,,,,power_output
Ferrari,IT,,2015,Hybrid,,,,,10.738,,,,949.0,708.0,,,,,,,,,,,,,"acceleration, power_output"
Ferrari,IT,208 GTB Turbo (Not Shown on TV),,,,,,,,,,,,,,,,,,,,,,95.3,—N/a,,top_gear
Ferrari,IT,296 GTB,2022,ICE,2.9,,,,,,,,819,610,,,,,,,,,,,,,"acceleration, power_output"
Ferrari,IT,296 GTB,2023,Hybrid,2.3,2.9,,,9.6,,,,819.0,610.0,,,,,,,418.7,2023-06-07,Christian Gebhardt,,,,"acceleration, nurburgring, power_output"
Ferrari,IT,312T,,,,,,,,,,,,,,,,,,,418.6,1975-08-02,Niki Lauda,,,,nurburgring
Ferrari,IT,360 Challenge Stradale,,,,,,,,,,,,,,,,,,,,,,82.3,"Series 04, Episode 03",,top_gear
Ferrari,IT,360 Challenge Stradale F1,2004,,,,,,,,,,,,,,,,,,476.0,2004,Horst von Saurma,,,,nurburgring
Ferrari,IT,360 Modena,1999,,,,,,,,,,,,,,,,,,489.0,1999,Horst von Saurma,,,,nurburgring
Ferrari,IT,365 GTB/4 Daytona,1968,,,,,,,,174.0,280.0,,,,"4,390 cc (268 cu in) V12 262 kW (357 PS; 352 hp)",,,,,,,,,,,speed_records
Ferrari,IT,430 Scuderia,,,,,,,,,,,,,,,,,,,,,,79.7,"Series 11, Episode 01",,top_gear
Ferrari,IT,430 Scuderia,2008,,,,,,,,,,,,,,,,,,,,,,,174.6,caranddriver_lightning_lap
Ferrari,IT,458 Italia,2010,,,,,,,,,,,,,,,,,,458.0,2010,Horst von Saurma,79.1,"Series 15, Episode 06",,"nurburgring, top_gear"
Ferrari,IT,458 Italia,2012,,,,,,,,,,,,,,,,,,,,,,,169.9,caranddriver_lightning_lap
Ferrari,IT,488 GTB,2016,,,,,,,,,,,,,,,,,,441.0,2016-08,Horst von Saurma,,,,nurburgring
Ferrari,IT,488 Pista,2018,ICE,2.9,,,,,,,,,,,,,,,,,,,,,,acceleration
Ferrari,IT,488 Pista,2019,ICE,2.7,2.9,,,10.1,,,,,,,,,,,,420.03,2019-05-16,Christian Gebhardt,72.7,"Series 27, Episode 01",,"acceleration, nurburgring, top_gear"
Ferrari,IT,488GTB,2016,,,,,,,,,,,,,,,,,,,,,,,165.1,caranddriver_lightning_lap
Ferrari,IT,550 Maranello,1998,,,,,,,,,,,,,,,,,,487.0,1998,Horst von Saurma,,,,nurburgring
Ferrari,IT,575M Maranello,2002,,,,,,,,,,,,,,,,,,485.0,2002,Horst von Saurma,95.2,"Series 01, Episode 04",,"nurburgring, top_gear"
Ferrari,IT,575M Maranello GTC,,,,,,,,,,,,,,,,,,,,,,86.8,"Series 05, Episode 04",,top_gear
Ferrari,IT,599 GTB Fiorano,2007,,,,,,,,,,,,,,,,,,467.0,2007,Horst von Saurma,81.22,"Series 10, Episode 03",,"nurburgring, top_gear"
Ferrari,IT,599 GTO,,,,,,,,,,,,,,,,,,,,,,79.8,"Series 16, Episode 02",,top_gear
Ferrari,IT,599XX,2010,,,,,,,,,,,,,,,,,,418.16,2010-04-21,Raffaele de Simone,,,,nurburgring
Ferrari,IT,812 Competizione/Competizione A,2021,ICE,,,,,,,,,819.0,610.0,,,,,,,,,,,,,power_output
Ferrari,IT,812 Superfast,2017,ICE,3,,,,,,,,,,,,,,,,,,,,,,acceleration
Ferrari,IT,812 Superfast,2018,ICE,2.8,3.0,6.8,,10.5,,211,,789,588.4,530 lb-ft,,,,,3900,447.48,2018-06-20,Christian Gebhardt,,,,"acceleration, nurburgring, caranddriver"
Ferrari,IT,"California (Type F149, 2010, 460 PS)",2010,,,,,,,,,,,,,,,,,,476.0,2010,Horst von Saurma,,,,nurburgring
Ferrari,IT,Daytona SP3,2023,ICE,,,,,,,,,829.0,618.0,,,,,,,,,,,,,power_output
Ferrari,IT,Enzo,2008,,,,,,,,,,,,,,,,,,445.21,2008-08,Marc Basseng,79.0,"Series 05, Episode 02",,"nurburgring, top_gear"
Ferrari,IT,"F12 Berlinetta (740 PS, 2014)",2014,,,,,,,,,,,,,,,,,,453.0,2014-09,Horst von Saurma,,,,nurburgring
Ferrari,IT,F12berlinetta,2014,,,,,,,,,,,,,,,,,,,,,,,170.8,caranddriver_lightning_lap
Ferrari,IT,F355,1997,,,,,,,,,,,,,,,,,,498.0,1997,Horst von Saurma,,,,nurburgring
Ferrari,IT,F430 F1,2005,,,,,,,,,,,,,,,,,,475.0,2005,Horst von Saurma,82.9,"Series 06, Episode 08",,"nurburgring, top_gear"
Ferrari,IT,F430 Scuderia,2008,,,,,,,,,,,,,,,,,,459.0,2008,Horst von Saurma,,,,nurburgring
Ferrari,IT,F430 Spider F1,,,,,,,,,,,,,,,,,,,,,,83.2,"Series 06, Episode 08",,top_gear
Ferrari,IT,GTC4 Lusso T,2018,ICE,3.5,,7.9,,11.5,,199,,602,448.9,561 lb-ft,,,,,4150,,,,,,,caranddriver
Ferrari,IT,Gtc4Lusso Ferrari Face With A Volvo Booty,2017,,3.5,,7.6,,11.6,,208,,680,507.1,514 lb-ft,,,,,4250,,,,,,,caranddriver
Ferrari,IT,SF90 Stradale,2020,Plug-in Hybrid,,,,,,,,,986,735,,,,,,,,,,,,,power_output
Ferrari,IT,SF90 Stradale,2021,Hybrid,2.0,,,,9.5,,,,986.0,735.0,,,,,,,,,,71.3,"Series 29, Episode 01",,"acceleration, power_output, top_gear"
Ferrari,IT,Testarossa,1987,,,,,,,,,,,,,,,,,,557.12,1987,,,,,nurburgring
Fiat,IT,124 Spider Abarth,2017,,,,,,,,,,,,,,,,,,,,,,,196.9,caranddriver_lightning_lap
Fiat,IT,500 Abarth,2013,,,,,,,,,,,,,,,,,,,,,,,207.3,caranddriver_lightning_lap
Fiat,IT,500 Abarth,2017,ICE,6.9,,20.5,,15.4,90,,,,,,,170,,,2550,,,,,,,caranddriver
Fiat,IT,500 Abarth Essesse SS,,,,,,,,,,,,,,,,,,,,,,95.5,"Series 12, Episode 02",,top_gear
Fiat,IT,500C Manual Test,2017,ICE,9.8,,44.5,,17.7,77,,,101,75.3,97 lb-ft,,181,,0.82,2479,,,,,,,caranddriver
Fiat,IT,500L,2017,ICE,8,,23.9,,16.2,86,,,160,119.3,184 lb-ft,,176,,0.76,3300,,,,,,,caranddriver
Fiat,IT,500L,2018,ICE,8,,23.9,,16.2,86,,,160,119.3,184 lb-ft,,176,,0.76,3300,,,,,,,caranddriver
Fiat,IT,500X,2017,,8.7,,28,,16.8,82,,,,,,,163,,0.78,3000,,,,,,,caranddriver
Fiat,IT,500e,2017,,8.4,,,,16.7,80,,,,,,,192,,0.79,3000,,,,,,,caranddriver
Fiat,IT,"Grande Punto Abarth Esseesse (2009, 180 PS)",2009,,,,,,,,,,,,,,,,,,549.0,2009,Horst von Saurma,,,,nurburgring
Fiat,IT,New 500,,,,,,,,,,,,,,,,,,,,,,99.6,—N/a,,top_gear
Ford,US,C Max Energi Plug In Hybrid,2017,Hybrid,7.6,,21,,16,89,,,,,,,179,,0.75,3860,,,,,,,caranddriver
Ford,US,C Max Hybrid,2017,Hybrid,7.9,,20.6,,16.1,89,,,,,,,183,,0.78,3630,,,,,,,caranddriver
Ford,US,Capri Zakspeed Turbo,,,,,,,,,,,,,,,,,,,428.59,1982-07-04,Klaus Niedzwiedz,,,,nurburgring
Ford,US,Edge 35L V 6 Awd,2017,ICE,7.6,,20.7,,15.9,90,,,280,208.8,250 lb-ft,,177,,0.85,4291,,,,,,,caranddriver
Ford,US,Edge Vignale,2017,ICE,9.4,,28,,17.1,,131,,,,,,,,,4200,,,,,,,caranddriver
Ford,US,Expedition 4X4,2018,ICE,5.7,,15.5,,14.4,97,,,400,298.3,480 lb-ft,,196,,0.79,5917,,,,,,,caranddriver
Ford,US,F 150,2018,,5.9,,,,14.4,,100,,,,,,,,,4500,,,,,,,caranddriver
Ford,US,F 150 Raptor Supercab,2017,ICE,5,,13.7,,13.7,100,,,450,335.6,510 lb-ft,,206,,0.68,5696,,,,,,,caranddriver
Ford,US,F 250 Super Duty Diesel 4X4 Crew Cab,2017,ICE,6.9,,,,15.3,90,,,440,328.1,925 lb-ft,,202,,0.73,8300,,,,,,,caranddriver
Ford,US,F 250 Super Duty Gasoline V 8 Supercab 4X4,2017,ICE,6.7,,,,15.3,92,,,385,287.1,430 lb-ft,,195,,0.79,6532,,,,,,,caranddriver
Ford,US,F 450 Super Duty Diesel,2017,ICE,8,,,,16.1,86,,,440,328.1,925 lb-ft,,209,,0.69,9140,,,,,,,caranddriver
Ford,US,F-150 Hennessey VelociRaptor (wet),,,,,,,,,,,,,,,,,,,,,,96.5,"Series 22, Episode 06",,top_gear
Ford,US,Fiesta 1.0T,2018,,8.4,,25,,16.6,,115,,,,,,,,,2550,,,,,,,caranddriver
Ford,US,Fiesta Hatchback Automatic Test,2017,ICE,9.1,,30.1,,17.1,81,,,120,89.5,112 lb-ft,,175,,0.83,2611,,,,,,,caranddriver
Ford,US,Fiesta ST,2014,,,,,,,,,,,,,,,,,,,,,,,200.4,caranddriver_lightning_lap
Ford,US,Fiesta ST,2020,,,,,,,,,,,,,,,,,,508.0,2020,Christian Gebhardt,92.7,"Series 20, Episode 01",,"top_gear, nurburgring"
Ford,US,"Fiesta ST Edition (Mk7, B479, 2022, 1.5 T, 200 PS)",2022,,,,,,,,,,,,,,,,,,502.33,2022,Christian Gebhardt,,,,nurburgring
Ford,US,Fiesta St,2017,ICE,6.9,,17,,15.1,94,,,197,146.9,202 lb-ft,,166,,0.93,2734,,,,,,,caranddriver
Ford,US,Focus RS,2016,,,,,,,,,,,,,,,,,,,,,,,183.9,caranddriver_lightning_lap
Ford,US,"Focus RS (Mk III, 2016, 2.5 T, 350 PS)",2017,,,,,,,,,,,,,,,,,,486.29,2017,Christian Gebhardt,,,,nurburgring
Ford,US,"Focus RS (Mk2, C307, 2009, 305 PS)",2009,,,,,,,,,,,,,,,,,,506,2009,Horst von Saurma,,,,nurburgring
Ford,US,Focus RS 500 (wet),,,,,,,,,,,,,,,,,,,,,,90.8,"Series 16, Episode 03",,top_gear
Ford,US,Focus RS Mk I,,,,,,,,,,,,,,,,,,,,,,92.2,"Series 01, Episode 02",,top_gear
Ford,US,Focus RS Mk II,,,,,,,,,,,,,,,,,,,,,,89.3,"Series 13, Episode 04",,top_gear
Ford,US,Focus RS Mk III,,,,,,,,,,,,,,,,,,,,,,86.4,Extra Gear,,top_gear
Ford,US,Focus RS Mountune Drive,2017,ICE,4.4,,12.9,,13.3,,165,,370,275.9,376 lb-ft,,,,,3450,,,,,,,caranddriver
Ford,US,Focus ST,2005,,,,,,,,,,,,,,,,,,515,2005,Patrick Bernhard,,,,nurburgring
Ford,US,Focus ST,2013,,,,,,,,,,,,,,,,,,,,,,,201.4,caranddriver_lightning_lap
Ford,US,Focus ST,2014,,,,,,,,,,,,,,,,,,,,,,,197.6,caranddriver_lightning_lap
Ford,US,Focus ST,2021,,,,,,,,,,,,,,,,,,515.0,2005,Patrick Bernhard,89.6,"Series 19, Episode 04",,"nurburgring, top_gear"
Ford,US,Focus Sedan And Hatchback,2017,,8.5,,23.8,,16.5,86,,,,,,,179,,0.83,2950,,,,,,,caranddriver
Ford,US,Fusion Hybrid,2017,Hybrid,8.9,,23.7,,16.9,85,,,,,,,187,,0.73,3716,,,,,,,caranddriver
Ford,US,GT,2017,ICE,,,,,10.8,,,,,,,,,,,,472.0,2006,Horst von Saurma,81.9,"Series 04, Episode 08",163,"acceleration, top_gear, nurburgring, caranddriver_lightning_lap"
Ford,US,"GT (Mk1, 2006, 550 PS)",,,,,,,,,,,,,,,,,,,472.0,2006,Horst von Saurma,,,,nurburgring
Ford,US,"GT (Mk1, 2006, 550 PS)",2006,,,,,,,,,,,,,,,,,,472,2006,Horst von Saurma,,,180.7,"nurburgring, caranddriver_lightning_lap"
Ford,US,Gt Supercar,2017,ICE,2.9,,5.7,,10.6,,216,,647,482.5,550 lb-ft,,,,,3250,,,,,,,caranddriver
Ford,US,Gt Supercar First Ride,2017,ICE,2.9,,5.7,,10.6,,216,,647,482.5,550 lb-ft,,,,,3250,,,,,,,caranddriver
Ford,US,Mondeo 2.0i,,,,,,,,,,,,,,,,,,,,,,101.0,"Series 01, Episode 04",,top_gear
Ford,US,Mondeo ST220,,,,,,,,,,,,,,,,,,,,,,94.5,"Series 08, Episode 06",,top_gear
Ford,US,Mustang,2018,,3.9,,10,,12.7,,150,,,,,,,,,3600,,,,,,,caranddriver
Ford,US,Mustang Boss 302 Laguna Seca,2012,,,,,,,,,,,,,,,,,,,,,,,182.8,caranddriver_lightning_lap
Ford,US,Mustang Coupe and Convertible,2017,,4.3,,10.3,,12.9,112,,,,,,,156,,0.94,3500,,,,,,,caranddriver
Ford,US,Mustang Dark Horse,2024,,,,,,,,,,,,,,,,,,,,,,,171.2,caranddriver_lightning_lap
Ford,US,Mustang Ecoboost,2015,,,,,,,,,,,,,,,,,,,,,,,195.6,caranddriver_lightning_lap
Ford,US,Mustang Ecoboost HiPo,2020,,,,,,,,,,,,,,,,,,,,,,,184.4,caranddriver_lightning_lap
Ford,US,Mustang GT,2006,,,,,,,,,,,,,,,,,,,,,,,200.9,caranddriver_lightning_lap
Ford,US,Mustang GT,2010,,,,,,,,,,,,,,,,,,,,,,,193.3,caranddriver_lightning_lap
Ford,US,Mustang GT,2011,,,,,,,,,,,,,,,,,,,,,,,188.6,caranddriver_lightning_lap
Ford,US,Mustang GT,2015,,,,,,,,,,,,,,,,,,,,,,,185.2,caranddriver_lightning_lap
Ford,US,Mustang GT,2020,,,,,,,,,,,,,,,,,,498.0,2020,Christian Gebhardt,88.0,"Series 23, Episode 06",,"top_gear, nurburgring"
Ford,US,Mustang GT Performance Pack,2015,,,,,,,,,,,,,,,,,,487.0,2015,Horst von Saurma,,,,nurburgring
Ford,US,Mustang GT Performance Package Level 2,2018,,,,,,,,,,,,,,,,,,,,,,,173.8,caranddriver_lightning_lap
Ford,US,Mustang GTD,2024,,,,,,,,,,,,,,,,,,417.69,2024-08-07,Dirk Müller,,,,nurburgring
Ford,US,Mustang GTD,2025,,,,,,,,,,,,,,,,,,412.072,2025-05-01,Dirk Müller,73.7,Stig Laps,,"nurburgring, top_gear"
Ford,US,Mustang Gt Long Term Test Wrap Up,2016,ICE,4.3,,10.3,,12.9,112,,,435,324.4,400 lb-ft,,156,,0.94,3782,,,,,,,caranddriver
Ford,US,Mustang Gt Manual,2018,ICE,4.3,,9.7,,12.6,115,,,460,343,420 lb-ft,,164,,0.96,3878,,,,,,,caranddriver
Ford,US,"Mustang Mach 1 (Mk6, 2021, N/A 5.0, 460 PS)",2021,,,,,,,,,,,,,,,,,,478.29,2021-11-03,Christian Gebhardt,,,171.4,"nurburgring, caranddriver_lightning_lap"
Ford,US,Mustang Shelby GT350R,2016,,,,,,,,,,,,,,,,,,,,,,,171.8,caranddriver_lightning_lap
Ford,US,Mustang Shelby GT500,2020,,,,,,,,,,,,,,,,,,,,,,,164.6,caranddriver_lightning_lap
Ford,US,Mustang V-6,2011,,,,,,,,,,,,,,,,,,,,,,,192.5,caranddriver_lightning_lap
Ford,US,Shelby GT500,2007,,,,,,,,,,,,,,,,,,,,,,,185.9,caranddriver_lightning_lap
Ford,US,Shelby GT500,2010,,,,,,,,,,,,,,,,,,,,,,,187.4,caranddriver_lightning_lap
Ford,US,Shelby GT500,2011,,,,,,,,,,,,,,,,,,,,,,,184,caranddriver_lightning_lap
Ford,US,Shelby GT500,2013,,,,,,,,,,,,,,,,,,,,,,,180.6,caranddriver_lightning_lap
Ford,US,Shelby GT500,2020,ICE,,,,,10.61,,,,,,,,,,,,,,,90.0,"Series 09, Episode 06",,"acceleration, top_gear"
Ford,US,Transit,,,,,,,,,,,,,,,,,,,608.49,,Sabine Schmitz,,,,nurburgring
Ford,US,Transit 350 Cargo Van Ecoboost,2017,ICE,6.8,,,,,,,,310,231.2,400 lb-ft,,171,,0.6,5423,,,,,,,caranddriver
Ford,US,Transit 350 Passenger Wagon Ecoboost V 6,2017,ICE,7.6,,17.2,,,,,,310,231.2,400 lb-ft,,208,,0.68,6272,,,,,,,caranddriver
Ford,US,Transit Connect Wagon LWB Test,2017,ICE,10.1,,43.9,,17.6,79,,,169,126,171 lb-ft,,170,,0.8,4012,,,,,,,caranddriver
Ford,US,Transit Supervan 4.2,2025,,,,,,,,,,,,,,,,,,408.393,2025-08-18,Romain Dumas,,,,nurburgring
Ford,US,Transit World Rally,,,,,,,,,,,,,,,,,,,,,,122.0,"Series 01, Episode 08",,top_gear
GMC,US,Acadia Denali Awd,2017,ICE,6.1,,17.2,,14.9,94,,,310,231.2,271 lb-ft,,170,,0.85,4399,,,,,,,caranddriver
GMC,US,Acadia V 6 Fwd,2017,ICE,6.2,,16.9,,15,95,,,310,231.2,271 lb-ft,,173,,0.84,4129,,,,,,,caranddriver
GMC,US,Canyon V 6 4X4,2017,ICE,6.3,,,,14.9,94,,,308,229.7,275 lb-ft,,185,,0.8,4616,,,,,,,caranddriver
GMC,US,Hummer EV Edition 1/EV3X,2022,,,,,,,,,,1000.0,746.0,,,,,,,,,,,,,power_output
GMC,US,Sierra 2500Hd 3500Hd,2017,,6.1,,,,14.8,,100,,,,,,,,,5900,,,,,,,caranddriver
GMC,US,Sierra 2500Hd Diesel 4X4 Crew Cab,2017,ICE,6.5,,,,15,91,,,445,331.8,910 lb-ft,,210,,0.74,8000,,,,,,,caranddriver
GMC,US,Terrain,2018,,6.4,,16.5,,15,,115,,,,,,,,,3500,,,,,,,caranddriver
GMC,US,Terrain 20T Awd,2018,ICE,6.8,,17.7,,15.3,93,,,252,187.9,260 lb-ft,,169,,0.82,3897,,,,,,,caranddriver
GMC,US,Yukon Xl Denali 4Wd,2017,ICE,5.8,,15.1,,14.3,98,,,420,313.2,460 lb-ft,,185,,0.77,6025,,,,,,,caranddriver
Genesis,KR,G70 3.3T Dynamic,2019,,,,,,,,,,,,,,,,,,,,,,,187.3,caranddriver_lightning_lap
Genesis,KR,G70 Prototype Drive,2019,,4.7,,11.9,,13.4,,130,,,,,,,,,3600,,,,,,,caranddriver
Genesis,KR,G80 Sport,2018,ICE,5.2,,13.8,,13.9,,135,,365,272.2,375 lb-ft,,,,,4600,,,,,,,caranddriver
Genesis,KR,G80 Sport Awd,2018,ICE,5,,12.5,,13.6,104,,,365,272.2,376 lb-ft,,180,,0.84,4658,,,,,,,caranddriver
Genesis,KR,G80 Sport Rwd,2018,ICE,4.9,,12.1,,13.5,105,,,365,272.2,376 lb-ft,,179,,0.84,4500,,,,,,,caranddriver
Genesis,KR,G90 33T Awd,2017,ICE,5.3,,14,,14,100,,,365,272.2,376 lb-ft,,172,,0.85,4824,,,,,,,caranddriver
Genesis,KR,Hyundai Coupe 3.8L,2011,,,,,,,,,,,,,,,,,,523,2011-07,Dmitry Sokolov,,,,nurburgring
Gumpert,DE,Apollo S,,,,,,,,,,,,,,,,,,,,,,77.1,"Series 11, Episode 06",,top_gear
Gumpert,DE,Apollo Sport,2009,,,,,,,,,,,,,,,,,,431.57,2009-08-13,Florian Gruber,,,,nurburgring
Gumpert,DE,Apollo Sport,2010,,,,,,,,,,,,,,,,,,444,2010-11,Horst von Saurma,,,,nurburgring
HSV,AU,Maloo,,,,,,,,,,,,,,,,,,,,,,87.1,"Series 13, Episode 07",,top_gear
Hawk,GB,HF3000 (wet) (Kit car with Alfa Romeo V6 engine – spun twice during timed lap),,,,,,,,,,,,,,,,,,,,,,108.2,"Series 14, Episode 03",,top_gear
Hennessey,US,Venom F5,2021,ICE,,,,,,,,,2032.0,1515.0,,,,,,,,,,,,,power_output
Hennessey,US,Venom GT,2014,,,,,,,,270.49,435.31,,,,"7,000 cc (430 cu in) twin-turbocharged V8 928 kW (1,261 PS; 1,244 bhp)",,,,,,,,,,,speed_records
Hispano-Suiza,ES,60/75,1907,,,,,,,,,,74.0,55.0,,,,,,,,,,,,,power_output
Holden,AU,Monaro (written as Loser) (wet),,,,,,,,,,,,,,,,,,,,,,93.9,"Series 03, Episode 06",,top_gear
Holden,AU,VF SS Redline Ute,2013,,,,,,,,,,,,,,,,,,499.47,2013-04,Rob Trubiani,,,,nurburgring
Honda,JP,Accord,,,,,,,,,,,,,,,,,,,,,,104.0,"Series 01, Episode 04",,top_gear
Honda,JP,Accord,2018,,5.6,,13.6,,14.2,,125,,,,,,,,,3150,,,,,,,caranddriver
Honda,JP,Accord 15T Automatic,2018,ICE,7.3,,19.1,,15.7,91,,,192,143.2,192 lb-ft,,163,,0.89,3298,,,,,,,caranddriver
Honda,JP,Accord 20T Automatic,2018,ICE,5.5,,13.6,,14.1,102,,,252,187.9,273 lb-ft,,170,,0.88,3419,,,,,,,caranddriver
Honda,JP,Accord Hybrid,2018,Hybrid,7.1,,21,,15.7,,115,,,,,,,,,3350,,,,,,,caranddriver
Honda,JP,Accord Sport 15T Manual,2018,ICE,7.2,,18.7,,15.5,92,,,192,143.2,192 lb-ft,,162,,0.9,3154,,,,,,,caranddriver
Honda,JP,Accord Sport 2.0T,2018,,,,,,,,,,,,,,,,,,,,,,,198.4,caranddriver_lightning_lap
Honda,JP,Accord Sport 20T Manual,2018,ICE,6.1,,15.3,,14.7,98,,,252,187.9,273 lb-ft,,164,,0.87,3276,,,,,,,caranddriver
Honda,JP,Civic Hatchback 15T Manual,2017,ICE,7,,17,,15.2,94,,,180,134.2,177 lb-ft,,160,,0.93,2868,,,,,,,caranddriver
Honda,JP,Civic Hatchback Cvt Automatic,2017,ICE,6.9,,18.5,,15.4,93,,,180,134.2,162 lb-ft,,166,,0.9,3007,,,,,,,caranddriver
Honda,JP,Civic Sedan,2016,ICE,6.9,,17.5,,15.3,94,,,174,129.8,162 lb-ft,,179,,0.83,2920,,,,,,,caranddriver
Honda,JP,Civic Si,2006,,,,,,,,,,,,,,,,,,,,,,,206.5,caranddriver_lightning_lap
Honda,JP,Civic Si,2012,,,,,,,,,,,,,,,,,,,,,,,204.1,caranddriver_lightning_lap
Honda,JP,Civic Si,2017,ICE,6.5,,16.1,,14.9,,137,,205,152.9,192 lb-ft,,,,,2900,,,,,,194.6,"caranddriver, caranddriver_lightning_lap"
Honda,JP,Civic Si,2023,,,,,,,,,,,,,,,,,,,,,,,196.9,caranddriver_lightning_lap
Honda,JP,Civic Si Coupe,2017,ICE,6.3,,15.9,,14.8,96,,,205,152.9,192 lb-ft,,159,,0.97,2879,,,,,,,caranddriver
Honda,JP,Civic Si Mugen,2008,,,,,,,,,,,,,,,,,,,,,,,204.8,caranddriver_lightning_lap
Honda,JP,Civic Si Sedan Test,2017,ICE,6.7,,16.6,,15,95,,,205,152.9,192 lb-ft,,176,,0.88,2911,,,,,,,caranddriver
Honda,JP,Civic Type R,2018,,,,,,,,,,,,,,,,,,495.0,2016,Christian Gebhardt,96.5,"Series 01, Episode 02",183.9,"top_gear, nurburgring, caranddriver_lightning_lap"
Honda,JP,Civic Type R,2023,,,,,,,,,,,,,,,,,,,,,,,178.8,caranddriver_lightning_lap
Honda,JP,Civic Type R (FK2),2016,,,,,,,,,,,,,,,,,,495,2016,Christian Gebhardt,,,,nurburgring
Honda,JP,Civic Type R (FK8),2017,ICE,4.9,,11.5,,13.5,108,170,,306,228.2,295 lb-ft,,142,,1.02,3111,463.8,2017-04,,,,,"nurburgring, caranddriver"
Honda,JP,Civic Type R Limited Edition,2021,,,,,,,,,,,,,,,,,,,,,,,180.7,caranddriver_lightning_lap
Honda,JP,Civic Type R Prototype,2014,,,,,,,,,,,,,,,,,,470.63,2014-05,,,,,nurburgring
Honda,JP,Civic Type R S grade (FL5 available in select European countries),2023,,,,,,,,,,,,,,,,,,459.691,2023-03-24,Néstor Girolami,,,,nurburgring
Honda,JP,Civic Type-R (2004 Facelift),,,,,,,,,,,,,,,,,,,,,,92.8,"Series 05, Episode 06",,top_gear
Honda,JP,Civic Type-R 2.0i LS,2001,,,,,,,,,,,,,,,,,,527.0,2001,Horst von Saurma,,,,nurburgring
Honda,JP,Clarity Fuel Cell,2017,,8.3,,27,,16.5,,105,,,,,,,,,4150,,,,,,,caranddriver
Honda,JP,Clarity Fuel Cell Test,2017,,8.1,,26.7,,16.4,85,,,,,,,194,,0.79,4148,,,,,,,caranddriver
Honda,JP,Clarity Plug In Hybrid,2018,Hybrid,7.6,,25.5,,15.4,,110,,,,,,,,,4050,,,,,,,caranddriver
Honda,JP,Cr V Awd,2017,ICE,7.6,,21.5,,16,89,,,190,141.7,179 lb-ft,,166,,0.82,3508,,,,,,,caranddriver
Honda,JP,Fit,2018,ICE,7.7,,22.7,,16.8,,120,,,,,,,,,2550,,,,,,,caranddriver
Honda,JP,Fit EX,2015,,,,,,,,,,,,,,,,,,,,,,,217.7,caranddriver_lightning_lap
Honda,JP,Fit Manual,2018,ICE,8.2,,24.3,,16.4,85,,,130,96.9,114 lb-ft,,179,,0.81,2551,,,,,,,caranddriver
Honda,JP,Hr V,2017,ICE,9.5,,30.8,,17.4,82,,,141,105.1,127 lb-ft,,183,,0.8,2900,,,,,,,caranddriver
Honda,JP,"NSX (1 gen, 1997, 280 PS)",1997,,,,,,,,,,,,,,,,,,518,1997,Horst von Saurma,,,,nurburgring
Honda,JP,"NSX (1 gen, 1997, 280 PS)",2017,,,,,,,,,,,,,,,,,,518.0,1997,Horst von Saurma,77.6,"Series 23, Episode 06",,"nurburgring, top_gear"
Honda,JP,NSX (NA1),1990,,,,,,,,,,,,,,,,,,496.15,1990,Motoharu Kurosawa,,,,nurburgring
Honda,JP,NSX (NA1),2016,,,,,,,,,,,,,,,,,,486.56,2016-09,Fredrik Sørlie,,,,nurburgring
Honda,JP,NSX Type S,2022,Hybrid,2.9,,,,,,,,,,,,,,,,,,,,,,acceleration
Honda,JP,NSX Type-R (wet),,,,,,,,,,,,,,,,,,,,,,91.6,"Series 03, Episode 09",,top_gear
Honda,JP,NSX-R (NA1),1992,,,,,,,,,,,,,,,,,,483.86,1992/10/19,Motoharu Kurosawa,,,,nurburgring
Honda,JP,NSX-R (NA1),2002,,,,,,,,,,,,,,,,,,483.86,1992/10/19,Motoharu Kurosawa,93.7,"Series 01, Episode 06",,"nurburgring, top_gear"
Honda,JP,Odyssey,2018,ICE,6.5,,16.4,,15.1,,112,,280,208.8,262 lb-ft,,,,,4400,,,,,,,caranddriver
Honda,JP,Odyssey 10 Speed Automatic,2018,ICE,6.6,,17,,15.2,95,,,280,208.8,262 lb-ft,,184,,0.75,4583,,,,,,,caranddriver
Honda,JP,Odyssey Tested With Nine Speed Automatic,2018,ICE,6.7,,17.1,,15.2,95,,,280,208.8,262 lb-ft,,180,,0.74,4457,,,,,,,caranddriver
Honda,JP,Pilot Long Term Test Wrap Up,2016,ICE,6,,16.7,,14.6,95,,,280,208.8,262 lb-ft,,172,,0.81,4351,,,,,,,caranddriver
Honda,JP,RC30,,,,,,,,,,,,,,,,,,,469.71,1993-05-23,,,,,nurburgring
Honda,JP,S2000,2000,,,,,,,,,,,,,,,,,,519.0,2000,Horst von Saurma,97.4,"Series 03, Episode 02",,"nurburgring, top_gear"
Honda,JP,S2000 CR,2008,,,,,,,,,,,,,,,,,,,,,,,195,caranddriver_lightning_lap
Honda,JP,e,,,,,,,,,,,,,,,,,,,,,,97.5,—N/a,,top_gear
Hummer,US,GMC EV Edition 1/EV3X,2022,Electric,,,,,,,,,1000,746,,,,,,,,,,,,,power_output
Hyptec,CN,SSR Ultimate/Aion Hyper SSR Ultimate,2023,Electric,,,,,,,,,1225.0,913.0,,,,,,,,,,,,,power_output
Hyundai,KR,Accent,2018,ICE,8.3,,24.5,,16.3,,121,,130,96.9,119 lb-ft,,,,,2550,,,,,,,caranddriver
Hyundai,KR,Elantra Gt 20L Automatic,2018,ICE,8,,22,,16.2,87,,,161,120.1,150 lb-ft,,171,,0.83,2925,,,,,,,caranddriver
Hyundai,KR,Elantra Gt Sport,2018,ICE,6.5,,17,,14.9,,130,,201,149.9,195 lb-ft,,,,,3050,,,,,,,caranddriver
Hyundai,KR,Elantra N,2022,,,,,,,,,,,,,,,,,,,,,,,187.3,caranddriver_lightning_lap
Hyundai,KR,Elantra N,2024,,,,,,,,,,,,,,,,,,,,,,,186.4,caranddriver_lightning_lap
Hyundai,KR,Elantra Sport Manual,2017,ICE,6.6,,17.2,,15.1,94,,,201,149.9,195 lb-ft,,161,,0.91,3041,,,,,,,caranddriver
Hyundai,KR,Genesis Coupe 3.8,2010,,,,,,,,,,,,,,,,,,,,,,,194.8,caranddriver_lightning_lap
Hyundai,KR,Genesis Coupe 3.8 R-spec,2011,,,,,,,,,,,,,,,,,,,,,,,193.8,caranddriver_lightning_lap
Hyundai,KR,Genesis Coupe 3.8 R-spec,2013,,,,,,,,,,,,,,,,,,,,,,,193.9,caranddriver_lightning_lap
Hyundai,KR,Genesis Coupe 3.8L,,,,,,,,,,,,,,,,,,,523.0,2011-07,Dmitry Sokolov,,,,nurburgring
Hyundai,KR,Ioniq 5 N,2024,,,,,,,,,,,,,,,,,,465.59,2024-01-18,Christian Gebhardt,,,,nurburgring
Hyundai,KR,Ioniq 5 N,2025,,,,,,,,,,,,,,,,,,,,,,,180.3,caranddriver_lightning_lap
Hyundai,KR,Ioniq Electric,2017,Electric,8.6,,27.9,,16.7,83,,,,,,,194,,0.82,3240,,,,,,,caranddriver
Hyundai,KR,Ioniq Hybrid,2017,Hybrid,10.5,,32,,17.9,,115,,,,,,,,,3100,,,,,,,caranddriver
Hyundai,KR,Ioniq Hybrid Full,2017,Hybrid,8.9,,26.6,,16.9,82,,,,,,,177,,0.86,3173,,,,,,,caranddriver
Hyundai,KR,Ioniq Plug In Hybrid,2018,Hybrid,10.8,,33.5,,18.2,,115,,,,,,,,,3300,,,,,,,caranddriver
Hyundai,KR,Kona N,2022,,,,,,,,,,,,,,,,,,,,,,,186.1,caranddriver_lightning_lap
Hyundai,KR,Santa Fe Awd,2017,ICE,7.3,,20.3,,15.8,90,,,290,216.3,252 lb-ft,,178,,0.78,4371,,,,,,,caranddriver
Hyundai,KR,Santa Fe Quick Take,2018,ICE,7.3,,20.3,,15.8,90,,,290,216.3,252 lb-ft,,178,,0.78,4250,,,,,,,caranddriver
Hyundai,KR,Sonata,2018,,6.5,,18,,15.2,,130,,,,,,,,,3250,,,,,,,caranddriver
Hyundai,KR,Sonata 2.0T Test,2018,ICE,6.8,,17.5,,15.3,94,,,245,182.7,260 lb-ft,,173,,0.88,3515,,,,,,,caranddriver
Hyundai,KR,Sonata Plug In Hybrid,2017,Hybrid,7.7,,20.9,,16,89,,,,,,,177,,0.83,3833,,,,,,,caranddriver
Hyundai,KR,Sonata Quick Take,2017,,7.9,,22,,16.2,88,,,,,,,165,,0.84,3300,,,,,,,caranddriver
Hyundai,KR,Veloster N Performance Package,2019,,,,,,,,,,,,,,,,,,,,,,,187.7,caranddriver_lightning_lap
Hyundai,KR,"i20 N Performance (Mk3, BC3/BI3, 2021, 1.6 T, 204 PS)",2021,,,,,,,,,,,,,,,,,,513.6,2021-09-01,Christian Gebhardt,,,,nurburgring
Hyundai,KR,"i30 N Performance Package (PD, facelift, 2022, 2.0 T, 280 PS)",2021,,,,,,,,,,,,,,,,,,485.19,2021-12-08,Christian Gebhardt,,,,nurburgring
Hyundai,KR,"i30 N Performance Package (PD, pre-facelift, 2018, 2.0 T, 275 PS)",2018,,,,,,,,,,,,,,,,,,500,2018,Christian Gebhardt,,,,nurburgring
Hyundai,KR,i30N (very wet),,,,,,,,,,,,,,,,,,,,,,94.6,"Series 25, Episode 04",,top_gear
Infiniti,JP,G37S,2008,,,,,,,,,,,,,,,,,,,,,,,197.5,caranddriver_lightning_lap
Infiniti,JP,Q50,2018,,4.5,,10.5,,13,,130,,,,,,,,,3700,,,,,,,caranddriver
Infiniti,JP,Q60 Red Sport 400,2017,ICE,4.5,,10.3,,13.3,109,,,400,298.3,350 lb-ft,,163,,0.9,3866,,,,,,,caranddriver
Infiniti,JP,Q70L 56 Awd,2017,ICE,5.5,,13.1,,14.1,103,,,416,310.2,414 lb-ft,,178,,0.83,4174,,,,,,,caranddriver
Infiniti,JP,Qx30 Sport,2017,ICE,6.2,,16.8,,14.9,95,,,208,155.1,258 lb-ft,,157,,0.9,3341,,,,,,,caranddriver
Infiniti,JP,Qx60 Awd,2017,ICE,7.1,,18,,15.5,93,,,295,220,270 lb-ft,,177,,0.79,4654,,,,,,,caranddriver
Infiniti,JP,Qx70 Awd,2017,ICE,6,,15.7,,14.5,96,,,325,242.4,267 lb-ft,,171,,0.86,4376,,,,,,,caranddriver
Infiniti,JP,Qx80,2018,ICE,6.1,,17,,15,,130,,400,298.3,413 lb-ft,,,,,5750,,,,,,,caranddriver
Iso,IT,Grifo GL 365,1963,,,,,,,,161.0,259.0,,,,"5,354 cc (326.7 cu in) V8 268 kW (365 PS; 360 hp)",,,,,,,,,,,speed_records
Iso,IT,tta Fraschini Tipo KM,1910,,,,,,,,,,119.0,89.0,,,,,,,,,,,,,power_output
Isotta,DE,Fraschini Tipo KM,1910,,,,,,,,,,119.0,89.0,,,,,,,,,,,,,power_output
Jaguar,GB,C-X75,,,,,,,,,,,,,,,,,,,,,,82.2,Stig Laps,,top_gear
Jaguar,GB,E Pace Crossover,2018,ICE,5.9,,18.3,,14.3,,143,,,,,,,,,4200,,,,,,,caranddriver
Jaguar,GB,E-Type (modernised),,,,,,,,,,,,,,,,,,,,,,92.8,"Series 06, Episode 05",,top_gear
Jaguar,GB,F Pace 20D Diesel,2017,ICE,9,,27.6,,16.8,82,,,180,134.2,318 lb-ft,,171,,0.85,4340,,,,,,,caranddriver
Jaguar,GB,F Pace 35T,2017,ICE,5.3,,13.2,,13.8,102,,,340,253.5,332 lb-ft,,171,,0.87,4408,,,,,,,caranddriver
Jaguar,GB,F Pace S,2017,ICE,5.1,,12.8,,13.6,103,,,380,283.4,332 lb-ft,,164,,0.86,4421,,,,,,,caranddriver
Jaguar,GB,F Type Svr Convertible,2017,ICE,3.4,,8,,11.7,122,,,575,428.8,516 lb-ft,,146,,1.02,4104,,,,,,,caranddriver
Jaguar,GB,F Type V 8 S Roadster,2014,ICE,3.8,,8.4,,12,121,,,495,369.1,460 lb-ft,,154,,0.94,3974,,,,,,,caranddriver
Jaguar,GB,F-Type R,2021,,,,,,,,,,,,,,,,,,,,,,,179.5,caranddriver_lightning_lap
Jaguar,GB,F-Type R Coupé,,,,,,,,,,,,,,,,,,,,,,81.6,"Series 22, Episode 07",,top_gear
Jaguar,GB,F-type 2.0T,2018,ICE,5.4,,11.7,,13.8,,155,,296,220.7,295 lb-ft,,,,,3650,,,,,,,caranddriver
Jaguar,GB,F-type Project 7,2016,,,,,,,,,,,,,,,,,,,,,,,182.2,caranddriver_lightning_lap
Jaguar,GB,F-type R coupe,2015,,,,,,,,,,,,,,,,,,,,,,,181,caranddriver_lightning_lap
Jaguar,GB,S-Type Diesel,2004,,,,,,,,,,,,,,,,,,552.0,2004-11-21,Sabine Schmitz,,,,nurburgring
Jaguar,GB,X-Type,,,,,,,,,,,,,,,,,,,,,,106.0,"Series 01, Episode 04",,top_gear
Jaguar,GB,XE 20d AWD Tested &#8211;,2017,ICE,8.4,,24.3,,16.4,85,,,180,134.2,318 lb-ft,,181,,0.88,3943,,,,,,,caranddriver
Jaguar,GB,XE 35t AWD Test,2017,ICE,5.1,,12.3,,13.5,105,,,340,253.5,332 lb-ft,,170,,0.87,4061,,,,,,,caranddriver
Jaguar,GB,XE SV Project 8 (2018),2019,,,,,,,,,,,,,,,,,,443.164,2019-07,Vincent Radermecker,,,,nurburgring
Jaguar,GB,XFR,2011,,,,,,,,,,,,,,,,,,,,,,,188.9,caranddriver_lightning_lap
Jaguar,GB,XFR (written as Jaaaaag XFR),,,,,,,,,,,,,,,,,,,,,,86.7,"Series 13, Episode 05",,top_gear
Jaguar,GB,XFR-S,2014,,,,,,,,,,,,,,,,,,,,,,,186.7,caranddriver_lightning_lap
Jaguar,GB,XJ220,1992,,,,,,,,210.5,338.8,,,,"3,498 cc (213.5 cu in) twin-turbocharged V6 404 kW (550 PS; 542 hp)",,,,,,,,,,,speed_records
Jaguar,GB,XJ220 Prototype,1991,,,,,,,,,,,,,,,,,,466.0,1991,John Nielsen,,,,nurburgring
Jaguar,GB,XJS,,,,,,,,,,,,,,,,,,,476.0,1983-07-09,Tom Walkinshaw,,,,nurburgring
Jaguar,GB,XK120,1949,,,,,,,,124.6,200.5,,,,"3,442 cc (210.0 cu in) inline-6 119 kW (162 PS; 160 hp)",,,,,,,,,,,speed_records
Jaguar,GB,XKR,2006,,,,,,,,,,,,,,,,,,505.0,2006,Horst von Saurma,94.7,"Series 09, Episode 01",,"nurburgring, top_gear"
Jaguar,GB,XKR,2010,,,,,,,,,,,,,,,,,,,,,,,186.4,caranddriver_lightning_lap
Jaguar,GB,"XKR Coupe (X100, 1998, 363 PS)",1998,,,,,,,,,,,,,,,,,,529.0,1998,Horst von Saurma,,,,nurburgring
Jaguar,GB,XKR-S,2012,,,,,,,,,,,,,,,,,,483.0,2012,Horst von Saurma,83.3,"Series 17, Episode 04",,"nurburgring, top_gear"
Jaguar,GB,XKR-S,2013,,,,,,,,,,,,,,,,,,,,,,,182.1,caranddriver_lightning_lap
Jaguar,GB,XKR-S GT,2014,,,,,,,,,,,,,,,,,,,,,,,179.1,caranddriver_lightning_lap
Jaguar,GB,Xe Long Term Test Update Review 2017 Jaguar Xe Page 4,2017,ICE,4.8,,11.9,,13.4,105,,,340,253.5,332 lb-ft,,147,,0.93,4036,,,,,,,caranddriver
Jaguar,GB,Xf 20D Awd,2017,ICE,8.7,,25.1,,16.6,84,,,180,134.2,318 lb-ft,,174,,0.85,4126,,,,,,,caranddriver
Jaguar,GB,Xf S Sportbrake,2018,ICE,5.3,,12.5,,13.8,,121,,380,283.4,332 lb-ft,,,,,4350,,,,,,,caranddriver
Jaguar,GB,Xjr575,2018,ICE,3.9,,8.9,,,,,,575,428.8,516 lb-ft,,151,,0.88,4387,,,,,,,caranddriver
Jeep,US,Compass,2017,ICE,9.3,,30.4,,17.1,,110,,180,134.2,175 lb-ft,,,,,3200,,,,,,,caranddriver
Jeep,US,Compass Trailhawk,2017,ICE,8.9,,28.7,,16.9,82,,,180,134.2,175 lb-ft,,191,,0.75,3680,,,,,,,caranddriver
Jeep,US,Grand Cherokee,2017,,7.6,,22.9,,15.9,88,,,,,,,198,,0.71,4550,,,,,,,caranddriver
Jeep,US,Grand Cherokee SRT8,2012,,,,,,,,,,,,,,,,,,,,,,,197.4,caranddriver_lightning_lap
Jeep,US,Grand Cherokee Srt,2017,ICE,4.4,,11.4,,13,106,,,475,354.2,470 lb-ft,,168,,0.87,5291,,,,,,,caranddriver
Jeep,US,Grand Cherokee Trackhawk,2018,ICE,3.6,,8.9,,12.1,,180,,707,527.2,645 lb-ft,,,,,5300,,,,,,186.9,"caranddriver, caranddriver_lightning_lap"
Jeep,US,Grand Cherokee Trackhawk Full,2018,ICE,3.5,,8.8,,12,115,,,707,527.2,645 lb-ft,,168,,0.89,5258,,,,,,,caranddriver
Jeep,US,Renegade,2018,,9.1,,32.9,,17,81,,,,,,,181,,0.74,3075,,,,,,,caranddriver
Jeep,US,Renegade Deserthawk 4X4,2017,ICE,10.3,,36.2,,17.9,78,,,180,134.2,175 lb-ft,,195,,0.72,3661,,,,,,,caranddriver
Jeep,US,Wrangler,2018,,6.5,,23.9,,15.1,,115,,,,,,,,,4000,,,,,,,caranddriver
Jeep,US,Wrangler Jk,2018,ICE,7.5,,24.9,,15.9,85,,,285,212.5,260 lb-ft,,205,,0.69,4100,,,,,,,caranddriver
KTM,AT,X-Bow,2009,,,,,,,,,,,,,,,,,,,,,,,172.3,caranddriver_lightning_lap
KTM,AT,X-Bow,2010,,,,,,,,,,,,,,,,,,490.0,2010,Horst von Saurma,83.1,—N/a,,"top_gear, nurburgring"
KTM,AT,X-Bow RR,2012,,,,,,,,,,,,,,,,,,445.72,2012,Christopher Haase,,,,nurburgring
Kawasaki,JP,ZX-10R (2011),,,,,,,,,,,,,,,,,,,470.0,2011-09,,,,,nurburgring
Kia,KR,Carnival,2022,,,,,,,,,,,,,,,,,,,,,,,219.1,caranddriver_lightning_lap
Kia,KR,Ceed (melted snow),,,,,,,,,,,,,,,,,,,,,,105.2,"Series 19, Episode 04",,top_gear
Kia,KR,EV6 GT,2023,,,,,,,,,,,,,,,,,,,,,,,184.9,caranddriver_lightning_lap
Kia,KR,Forte5 Sx Turbo Dct Automatic,2017,ICE,6.7,,17.9,,15.3,93,,,201,149.9,195 lb-ft,,176,,0.85,3076,,,,,,,caranddriver
Kia,KR,Forte5 Sx Turbo Manual,2017,ICE,6.6,,17.1,,15,94,,,201,149.9,195 lb-ft,,172,,0.84,3018,,,,,,,caranddriver
Kia,KR,Niro,2017,ICE,,,,,16.7,83,,,,,,,,,,,,,,,,,caranddriver
Kia,KR,Niro Hybrid,2017,Hybrid,10.5,,32,,17.9,,115,,,,,,,,,3200,,,,,,,caranddriver
Kia,KR,Niro Plug In Hybrid,2018,Hybrid,9,,31,,17.3,,107,,,,,,,,,3400,,,,,,,caranddriver
Kia,KR,Optima Hybrid,2017,Hybrid,7.9,,21.7,,16.1,88,123,,,,,,175,,0.81,3640,,,,,,,caranddriver
Kia,KR,Optima Plug In Hybrid,2017,Hybrid,8,,21.2,,16.2,89,,,,,,,185,,0.8,3892,,,,,,,caranddriver
Kia,KR,Optima Sedan Hybrid And Plug In,2017,Hybrid,7.5,,20.4,,15.9,90,,,,,,,179,,0.83,3250,,,,,,,caranddriver
Kia,KR,Rio,2018,ICE,8.9,,26,,16.8,,115,,130,96.9,119 lb-ft,,,,,2650,,,,,,,caranddriver
Kia,KR,Rio Hatchback Automatic,2018,ICE,8.5,,25,,16.7,85,,,130,96.9,119 lb-ft,,182,,0.79,2584,,,,,,,caranddriver
Kia,KR,Sorento,2016,ICE,7.1,,19.5,,15.7,91,,,290,216.3,252 lb-ft,,174,,0.8,4378,,,,,,,caranddriver
Kia,KR,Soul Turbo,2017,ICE,6.5,,18.2,,15.1,93,,,201,149.9,195 lb-ft,,169,,0.81,3202,,,,,,,caranddriver
Kia,KR,Soul Turbo First Drive Reviews,2017,ICE,7.6,,20.2,,15.9,,125,,201,149.9,195 lb-ft,,,,,3250,,,,,,,caranddriver
Kia,KR,Stinger,2018,,4.7,,13.3,,13.5,,130,,,,,,,,,3650,,,,,,,caranddriver
Kia,KR,Stinger Gt,2018,,4.4,,10.6,,12.9,111,,,365,272.2,376 lb-ft,,156,,0.93,4004,,,,,,191.6,"caranddriver, caranddriver_lightning_lap"
Kia,KR,Stinger Gt 33T Awd,2018,ICE,4.6,,11.3,,13.2,108,,,365,272.2,376 lb-ft,,164,,0.91,4157,,,,,,,caranddriver
Koenigsegg,SE,Agera,2010,ICE,,,,,,,,,947.0,706.0,,,,,,,,,,,,,power_output
Koenigsegg,SE,Agera RS,2017,,,,,,,,277.87,447.19,,,,"5,000 cc (310 cu in) twin-turbocharged V8 1,000 kW (1,360 PS; 1,341 hp)",,,,,,,,,,,speed_records
Koenigsegg,SE,CC8S,,,,,,,,,,,,,,,,,,,,,,83.9,"Series 02, Episode 07",,top_gear
Koenigsegg,SE,CCR,2004,,,,,,,,241.009,387.866,806.0,601.0,,"4,700 cc (290 cu in) twin-supercharged V8 601 kW (817 PS; 806 hp)",,,,,454.0,2005-10-17,Horst von Saurma,,,,"nurburgring, power_output, speed_records"
Koenigsegg,SE,CCR,2005,,,,,,,,,,,,,,,,,,454,2005-10-17,Horst von Saurma,,,,nurburgring
Koenigsegg,SE,CCR/CCX,2004,ICE,,,,,,,,,806.0,601.0,,,,,,,,,,,,,power_output
Koenigsegg,SE,CCX,2008,,,,,,,,,,,,,,,,,,453.55,2008-08,Marc Basseng,77.6,"Series 08, Episode 04",,"nurburgring, top_gear"
Koenigsegg,SE,Jesko,2023,ICE,,,,,,,,,1578.0,1177.0,,,,,,,,,,,,,power_output
Koenigsegg,SE,Jesko Attack,,,,,,,,,,,,,,,,,,,,,,70.9,Stig Laps,,top_gear
Koenigsegg,SE,One:1,2014,,,,,,,,,,1341.0,1000.0,,,,,,,,,,,,,power_output
Koenigsegg,SE,One:1/Agera RS,2014,ICE,,,,,,,,,1341.0,1000.0,,,,,,,,,,,,,power_output
Koenigsegg,SE,Regera,2016,Plug-in Hybrid,,,,,,,,,1479.0,1103.0,,,,,,,,,,,,,power_output
Lamborghini,IT,Aventador,2012,ICE,2.7,,,,10.4,,,,,,,,,,,,,,,,,,acceleration
Lamborghini,IT,Aventador LP700-4,2012,,,,,,,,,,,,,,,,,,445.0,2012,Horst von Saurma,76.5,"Series 17, Episode 06",,"nurburgring, top_gear"
Lamborghini,IT,Aventador S First Drive &#8211;,2017,,2.9,,6.2,,10.7,,217,,730,544.4,509 lb-ft,,,,,4100,,,,,,,caranddriver
Lamborghini,IT,Aventador SV,2015,ICE,2.6,2.8,,,10.4,,,,,,,,,,,,,,,,,,acceleration
Lamborghini,IT,Aventador SVJ,2019,ICE,2.5,,,,10.3,,,,,,,,,,,,,,,,,,acceleration
Lamborghini,IT,Aventador SVJ LP770-4 (2018),2018,,,,,,,,,,,,,,,,,,409.42,2018-07-26,Marco Mapelli,,,,nurburgring
Lamborghini,IT,Aventador SuperVeloce LP750-4 (2015),2015,,,,,,,,,,,,,,,,,,419.73,2015-05-18,Marco Mapelli,,,,nurburgring
Lamborghini,IT,Countach 5000QV,1985,,,,,,,,185.0,298.0,,,,"5,167 cc (315.3 cu in) V12 335 kW (455 PS; 449 hp)",,,,,,,,,,,speed_records
Lamborghini,IT,Countach LP500 S,1982,,,,,,,,182.0,293.0,,,,"4,754 cc (290.1 cu in) V12 280 kW (380 PS; 375 hp)",,,,,,,,,,,speed_records
Lamborghini,IT,Countach LPI 800-4,2022,ICE,,,,,,,,,803.0,599.0,,,,,,,,,,,,,power_output
Lamborghini,IT,Diablo GT,2000,,,,,,,,,,,,,,,,,,484.0,2000,Horst von Saurma,,,,nurburgring
Lamborghini,IT,Diablo SuperVeloce,1997,,,,,,,,,,,,,,,,,,489.0,1997,Horst von Saurma,,,,nurburgring
Lamborghini,IT,Gallardo (wet),,,,,,,,,,,,,,,,,,,,,,85.8,"Series 03, Episode 04",,top_gear
Lamborghini,IT,"Gallardo E-Gear (pre-facelift, 2003, 500 PS)",2003,,,,,,,,,,,,,,,,,,472.0,2003,Horst von Saurma,,,,nurburgring
Lamborghini,IT,Gallardo LP560-4,2008,,,,,,,,,,,,,,,,,,472.0,2008,Horst von Saurma,79.5,"Series 12, Episode 01",,"top_gear, nurburgring"
Lamborghini,IT,Gallardo LP570-4 Superleggara,2010,,,,,,,,,,,,,,,,,,,,,,,171.8,caranddriver_lightning_lap
Lamborghini,IT,Gallardo LP570-4 Superleggera,2007,,,,,,,,,,,,,,,,,,466.0,2007,Horst von Saurma,80.8,—N/a,,"nurburgring, top_gear"
Lamborghini,IT,"Gallardo SE (2006, 520 PS)",2006,,,,,,,,,,,,,,,,,,476.65,2006-03,Tom Kristensen,,,,nurburgring
Lamborghini,IT,Gallardo Spyder,2007,,,,,,,,,,,,,,,,,,481.84,2007-05,Wolfgang Kaufmann,85.7,"Series 08, Episode 07",,"top_gear, nurburgring"
Lamborghini,IT,Gallardo Superleggera LP570-4,2010,,,,,,,,,,,,,,,,,,460.76,2010-11,Sascha Bert,,,,nurburgring
Lamborghini,IT,Gallardo Superleggera LP570-4,2011,,,,,,,,,,,,,,,,,,458.0,2011,Horst von Saurma,,,,nurburgring
Lamborghini,IT,Huracan EVO,2020,,,,,,,,,,,,,,,,,,,,,,,165,caranddriver_lightning_lap
Lamborghini,IT,Huracan Performante,2018,,2.4,,5.6,,10.2,,202,,631,470.5,443 lb-ft,,,,,3350,,,,,,,caranddriver
Lamborghini,IT,Huracan Tecnica,2023,,,,,,,,,,,,,,,,,,,,,,,163.9,caranddriver_lightning_lap
Lamborghini,IT,Huracán,2015,ICE,2.5,,,,10.4,,,,,,,,,,,,,,,,,,acceleration
Lamborghini,IT,Huracán LP 610-4,2015,,,,,,,,,,,,,,,,,,,,,,,167.5,caranddriver_lightning_lap
Lamborghini,IT,Huracán LP610-4,2016,,,,,,,,,,,,,,,,,,448.0,2016-07,Christian Gebhardt,75.8,"Series 22, Episode 01",,"nurburgring, top_gear"
Lamborghini,IT,Huracán Performante,2018,ICE,2.2,,,,10.2,,,,,,,,,,,,,,,,,164,"acceleration, caranddriver_lightning_lap"
Lamborghini,IT,Huracán Performante LP640-4 (2017),2016,,,,,,,,,,,,,,,,,,416.45,2016-10-05,Marco Mapelli,,,,nurburgring
Lamborghini,IT,"Huracán Performante LP640-4 (2018, 5.2, 640 PS)",2018,,,,,,,,,,,,,,,,,,427.99,2018-11-09,Christian Gebhardt,,,,nurburgring
Lamborghini,IT,Huracán Performante and Evo,2017,ICE,2.6,2.6,,,,,,,,,,,,,,,,,,,,,acceleration
Lamborghini,IT,Huracán STO,2021,ICE,2.6,,,,10.5,,,,,,,,,,,,,,,74.5,Ben Collins Drives,,"acceleration, top_gear"
Lamborghini,IT,Miura P400,1967,,,,,,,,171.0,275.0,,,,"3,929 cc (239.8 cu in) V12 261 kW (355 PS; 350 hp)",,,,,,,,,,,speed_records
Lamborghini,IT,Miura P400S,1969,,,,,,,,179.3,288.6,,,,"3,929 cc (239.8 cu in) V12 276 kW (375 PS; 370 hp)",,,,,,,,,,,speed_records
Lamborghini,IT,Murciélago,2002,,,,,,,,,,,,,,,,,,470.0,2002,Horst von Saurma,83.7,"Series 03, Episode 04",,"nurburgring, top_gear"
Lamborghini,IT,Murciélago LP640,2007,,,,,,,,,,,,,,,,,,460.0,2007,Giorgio Sanna,79.8,"Series 09, Episode 05",,"nurburgring, top_gear"
Lamborghini,IT,Murciélago LP670-4 SV,2010,,,,,,,,,,,,,,,,,,,,,,,173.9,caranddriver_lightning_lap
Lamborghini,IT,Murciélago LP670-4 SuperVeloce,,,,,,,,,,,,,,,,,,,,,,79.0,"Series 13, Episode 02",,top_gear
Lamborghini,IT,Murciélago SuperVeloce LP670-4,2010,,,,,,,,,,,,,,,,,,462.0,2010,Horst von Saurma,,,,nurburgring
Lamborghini,IT,Revuelto,2023,Plug-in Hybrid,,,,,,,,,1001,746,,,,,,,,,,,,,power_output
Lamborghini,IT,Revuelto,2024,Hybrid,2.2,,,,9.4,,,,1001.0,746.0,,,,,,,,,,,,161.3,"acceleration, power_output, caranddriver_lightning_lap"
Lamborghini,IT,Sián FKP 37,2020,Electric,,,,,,,,,807.0,602.0,,,,,,,,,,,,,power_output
Lamborghini,IT,Urus,2019,ICE,2.93,,,,,,,,,,,,,,,,,,,81.7,"Series 29, Episode 03",175.8,"acceleration, top_gear, caranddriver_lightning_lap"
Land Rover,GB,Discovery,2017,,6,,15.4,,14.6,,130,,,,,,,,,5250,,,,,,,caranddriver
Land Rover,GB,Discovery V 6,2017,ICE,6.3,,16.4,,14.9,95,,,340,253.5,332 lb-ft,,186,,0.74,5498,,,,,,,caranddriver
Land Rover,GB,Rover Discovery Prototype Drive &#8211;,2017,,6.7,,18.6,,15.2,,130,,,,,,,,,5150,,,,,,,caranddriver
Land Rover,GB,Rover Discovery Td6 Diesel Test,2017,ICE,8,,23.6,,16.1,86,,,254,189.4,443 lb-ft,,187,,0.71,5586,,,,,,,caranddriver
Lexus,JP,Es300H Hybrid Tested Reviews,2017,Hybrid,7.8,,20.6,,16,89,,,,,,,172,,,3743,,,,,,,caranddriver
Lexus,JP,GS F,2016,,,,,,,,,,,,,,,,,,,,,,,185.9,caranddriver_lightning_lap
Lexus,JP,Gs200T,2017,ICE,6.6,,16.7,,14.9,95,,,241,179.7,258 lb-ft,,173,,0.86,3869,,,,,,,caranddriver
Lexus,JP,IS,2017,,6,,14.4,,14.4,100,,,,,,,176,,0.84,3600,,,,,,,caranddriver
Lexus,JP,IS F,2008,,,,,,,,,,,,,,,,,,,,,,,194,caranddriver_lightning_lap
Lexus,JP,IS F,2011,,,,,,,,,,,,,,,,,,,,,,,185.4,caranddriver_lightning_lap
Lexus,JP,IS-F,2009,,,,,,,,,,,,,,,,,,498.0,2009,Horst von Saurma,86.9,"Series 12, Episode 05",,"nurburgring, top_gear"
Lexus,JP,IS350 F sport,2014,,,,,,,,,,,,,,,,,,,,,,,193.4,caranddriver_lightning_lap
Lexus,JP,IS500 F Sport,2022,,,,,,,,,,,,,,,,,,,,,,,184.9,caranddriver_lightning_lap
Lexus,JP,Is350 F Sport Rwd,2017,ICE,6,,14.4,,14.4,100,,,306,228.2,277 lb-ft,,176,,0.84,3785,,,,,,,caranddriver
Lexus,JP,LC500,,,,,,,,,,,,,,,,,,,,,,85.6,"Series 25, Episode 03",,top_gear
Lexus,JP,LFA,2010,,,,,,,,,,,,,,,,,,458.0,2010-09,Horst von Saurma,82.8,"Series 14, Episode 07",,"nurburgring, top_gear"
Lexus,JP,LFA,2012,,,,,,,,,,,,,,,,,,,,,,,175.1,caranddriver_lightning_lap
Lexus,JP,LFA Nürburgring Package,2011,,,,,,,,,,,,,,,,,,434.64,2011-08-31,Akira Iida,,,,nurburgring
Lexus,JP,LFA Nürburgring Package,2012,,,,,,,,,,,,,,,,,,454,2012-02,Horst von Saurma,,,,nurburgring
Lexus,JP,Lc500,2018,ICE,4.6,,10.4,,13,112,,,471,351.2,398 lb-ft,,156,,0.93,4378,,,,,,184.8,"caranddriver, caranddriver_lightning_lap"
Lexus,JP,Lc500 Lc500H,2018,,4.3,,10.2,,12.8,,155,,,,,,,,,4300,,,,,,,caranddriver
Lexus,JP,Lc500H Hybrid,2018,Hybrid,4.8,,12.6,,13.6,103,,,,,,,165,,0.91,4521,,,,,,,caranddriver
Lexus,JP,Ls,2018,,5,,11,,13.7,,136,,,,,,,,,4700,,,,,,,caranddriver
Lexus,JP,NX200t / NX300h Hybrid,2017,Hybrid,7.1,,20.5,,15.5,89,,,,,,,183,,0.76,3950,,,,,,,caranddriver
Lexus,JP,RC F,2015,,,,,,,,,,,,,,,,,,,,,,,185.8,caranddriver_lightning_lap
Lexus,JP,RC F GT concept,2016,,,,,,,,,,,,,,,,,,,,,,,163.2,caranddriver_lightning_lap
Lexus,JP,RC F Track Edition,2020,,,,,,,,,,,,,,,,,,,,,,,182.6,caranddriver_lightning_lap
Lexus,JP,Rc Turbo Rc200T,2017,ICE,6.7,,16.3,,15.1,96,,,241,179.7,258 lb-ft,,171,,0.88,3796,,,,,,,caranddriver
Lexus,JP,Rc350 F Sport Rwd,2017,ICE,5.7,,14,,14.2,101,,,306,228.2,277 lb-ft,,168,,0.88,3816,,,,,,,caranddriver
Lincoln,US,Continental 30T Awd,2017,ICE,5,,12,,13.5,106,,,400,298.3,400 lb-ft,,170,,0.84,4555,,,,,,,caranddriver
Lincoln,US,Continental 30T Awd Black Label,2017,ICE,5.3,,12.8,,13.8,103,,,400,298.3,400 lb-ft,,173,,0.85,4707,,,,,,,caranddriver
Lincoln,US,Navigator,2018,ICE,5.2,,14.8,,13.7,,115,,450,335.6,510 lb-ft,,,,,5800,,,,,,,caranddriver
Litchfield,GB,Toyota GR Yaris,,,,,,,,,,,,,,,,,,,,,,85.0,—N/a,,top_gear
Lotus,GB,Elise,2006,,,,,,,,,,,,,,,,,,,,,,,189.2,caranddriver_lightning_lap
Lotus,GB,Elise (wet),,,,,,,,,,,,,,,,,,,,,,94.9,"Series 01, Episode 07",,top_gear
Lotus,GB,Elise SC,2008,,,,,,,,,,,,,,,,,,,,,,,196.6,caranddriver_lightning_lap
Lotus,GB,Elise Sport 190,,,,,,,,,,,,,,,,,,,,,,88.2,"Series 02, Episode 06",,top_gear
Lotus,GB,Esprit Sport 350,1999,,,,,,,,,,,,,,,,,,493.0,1999,Horst von Saurma,,,,nurburgring
Lotus,GB,Esprit V8 (cold tyres),,,,,,,,,,,,,,,,,,,,,,91.9,"Series 01, Episode 10",,top_gear
Lotus,GB,Evija,2023,Electric,,,,,,,,,2012,1500,,,,,,,,,,,,,power_output
Lotus,GB,Evija,2024,Electric,9.5,,,,9.5,,,,2012.0,1500.0,,,,,,,,,,,,,"acceleration, power_output"
Lotus,GB,Evija X,2023,,,,,,,,,,,,,,,,,,384.047,2023-10-13,Dirk Müller,,,,nurburgring
Lotus,GB,Evora,2011,,,,,,,,,,,,,,,,,,,,,,,188.3,caranddriver_lightning_lap
Lotus,GB,Evora (written as Lotus Dress Shop),,,,,,,,,,,,,,,,,,,,,,85.7,"Series 13, Episode 01",,top_gear
Lotus,GB,"Evora 400(2016, 3.5 S/C, 406 PS)",2016,,,,,,,,,,,,,,,,,,479.0,2016,Christian Gebhardt,,,,nurburgring
Lotus,GB,Evora S,2012,,,,,,,,,,,,,,,,,,,,,,,185.3,caranddriver_lightning_lap
Lotus,GB,"Exige (Mk1, 2000, 179 PS)",2000,,,,,,,,,,,,,,,,,,522,2000,Horst von Saurma,,,,nurburgring
Lotus,GB,"Exige (Mk1, 2000, 179 PS)",2004,,,,,,,,,,,,,,,,,,522.0,2000,Horst von Saurma,86.4,"Series 04, Episode 01",,"nurburgring, top_gear"
Lotus,GB,Exige Cup 380 (2017),2017,,,,,,,,,,,,,,,,,,468.13,2017-07-27,Christian Gebhardt,,,,nurburgring
Lotus,GB,Exige S,2007,,,,,,,,,,,,,,,,,,,,,,,184.5,caranddriver_lightning_lap
Lotus,GB,Exige S,2008,,,,,,,,,,,,,,,,,,505.0,2008,Horst von Saurma,85.1,"Series 08, Episode 03",,"nurburgring, top_gear"
Lotus,GB,Exige S 260 Sport,2009,,,,,,,,,,,,,,,,,,,,,,,185,caranddriver_lightning_lap
Lucid,US,Air Dream Edition Performance,2022,Electric,2.6,,,,,,,,,,,,,,,,,,,,,,acceleration
Lucid,US,Air Sapphire,2023,Electric,,,,,,,,,1200,895,,,,,,,,,,,,,power_output
Lucid,US,Air Sapphire,2024,Electric,1.9,,,,9.1,,,,1200.0,895.0,,,,,,,,,,,,160.2,"acceleration, power_output, caranddriver_lightning_lap"
Lucid,US,Gravity Grand Touring,2025,Electric,,,,,,,,,828.0,617.0,,,,,,,,,,,,,power_output
Lynk,CN,& Co 03 Cyan Concept,,,,,,,,,,,,,,,,,,,440.143,2019-08-19,Thed Björk,,,,nurburgring
M-Hero,CN,917 BEV,2023,Electric,,,,,,,,,1073.0,800.0,,,,,,,,,,,,,power_output
MG,GB,XPower SV,,,,,,,,,,,,,,,,,,,,,,88.6,"Series 03, Episode 07",,top_gear
MG,GB,ZR,,,,,,,,,,,,,,,,,,,,,,94.0,"Series 01, Episode 08",,top_gear
MG,GB,ZT 260,,,,,,,,,,,,,,,,,,,,,,93.7,"Series 04, Episode 05",,top_gear
MMX,CN,BMW M2,,,,,,,,,,,,,,,,,,,,,,80.5,Ben Collins Drives,,top_gear
MV,IT,Agusta F4 R 312,,,,,,,,,,,,,,,,,,,441.8,2007-10-15,,,,,nurburgring
March,GB,Engineering 832-BMW,,,,,,,,,,,,,,,,,,,388.03,1983-04-24,Christian Danner,,,,nurburgring
Marcos,GB,TSO GT2,,,,,,,,,,,,,,,,,,,,,,88.2,"Series 07, Episode 05",,top_gear
Maserati,IT,3200 GT,2000,,,,,,,,,,,,,,,,,,517.0,2000,Horst von Saurma,,,,nurburgring
Maserati,IT,4200 GT (very wet),,,,,,,,,,,,,,,,,,,,,,98.0,"Series 01, Episode 08",,top_gear
Maserati,IT,5000 GT,1959,,,,,,,,172.4,277.5,,,,"4,935 cc (301.2 cu in) V8 254 kW (345 PS; 340 bhp)",,,,,,,,,,,speed_records
Maserati,IT,Coupe Cambiocorsa,2002,,,,,,,,,,,,,,,,,,510.0,2002,Horst von Saurma,,,,nurburgring
Maserati,IT,Gran Turismo MC Stradale,,,,,,,,,,,,,,,,,,,,,,83.1,"Series 18, Episode 05",,top_gear
Maserati,IT,GranSport,2005,,,,,,,,,,,,,,,,,,498.0,2005,Horst von Saurma,,,,nurburgring
Maserati,IT,GranTurismo Coupe and Convertible,2018,ICE,4.5,,,,13,,178,,454,338.5,384 lb-ft,,,,,4400,,,,,,,caranddriver
Maserati,IT,"GranTurismo MC Stradale (M145, 2012, N/A 4.7, 450 PS)",2012,,,,,,,,,,,,,,,,,,494.0,2012,Horst von Saurma,,,,nurburgring
Maserati,IT,Levante S Q4,2017,,5.1,,12.3,,13.6,105,,,424,316.2,428 lb-ft,,151,,0.91,4982,,,,,,,caranddriver
Maserati,IT,MC12,2008,,,,,,,,,,,,,,,,,,444.29,2008-08,Marc Basseng,78.9,"Series 06, Episode 02",,"nurburgring, top_gear"
Maserati,IT,MC20,2022,ICE,,,,,11.0,,,,,,,,,,,,,,,76.6,"Series 32, Episode 04",,"acceleration, top_gear"
Maserati,IT,MC20 (very wet),,,,,,,,,,,,,,,,,,,,,,90.4,"Series 32, Episode 04",,top_gear
Maurer,DE,MM82-BMW,,,,,,,,,,,,,,,,,,,426.51,1982-04-25,Stefan Bellof,,,,nurburgring
Mazda,JP,3 20L Automatic Sedan,2017,ICE,7.9,,22.6,,16.2,88,,,155,115.6,150 lb-ft,,171,,0.87,2985,,,,,,,caranddriver
Mazda,JP,3 25L Automatic Sedan,2017,ICE,6.8,,18.5,,15.4,93,,,184,137.2,185 lb-ft,,174,,0.86,3070,,,,,,,caranddriver
Mazda,JP,3 25L Automatic Sedan Quick,2018,ICE,7,,19.2,,15.5,92,,,184,137.2,185 lb-ft,,165,,0.85,3094,,,,,,,caranddriver
Mazda,JP,3 25L Manual,2017,ICE,7.4,,19.4,,15.7,91,,,184,137.2,185 lb-ft,,185,,0.84,3015,,,,,,,caranddriver
Mazda,JP,6 MPS,,,,,,,,,,,,,,,,,,,,,,92.2,"Series 08, Episode 06",,top_gear
Mazda,JP,Cx 5,2017,ICE,7.6,,23,,16,,120,,187,139.4,185 lb-ft,,,,,3550,,,,,,,caranddriver
Mazda,JP,Cx 5 Awd,2017,ICE,8.1,,24.2,,16.3,85,,,187,139.4,185 lb-ft,,182,,0.82,3678,,,,,,,caranddriver
Mazda,JP,Cx 5 Fwd,2017,ICE,7.8,,23.8,,16.2,86,,,187,139.4,185 lb-ft,,177,,0.82,3537,,,,,,,caranddriver
Mazda,JP,MAZDASPEED3 (Mazda3 MPS),2007,,,,,,,,,,,,,,,,,,519.0,2007,Mark Ticehurst,,,,nurburgring
Mazda,JP,MX-5,,,,,,,,,,,,,,,,,,,,,,92.0,"Series 22, Episode 07",,top_gear
Mazda,JP,MX-5,2006,,,,,,,,,,,,,,,,,,,,,,,209.3,caranddriver_lightning_lap
Mazda,JP,MX-5 Miata,2024,,,,,,,,,,,,,,,,,,,,,,,195.6,caranddriver_lightning_lap
Mazda,JP,MX-5 Miata Club,2016,,,,,,,,,,,,,,,,,,,,,,,200.8,caranddriver_lightning_lap
Mazda,JP,MX-5 Miata Cup Car,2016,,,,,,,,,,,,,,,,,,,,,,,186.4,caranddriver_lightning_lap
Mazda,JP,MX-5 Miata RF,2017,ICE,6.3,,18.2,,14.9,,135,,155,115.6,148 lb-ft,,,,,2450,,,,,,,caranddriver
Mazda,JP,MX-5 Miata RF Club,2019,,,,,,,,,,,,,,,,,,,,,,,197.2,caranddriver_lightning_lap
Mazda,JP,Mx 5 Miata,2016,ICE,5.8,,17.3,,14.6,94,,,155,115.6,148 lb-ft,,158,,0.88,2324,,,,,,,caranddriver
Mazda,JP,Mx 5 Miata Rf Manual,2017,ICE,,,,,14.8,93,,,155,115.6,148 lb-ft,,,,,,,,,,,,caranddriver
Mazda,JP,RX-8,,,,,,,,,,,,,,,,,,,,,,91.8,"Series 03, Episode 05",,top_gear
Mazda,JP,RX-8,2006,,,,,,,,,,,,,,,,,,,,,,,199,caranddriver_lightning_lap
Mazda,JP,RX-8 R3,2010,,,,,,,,,,,,,,,,,,,,,,,196.7,caranddriver_lightning_lap
Mazda,JP,speed 3,2007,,,,,,,,,,,,,,,,,,,,,,,196,caranddriver_lightning_lap
Mazda,JP,speed 3,2010,,,,,,,,,,,,,,,,,,,,,,,196.2,caranddriver_lightning_lap
McLaren,GB,12C,2012,ICE,2.9,,,,10.7,,,,,,,,,,,,,,,,,,acceleration
McLaren,GB,570S,2017,ICE,2.7,,,,10.5,,,,,,,,,,,,,,,,,,acceleration
McLaren,GB,570S Spider,2018,ICE,3,,6.2,,10.8,,204,,562,419.1,443 lb-ft,,,,,3300,,,,,,,caranddriver
McLaren,GB,570s,2016,ICE,2.9,2.9,,,,,,,,,,,,,,,,,,,,167.4,"acceleration, caranddriver_lightning_lap"
McLaren,GB,600LT,2019,,,,,,,,,,,,,,,,,,428.82,2019-06-06,Christian Gebhardt,75.1,"Series 27, Episode 01",,"nurburgring, top_gear"
McLaren,GB,600LT Spider,2020,,,,,,,,,,,,,,,,,,,,,,,162.6,caranddriver_lightning_lap
McLaren,GB,620R,,,,,,,,,,,,,,,,,,,,,,77.3,Ben Collins Drives,,top_gear
McLaren,GB,650S,2015,ICE,2.7,,,,10.4,,,,,,,,,,,,,,,,,,acceleration
McLaren,GB,650S Spider,2015,,,,,,,,,,,,,,,,,,455.0,2015,Horst von Saurma,,,165.8,"nurburgring, caranddriver_lightning_lap"
McLaren,GB,675LT,2015,ICE,3.0,3.0,,,,,,,,,,,,,,,,,,73.7,"Series 23, Episode 02",,"acceleration, top_gear"
McLaren,GB,720S,2017,ICE,2.7,,,,,,,,,,,,,,,,,,,,,,acceleration
McLaren,GB,720S,2018,ICE,2.5,2.7,5.5,,9.9,,212,,710,529.4,568 lb-ft,,,,,3150,428.34,2018-06-28,Christian Gebhardt,,,159.7,"acceleration, nurburgring, caranddriver, caranddriver_lightning_lap"
McLaren,GB,750S,2024,ICE,2.3,,,,,,,,,,,,,,,,,,,,,,acceleration
McLaren,GB,765LT,2021,,,,,,,,,,,,,,,,,,,,,,,158.4,caranddriver_lightning_lap
McLaren,GB,Artura,2023,Hybrid,2.6,,,,10.3,,,,,,,,,,,,,,,,,,acceleration
McLaren,GB,Artura Spider,2025,,,,,,,,,,,,,,,,,,,,,,,164,caranddriver_lightning_lap
McLaren,GB,F1,1992,,,,,,,,221,356,618,461,,"6,064 cc (370.0 cu in) BMW S70/2 60° V12 461 kW (627 PS; 618 hp)",,,,,,,,,,,"speed_records, power_output"
McLaren,GB,F1,1995,ICE,10.8,,,,10.8,,221.0,356.0,618.0,461.0,,"6,064 cc (370.0 cu in) BMW S70/2 60° V12 461 kW (627 PS; 618 hp)",,,,,,,,,,,"acceleration, power_output, speed_records"
McLaren,GB,M23–Ford,,,,,,,,,,,,,,,,,,,426.5,1976-07-31,James Hunt,,,,nurburgring
McLaren,GB,MP4-12C,2011,,,,,,,,,,,,,,,,,,448.0,2011,Horst von Saurma,76.2,"Series 17, Episode 03",,"nurburgring, top_gear"
McLaren,GB,MP4-12C GT3,,,,,,,,,,,,,,,,,,,490.921,2014-06-20,Kévin Estre,,,,nurburgring
McLaren,GB,P1,2013,Plug-in Hybrid,,,,,,,,,903,674,,,,,,,,,,,,,power_output
McLaren,GB,P1,2015,Hybrid,2.6,,,,9.8,,,,903.0,674.0,,,,,,,,,,,,,"acceleration, power_output"
McLaren,GB,P1 XP1 LM Prototype,2017,,,,,,,,,,,,,,,,,,403.22,2017-04-27,Kenny Bräck,,,,nurburgring
McLaren,GB,Sabre,2021,ICE,,,,,,,,,824.0,614.0,,,,,,,,,,,,,power_output
McLaren,GB,Senna,2019,ICE,2.9,,,,10.1,,,,,,,,,,,,,,,,,154.9,"acceleration, caranddriver_lightning_lap"
McLaren,GB,Speedtail,2020,Electric,,,,,,,,,1035.0,772.0,,,,,,,,,,,,,power_output
Mercedes-AMG,DE,A45 S 4MATIC+ (W177),2019,,,,,,,,,,,,,,,,,,468.8,2019-10-24,Christian Gebhardt,,,,nurburgring
Mercedes-AMG,DE,C 63 S,,,,,,,,,,,,,,,,,,,,,,82.6,"Series 27, Episode 02",,top_gear
Mercedes-AMG,DE,C43 Cabriolet Test,2017,ICE,4.3,,11.2,,13,107,,,362,269.9,384 lb-ft,,162,,0.93,4165,,,,,,,caranddriver
Mercedes-AMG,DE,C43 Coupe,2017,ICE,4.1,,10.7,,12.8,109,,,362,269.9,384 lb-ft,,158,,0.95,3908,,,,,,,caranddriver
Mercedes-AMG,DE,C43 Sedan,2017,ICE,4.1,,10.5,,12.7,110,,,362,269.9,384 lb-ft,,171,,0.92,3900,,,,,,,caranddriver
Mercedes-AMG,DE,C63 Cabriolet,2017,,3.9,,8.7,,12.2,119,,,503,375.1,516 lb-ft,,155,,0.97,4300,,,,,,,caranddriver
Mercedes-AMG,DE,C63 S,2015,,,,,,,,,,,,,,,,,,,,,,,179.2,caranddriver_lightning_lap
Mercedes-AMG,DE,"C63 S Coupe (W205, facelift, 2019, 4.0 BT, 510 PS)",2019,,,,,,,,,,,,,,,,,,464.13,2019,Christian Gebhardt,,,177.1,"nurburgring, caranddriver_lightning_lap"
Mercedes-AMG,DE,CLA45,2020,,,,,,,,,,,,,,,,,,,,,,,178.2,caranddriver_lightning_lap
Mercedes-AMG,DE,"CLA45s 4MATIC+ (C118, 2022)",2022,,,,,,,,,,,,,,,,,,465.34,2022-02-02,Christian Gebhardt,,,,nurburgring
Mercedes-AMG,DE,Cla45 4Matic,2017,ICE,3.8,,9.4,,12.3,113,,,375,279.6,350 lb-ft,,150,,1,3563,,,,,,,caranddriver
Mercedes-AMG,DE,Cla45 And 2018 Gla45,2017,ICE,4.1,,10.6,,12.7,,155,,375,279.6,350 lb-ft,,,,,3450,,,,,,,caranddriver
Mercedes-AMG,DE,E 63 S 4MATIC+,2018,ICE,2.8,,,,,,,,,,,,,,,,,,,,,,acceleration
Mercedes-AMG,DE,E43 4Matic,2017,ICE,4.2,,10.7,,12.8,109,,,396,295.3,384 lb-ft,,161,,0.92,4287,,,,,,,caranddriver
Mercedes-AMG,DE,E63 E63 S,2018,ICE,3.2,,7.8,,11.5,,155,,,,,,,,,4500,,,,,,,caranddriver
Mercedes-AMG,DE,E63 S,2018,,,,,,,,,,,,,,,,,,,,,,,175.4,caranddriver_lightning_lap
Mercedes-AMG,DE,"E63 S 4MATIC+ Estate (W213, 2017, 612 PS)",2017,,,,,,,,,,,,,,,,,,465.19,2017-09-22,Christian Gebhardt,,,,nurburgring
Mercedes-AMG,DE,E63 S Sedan,2018,ICE,2.9,,6.9,,11,126,,,603,449.7,627 lb-ft,,155,,1.01,4587,,,,,,,caranddriver
Mercedes-AMG,DE,GLC63S Coupe,2018,,,,,,,,,,,,,,,,,,,,,,,181.7,caranddriver_lightning_lap
Mercedes-AMG,DE,GT 63 S,2018,ICE,2.6,,,,,,,,,,,,,,,,,,,,,,acceleration
Mercedes-AMG,DE,GT 63 S 4MATIC+,2019,ICE,2.99,2.99,,,10.7,,,,,,,,,,,,445.41,2018-10-15,Demian Schaffert,,,,"acceleration, nurburgring"
Mercedes-AMG,DE,"GT 63 S 4MATIC+ (X290, 2018)",,,,,,,,,,,,,,,,,,,445.41,2018-10-15,Demian Schaffert,,,,nurburgring
Mercedes-AMG,DE,"GT 63 S 4MATIC+ (X290, 2018)",2018,ICE,2.99,,,,,,,,,,,,,,,,445.41,2018-10-15,Demian Schaffert,,,,"nurburgring, acceleration"
Mercedes-AMG,DE,"GT 63 S 4MATIC+ (X290, 2021)",2020,,,,,,,,,,,,,,,,,,443.01,2020-11-10,Demian Schaffert,,,,nurburgring
Mercedes-AMG,DE,GT 63 S E-Performance,2021,Plug-in Hybrid,,,,,,,,,831,620,,,,,,,,,,,,,power_output
Mercedes-AMG,DE,GT 63 S E-Performance,2022,Hybrid,2.8,2.8,,,,,,,831.0,620.0,,,,,,,448.02,2022-09,Christian Gebhardt,,,,"acceleration, power_output, nurburgring"
Mercedes-AMG,DE,"GT 63 S E-Performance (X290, pre-facelift, 2022, 4.0 TT + 1E-motor, 843 PS)",,,,,,,,,,,,,,,,,,,448.02,2022-09,Christian Gebhardt,,,,nurburgring
Mercedes-AMG,DE,GT Black Series,2020,,,,,,,,,,,,,,,,,,408.05,2020-11-04,Maro Engel,,,,nurburgring
Mercedes-AMG,DE,GT Black Series,2021,ICE,2.9,,,,10.6,,,,,,,,,,,,408.047,2020-11-04,Maro Engel,,,157,"acceleration, nurburgring, caranddriver_lightning_lap"
Mercedes-AMG,DE,GT R,2018,,,,,,,,,,,,,,,,,,,,,,,163.4,caranddriver_lightning_lap
Mercedes-AMG,DE,GT R (2017),2016,,,,,,,,,,,,,,,,,,430.92,2016-11-04,Christian Gebhardt,76.0,"Series 24, Episode 06",,"nurburgring, top_gear"
Mercedes-AMG,DE,GT R Pro,2018,,,,,,,,,,,,,,,,,,424.632,2018-11,Maro Engel,,,,nurburgring
Mercedes-AMG,DE,GT R Pro,2019,,,,,,,,,,,,,,,,,,426.6,2019-05-22,Christian Gebhardt,,,,nurburgring
Mercedes-AMG,DE,GT Roadster / GT C Roadster Drive,2018,ICE,3,,6.9,,11.2,,188,,,,,,,,,3800,,,,,,,caranddriver
Mercedes-AMG,DE,"GT S (pre-facelift, 2015, 510 PS)",2015,,,,,,,,,,,,,,,,,,455.0,2015,Horst von Saurma,,,,nurburgring
Mercedes-AMG,DE,"GT S (pre-facelift, 2016, 510 PS)",2016,,,,,,,,,,,,,,,,,,456,2016,Christian Gebhardt,,,171,"nurburgring, caranddriver_lightning_lap"
Mercedes-AMG,DE,GT3 Evo,,,,,,,,,,,,,,,,,,,489.058,2023-05-19,Raffaele Marciello,,,,nurburgring
Mercedes-AMG,DE,GT63,2024,,,,,,,,,,,,,,,,,,,,,,,170.3,caranddriver_lightning_lap
Mercedes-AMG,DE,GT63 S 4Matic,2019,,,,,,,,,,,,,,,,,,,,,,,169.3,caranddriver_lightning_lap
Mercedes-AMG,DE,GT63 S E Performance,2025,Hybrid,2.4,,,,10.4,,,,,,,,,,,,,,,,,,acceleration
Mercedes-AMG,DE,GTS,,,,,,,,,,,,,,,,,,,,,,77.5,"Series 22, Episode 04",,top_gear
Mercedes-AMG,DE,Glc43 Coupe,2017,ICE,4.3,,11.4,,13,106,,,362,269.9,384 lb-ft,,155,,0.92,4261,,,,,,,caranddriver
Mercedes-AMG,DE,Glc63,2018,,3.6,,8.1,,11.9,,155,,,,,,,,,4500,,,,,,,caranddriver
Mercedes-AMG,DE,Gle43 4Matic,2017,ICE,5.4,,14.7,,14.1,98,,,362,269.9,384 lb-ft,,172,,0.77,5089,,,,,,,caranddriver
Mercedes-AMG,DE,Gt C Coupe,2018,ICE,3.5,,7.3,,11.5,128,,,550,410.1,502 lb-ft,,150,,1.05,3800,,,,,,,caranddriver
Mercedes-AMG,DE,Gt C Roadster Full,2018,ICE,3.3,,7.3,,11.4,126,,,550,410.1,502 lb-ft,,151,,1.04,3804,,,,,,,caranddriver
Mercedes-AMG,DE,One,2022,Plug-in Hybrid,,,,,,,,,1049.0,782.0,,,,,,,389.09,2024-09-23,Maro Engel,,,,"nurburgring, power_output"
Mercedes-AMG,DE,One,2024,,,,,,,,,,,,,,,,,,389.09,2024-09-23,Maro Engel,,,,nurburgring
Mercedes-AMG,DE,S 63 E Performance,2025,Hybrid,2.6,,,,,,,,,,,,,,,,,,,,,,acceleration
Mercedes-AMG,DE,S63 Cabriolet Test &#8211;,2017,ICE,3.7,,8.7,,12.1,117,,,577,430.3,664 lb-ft,,168,,0.89,4929,,,,,,,caranddriver
Mercedes-AMG,DE,SL63,2022,,,,,,,,,,,,,,,,,,,,,,,172.6,caranddriver_lightning_lap
Mercedes-Benz,DE,-Maybach G650 Landaulet First Ride &#8211;,2018,ICE,5.8,,16.4,,14.5,,112,,621,463.1,738 lb-ft,,,,,7300,,,,,,,caranddriver
Mercedes-Benz,DE,-Maybach S550 4MATIC Test,2017,ICE,5,,11.6,,13.5,109,,,449,334.8,516 lb-ft,,157,,,5189,,,,,,,caranddriver
Mercedes-Benz,DE,300 SL,1955,,,,,,,,150.7,242.5,,,,"2,996 cc (182.8 cu in) inline-6 158 kW (215 PS; 212 hp)",,,,,,,,,,,speed_records
Mercedes-Benz,DE,35 HP,1901,,,,,,,,,,35.0,26.0,,,,,,,,,,,,,power_output
Mercedes-Benz,DE,"A 45 AMG|Mercedes-Benz A45 AMG 4MATIC (W176, pre-facelift)",2014,,,,,,,,,,,,,,,,,,490.0,2014-03,Horst von Saurma,,,,nurburgring
Mercedes-Benz,DE,"A45 AMG 4MATIC (W176, facelift)",2016,,,,,,,,,,,,,,,,,,484.0,2016-02,Christian Gebhardt,,,,nurburgring
Mercedes-Benz,DE,AMG E63 S,,,,,,,,,,,,,,,,,,,,,,79.7,"Series 26, Episode 02",,top_gear
Mercedes-Benz,DE,AMG S63,,,,,,,,,,,,,,,,,,,,,,84.0,"Series 24, Episode 03",,top_gear
Mercedes-Benz,DE,B-class EV Quick Take,2017,Electric,6.8,,19.7,,15.4,92,,,,,,,188,,0.75,3950,,,,,,,caranddriver
Mercedes-Benz,DE,C-Class (W203),,,,,,,,,,,,,,,,,,,,,,103.0,"Series 01, Episode 04",,top_gear
Mercedes-Benz,DE,C300 Cabriolet,2018,ICE,6.1,,16.6,,14.7,94,,,241,179.7,273 lb-ft,,158,,0.94,3868,,,,,,,caranddriver
Mercedes-Benz,DE,C300 Coupe 4Matic,2017,ICE,6,,15.8,,14.5,96,,,241,179.7,273 lb-ft,,163,,0.91,3789,,,,,,,caranddriver
Mercedes-Benz,DE,C32 AMG (W203),2001,,,,,,,,,,,,,,,,,,517.0,2001,Horst von Saurma,,,,nurburgring
Mercedes-Benz,DE,C43 AMG (W202),1998,,,,,,,,,,,,,,,,,,531.0,1998,Horst von Saurma,,,,nurburgring
Mercedes-Benz,DE,C55 AMG (W203),2004,,,,,,,,,,,,,,,,,,502.0,2004,Horst von Saurma,,,,nurburgring
Mercedes-Benz,DE,C63 AMG (W204),2008,,,,,,,,,,,,,,,,,,493.0,2008,Horst von Saurma,,,186.5,"nurburgring, caranddriver_lightning_lap"
Mercedes-Benz,DE,C63 AMG Black Series,,,,,,,,,,,,,,,,,,,,,,81.0,"Series 18, Episode 05",,top_gear
Mercedes-Benz,DE,C63 AMG Black Series,2012,,,,,,,,,,,,,,,,,,,,,,,178,caranddriver_lightning_lap
Mercedes-Benz,DE,C63 AMG Coupe Black Series,2011,,,,,,,,,,,,,,,,,,466.0,2011,Horst von Saurma,,,,nurburgring
Mercedes-Benz,DE,C63 AMG Coupe Performance Package (W204),2013,,,,,,,,,,,,,,,,,,481.0,2013-03,Horst von Saurma,,,,nurburgring
Mercedes-Benz,DE,C63 AMG coupe,2012,,,,,,,,,,,,,,,,,,,,,,,186.3,caranddriver_lightning_lap
Mercedes-Benz,DE,CL65 AMG,,,,,,,,,,,,,,,,,,,,,,89.0,"Series 04, Episode 09",,top_gear
Mercedes-Benz,DE,CLA45 AMG,2014,,,,,,,,,,,,,,,,,,,,,,,185.9,caranddriver_lightning_lap
Mercedes-Benz,DE,CLK 63 AMG Black series,,,,,,,,,,,,,,,,,,,,,,86.0,"Series 11, Episode 02",,top_gear
Mercedes-Benz,DE,"CLK DTM AMG (W209, 2004, 582 PS)",2005,,,,,,,,,,,,,,,,,,474.0,2005-02,"Marcus Schurig (chief-editor of ""Sport Auto"" magazine)",,,,nurburgring
Mercedes-Benz,DE,"CLK DTM AMG (W209, 2006, 582 PS)",2006,,,,,,,,,,,,,,,,,,476.5,2006-03,Klaus Ludwig,,,,nurburgring
Mercedes-Benz,DE,CLK430 Coupe (W208),1998,,,,,,,,,,,,,,,,,,532.0,1998,Horst von Saurma,,,,nurburgring
Mercedes-Benz,DE,CLK55 AMG (W208),2000,,,,,,,,,,,,,,,,,,509.0,2000,Horst von Saurma,,,,nurburgring
Mercedes-Benz,DE,CLK63 AMG Black Series,2007,,,,,,,,,,,,,,,,,,465.0,2007-05-01,Bernd Schneider,,,,nurburgring
Mercedes-Benz,DE,CLK63 Black Series,2007,,,,,,,,,,,,,,,,,,485.0,2007,Horst von Saurma,,,,nurburgring
Mercedes-Benz,DE,CLS55 AMG,,,,,,,,,,,,,,,,,,,,,,86.9,"Series 06, Episode 01",,top_gear
Mercedes-Benz,DE,CLS63 AMG,2012,,,,,,,,,,,,,,,,,,,,,,,184.9,caranddriver_lightning_lap
Mercedes-Benz,DE,"CLS63 AMG (W218, facelift, 2013)",2013,,,,,,,,,,,,,,,,,,479.0,2013-07,Horst von Saurma,,,,nurburgring
Mercedes-Benz,DE,"CLS63 AMG Performance Package (W218, pre-facelift, 2011)",2011,,,,,,,,,,,,,,,,,,483.0,2011-05,Horst von Saurma,,,,nurburgring
Mercedes-Benz,DE,Cla250,2017,ICE,6.1,,16.9,,14.8,94,,,208,155.1,258 lb-ft,,159,,0.93,3300,,,,,,,caranddriver
Mercedes-Benz,DE,E Class Cabriolet,2018,ICE,5,,13.1,,13.5,,130,,329,245.3,354 lb-ft,,,,,4400,,,,,,,caranddriver
Mercedes-Benz,DE,E Class Coupe,2018,ICE,5,,13,,13.6,,130,,329,245.3,354 lb-ft,,,,,4050,,,,,,,caranddriver
Mercedes-Benz,DE,E-class Diesels,2018,ICE,5.8,,12,,14.4,,149,,,,,,,,,3750,,,,,,,caranddriver
Mercedes-Benz,DE,E400 4Matic Wagon,2017,ICE,5.1,,12.8,,13.7,103,,,329,245.3,354 lb-ft,,156,,0.87,4442,,,,,,,caranddriver
Mercedes-Benz,DE,E400 Coupe,2018,ICE,5,,12.4,,13.6,104,130,,329,245.3,354 lb-ft,,156,,0.9,4314,,,,,,,caranddriver
Mercedes-Benz,DE,E55 AMG (very wet),,,,,,,,,,,,,,,,,,,,,,95.5,"Series 01, Episode 08",,top_gear
Mercedes-Benz,DE,E63 AMG,2010,,,,,,,,,,,,,,,,,,490.0,2010,Horst von Saurma,84.9,"Series 15, Episode 03",,"top_gear, nurburgring"
Mercedes-Benz,DE,E63 AMG,2011,,,,,,,,,,,,,,,,,,,,,,,186.9,caranddriver_lightning_lap
Mercedes-Benz,DE,"E63 AMG S 4MATIC (W212R, second facelift, 2013, B/T 5.5, 585 PS)",2013,,,,,,,,,,,,,,,,,,475.0,2013-09,Horst von Saurma,,,,nurburgring
Mercedes-Benz,DE,E63 AMG S-model,2014,,,,,,,,,,,,,,,,,,,,,,,180.1,caranddriver_lightning_lap
Mercedes-Benz,DE,G55 AMG (W463),2007,,,,,,,,,,,,,,,,,,685.5,2007-06-29,Wolfgang Kaufmann,,,,nurburgring
Mercedes-Benz,DE,GLC63s AMG 4MATIC+ (X253),2018,,,,,,,,,,,,,,,,,,469.369,2018-11-22,Markus Hofbauer,,,,nurburgring
Mercedes-Benz,DE,Gla Class,2018,ICE,6,,16.8,,14.6,,130,,208,155.1,258 lb-ft,,,,,3350,,,,,,,caranddriver
Mercedes-Benz,DE,Gla250 4Matic,2018,ICE,5.8,,16.5,,14.5,94,,,208,155.1,258 lb-ft,,160,,0.88,3531,,,,,,,caranddriver
Mercedes-Benz,DE,Glc Class,2017,ICE,5.9,,17.6,,14.7,93,,,241,179.7,273 lb-ft,,174,,0.81,3900,,,,,,,caranddriver
Mercedes-Benz,DE,Mercedes Amg S Class Coupe And Cabriolet,2018,,3.2,,7.8,,,,130,,,,,,,,,4750,,,,,,,caranddriver
Mercedes-Benz,DE,S Class,2018,,3.3,,8.6,,12.1,,130,,,,,,,,,4800,,,,,,,caranddriver
Mercedes-Benz,DE,S450,2018,ICE,4.8,,11.1,,13.4,,130,,362,269.9,369 lb-ft,,,,,4550,,,,,,,caranddriver
Mercedes-Benz,DE,S550 4Matic,2017,ICE,4.4,,10.7,,12.9,110,,,449,334.8,516 lb-ft,,177,,0.88,5025,,,,,,,caranddriver
Mercedes-Benz,DE,S63 AMG (wet),,,,,,,,,,,,,,,,,,,,,,92.1,"Series 14, Episode 01",,top_gear
Mercedes-Benz,DE,"SL500 (R230, pre-facelift, 2001, 306 PS)",2001,,,,,,,,,,,,,,,,,,518.0,2001,Horst von Saurma,97.0,"Series 04, Episode 04",,"nurburgring, top_gear"
Mercedes-Benz,DE,"SL55 AMG (R230, 2002, 476 PS)",2002,,,,,,,,,,,,,,,,,,492,2002,Horst von Saurma,,,,nurburgring
Mercedes-Benz,DE,"SL55 AMG (R230, 2002, 476 PS)",2003,,,,,,,,,,,,,,,,,,492.0,2002,Horst von Saurma,93.2,"Series 01, Episode 06",,"nurburgring, top_gear"
Mercedes-Benz,DE,"SL55 AMG (R230, second facelift, 2007, 517 PS)",2007,,,,,,,,,,,,,,,,,,516.1,2007,Dierk Möller-Sonntag,,,,nurburgring
Mercedes-Benz,DE,SL63 AMG,2014,,,,,,,,,,,,,,,,,,,,,,,179.1,caranddriver_lightning_lap
Mercedes-Benz,DE,"SL65 AMG (R230, pre-facelift, 2005)",2005,,,,,,,,,,,,,,,,,,494.0,2005,Horst von Saurma,,,,nurburgring
Mercedes-Benz,DE,SL65 AMG Black Series,2009,,,,,,,,,,,,,,,,,,471.0,2009,Horst von Saurma,83.0,"Series 13, Episode 03",,"nurburgring, top_gear"
Mercedes-Benz,DE,"SLK230 Kompressor AMG (R170, 1997, 193 PS)",1997,,,,,,,,,,,,,,,,,,547.0,1997,Horst von Saurma,,,,nurburgring
Mercedes-Benz,DE,SLK32 AMG (R170),2001,,,,,,,,,,,,,,,,,,506.0,2001,Horst von Saurma,,,,nurburgring
Mercedes-Benz,DE,SLK350,,,,,,,,,,,,,,,,,,,,,,92.9,"Series 05, Episode 07",,top_gear
Mercedes-Benz,DE,SLK55 AMG (R171),2005,,,,,,,,,,,,,,,,,,504.0,2005,Horst von Saurma,,,,nurburgring
Mercedes-Benz,DE,SLK55 AMG Black Series,2007,,,,,,,,,,,,,,,,,,494.0,2007,Horst von Saurma,,,,nurburgring
Mercedes-Benz,DE,SLR McLaren,2004,,,,,,,,,,,,,,,,,,460.0,2004,Klaus Ludwig,80.9,"Series 04, Episode 02",,"nurburgring, top_gear"
Mercedes-Benz,DE,SLS AMG,2010,,,,,,,,,,,,,,,,,,460.0,2010,Horst von Saurma,81.6,—N/a,,"nurburgring, top_gear"
Mercedes-Benz,DE,SLS AMG,2011,,,,,,,,,,,,,,,,,,,,,,,178,caranddriver_lightning_lap
Mercedes-Benz,DE,SLS AMG Black Series,2013,,,,,,,,,,,,,,,,,,445.67,2013-08,Markus Hofbauer,79.0,"Series 20, Episode 04",,"nurburgring, top_gear"
Mercedes-Benz,DE,"SLS AMG Coupe Electric Drive (2013, 751 PS)",2013,,,,,,,,,,,,,,,,,,470.23,2013-06-03,Markus Hofbauer,,,,nurburgring
Mercedes-Benz,DE,SLS AMG Electric Drive,,,,,,,,,,,,,,,,,,,,,,81.7,"Series 20, Episode 04",,top_gear
Mercedes-Benz,DE,SLS AMG GT (2012),2012,,,,,,,,,,,,,,,,,,450.0,2012,,,,,nurburgring
Mercedes-Benz,DE,SLS AMG Roadster,,,,,,,,,,,,,,,,,,,,,,79.6,"Series 18, Episode 02",,top_gear
Mercedes-Benz,DE,Simplex,1902,,,,,,,,,,44.0,33.0,,,,,,,,,,,,,power_output
Mercedes-Benz,DE,Simplex 60 HP,1903,,,,,,,,,,59.0,44.0,,,,,,,,,,,,,power_output
Mercedes-Benz,DE,Sl450,2017,ICE,4.5,,11.2,,13.1,107,,,362,269.9,369 lb-ft,,159,,0.93,3850,,,,,,,caranddriver
Mercedes-Benz,DE,W154,,,,,,,,,,,,,,,,,,,583.1,1938-07-24,Hermann Lang,,,,nurburgring
Mercedes-Benz,DE,X-class Pickup,2018,ICE,10,,34,,17.9,,108,,187,139.4,332 lb-ft,,,,,4950,,,,,,,caranddriver
Mercury,US,Monterey,1958,,,,,,,,,,400.0,298.0,,,,,,,,,,,,,power_output
Mini,GB,Clubman JCW All4,2017,,,,,,,,,,,,,,,,,,,,,,,196,caranddriver_lightning_lap
Mini,GB,Clubman John Cooper Works All4 Manual,2017,ICE,6.7,,16.1,,14.8,96,,,228,170,258 lb-ft,,171,,0.88,3430,,,,,,,caranddriver
Mini,GB,Cooper,,,,,,,,,,,,,,,,,,,,,,108.3,"Series 04, Episode 08",,top_gear
Mini,GB,Cooper Countryman All4 15T Manual,2017,ICE,9.1,,28.5,,17.1,81,,,134,99.9,162 lb-ft,,189,,0.85,3538,,,,,,,caranddriver
Mini,GB,Cooper Coupe John Cooper Works,2012,,,,,,,,,,,,,,,,,,,,,,,198.4,caranddriver_lightning_lap
Mini,GB,Cooper Hardtop John Cooper Works,2015,,,,,,,,,,,,,,,,,,,,,,,195.4,caranddriver_lightning_lap
Mini,GB,Cooper John Cooper Works,2009,,,,,,,,,,,,,,,,,,,,,,,197.1,caranddriver_lightning_lap
Mini,GB,Cooper S,2007,,,,,,,,,,,,,,,,,,,,,,,202.9,caranddriver_lightning_lap
Mini,GB,Cooper S Countryman All4 Manual,2017,ICE,7,,20.2,,15.5,90,,,189,140.9,207 lb-ft,,176,,0.86,3615,,,,,,,caranddriver
Mini,GB,Cooper S E Countryman All4 Plug In Hybrid,2018,Hybrid,5.8,,21.2,,14.6,90,,,,,,,193,,0.82,3915,,,,,,,caranddriver
Mini,GB,"Cooper S JCW (F55/F56/F57, 2015, 2.0 T, 231 PS)",2015,,,,,,,,,,,,,,,,,,515.0,2015,Christian Gebhardt,,,,nurburgring
Mini,GB,"Cooper S JCW (R50/R53, S/C 1.6, 200 PS)",2004,,,,,,,,,,,,,,,,,,535,2004,Horst von Saurma,,,,nurburgring
Mini,GB,"Cooper S JCW (R56/R57, 2009, 1.6 T, 211 PS)",2009,,,,,,,,,,,,,,,,,,515,2009,Horst von Saurma,,,,nurburgring
Mini,GB,"Cooper S JCW GP (Mk3, F56, 2020, 2.0 T, 306 PS)",2020,,,,,,,,,,,,,,,,,,483.86,2020-07-14,Christian Gebhardt,,,,nurburgring
Mini,GB,Cooper S Works,,,,,,,,,,,,,,,,,,,,,,94.2,"Series 05, Episode 06",,top_gear
Mini,GB,Countryman,2017,,7.2,,20,,15.8,,124,,,,,,,,,3300,,,,,,,caranddriver
Mini,GB,"E racer, Electric",2010,,,,,,,,,,,,,,,,,,592.0,2010-04,Thomas Jäger,,,,nurburgring
Mini,GB,John Cooper Works GP,2021,,,,,,,,,,,,,,,,,,,,,,,183.8,caranddriver_lightning_lap
Mini,GB,"John Cooper Works Pro (F56, 2017, 2.0 T, 231 PS)",2017,,,,,,,,,,,,,,,,,,508.0,2017,Christian Gebhardt,,,,nurburgring
Mitsubishi,JP,"Carisma GT Evo VI (Mk6, 1999, 280 PS)",1999,,,,,,,,,,,,,,,,,,505.0,1999,Horst von Saurma,,,,nurburgring
Mitsubishi,JP,"Carisma GT Evo VII (Mk7, 2002, 280 PS)",2002,,,,,,,,,,,,,,,,,,505.0,2002,Horst von Saurma,,,,nurburgring
Mitsubishi,JP,Eclipse Cross,2018,ICE,9.4,,28.2,,17.4,,125,,161,120.1,184 lb-ft,,,,,3300,,,,,,,caranddriver
Mitsubishi,JP,Eclipse Cross U.S. Spec,2018,ICE,9,,28,,17.1,,120,,152,113.3,184 lb-ft,,,,,3550,,,,,,,caranddriver
Mitsubishi,JP,Lancer Evo IX,,,,,,,,,,,,,,,,,,,491.16,,Takayuki Kinoshita,,,,nurburgring
Mitsubishi,JP,Lancer Evolution MR,2006,,,,,,,,,,,,,,,,,,,,,,,193.5,caranddriver_lightning_lap
Mitsubishi,JP,Lancer Evolution MR,2008,,,,,,,,,,,,,,,,,,,,,,,193.3,caranddriver_lightning_lap
Mitsubishi,JP,Lancer Evolution SE,2010,,,,,,,,,,,,,,,,,,,,,,,190.6,caranddriver_lightning_lap
Mitsubishi,JP,Lancer Evolution VIII MR FQ-300,,,,,,,,,,,,,,,,,,,,,,88.9,"Series 02, Episode 06",,top_gear
Mitsubishi,JP,Lancer Evolution VIII MR FQ-400 (damp),,,,,,,,,,,,,,,,,,,,,,84.8,"Series 05, Episode 07",,top_gear
Mitsubishi,JP,Lancer Evolution VIII MR FQ320,,,,,,,,,,,,,,,,,,,,,,86.0,"Series 04, Episode 04",,top_gear
Mitsubishi,JP,Lancer Evolution VIII MR GSR,2003,,,,,,,,,,,,,,,,,,494.98,2003,Motoharu Kurosawa,,,,nurburgring
Mitsubishi,JP,Lancer Evolution X FQ-300,,,,,,,,,,,,,,,,,,,,,,88.22,"Series 11, Episode 02",,top_gear
Mitsubishi,JP,Mirage Hatchback,2017,,10.6,,,,17.5,,100,,78,58.2,74 lb-ft,,,,,2050,,,,,,,caranddriver
Mitsubishi,JP,Outlander Gt V 6 Awd,2017,ICE,7.6,,21.9,,16,89,,,224,167,215 lb-ft,,179,,0.78,3768,,,,,,,caranddriver
Mitsubishi,JP,Outlander Sport 20L Awd,2017,ICE,9.5,,30.5,,17.5,82,,,148,110.4,145 lb-ft,,178,,0.8,3283,,,,,,,caranddriver
Mobility Ventures,US,Mv 1,2016,ICE,8.5,,24,,16.5,,83,,275,205.1,260 lb-ft,,,,,5100,,,,,,,caranddriver
Modified,US,Volkswagen Golf GTI MKII,,,,,,,,,,,,,,,,,,,,,,94.4,—N/a,,top_gear
Modified,US,Volkswagen Golf GTI MKV,,,,,,,,,,,,,,,,,,,,,,91.5,—N/a,,top_gear
Morgan,GB,3 Wheeler (written as Morgan Tricycle),,,,,,,,,,,,,,,,,,,,,,100.4,"Series 18, Episode 06",,top_gear
Morgan,GB,4 4,2018,ICE,7.9,,25,,17.7,,,,110,82,97 lb-ft,,,,,1900,,,,,,,caranddriver
Morgan,GB,"Aero 8 (Series 1, pre-facelift, 2003, 286 PS)",2003,,,,,,,,,,,,,,,,,,519.0,2003-03-01,Horst von Saurma,,,,nurburgring
Morgan,GB,Aero 8 GTN,,,,,,,,,,,,,,,,,,,,,,85.9,"Series 05, Episode 05",,top_gear
Mosler,US,MT900S,2009,,,,,,,,,,,,,,,,,,,,,,,165.9,caranddriver_lightning_lap
Mosler,US,Photon,2012,,,,,,,,,,,,,,,,,,,,,,,169.8,caranddriver_lightning_lap
Mygale,GB,M12-SJ-Ford Ecoboost,,,,,,,,,,,,,,,,,,,442.0,2012-09-04,Nick Tandy,,,,nurburgring
NIO,CN,EP9,2016,Electric,,,,,,,,,1341.0,1000.0,,,,,,,405.9,2017-05-12,Peter Dumbreck,,,,"nurburgring, power_output"
NIO,CN,EP9,2017,,,,,,,,,,,,,,,,,,405.9,2017-05-12,Peter Dumbreck,,,,nurburgring
Napier,GB,80,1908,,,,,,,,,,90.0,67.0,,,,,,,,,,,,,power_output
Napier,GB,Napier,1908,,,,,,,,,,90.0,67.0,,,,,,,,,,,,,power_output
Nissan,JP,300ZX,,,,,,,,,,,,,,,,,,,,,,95.0,"Series 13, Episode 05",,top_gear
Nissan,JP,350Z,2003,,,,,,,,,,,,,,,,,,506.0,2003,Horst von Saurma,91.8,"Series 03, Episode 05",,"nurburgring, top_gear"
Nissan,JP,350Z Track,2006,,,,,,,,,,,,,,,,,,,,,,,192.5,caranddriver_lightning_lap
Nissan,JP,370Z GT,,,,,,,,,,,,,,,,,,,,,,87.5,"Series 13, Episode 06",,top_gear
Nissan,JP,370Z NISMO,2009,,,,,,,,,,,,,,,,,,,,,,,192,caranddriver_lightning_lap
Nissan,JP,Frontier Pro 4X 4X4 Crew Cab Automatic,2017,ICE,7.3,,22.3,,15.8,87,,,261,194.6,281 lb-ft,,189,,0.7,4616,,,,,,,caranddriver
Nissan,JP,GT-R (2009),2008,,,,,,,,,,,,,,,,,,449.03,2008-04-17,Toshio Suzuki,,,,nurburgring
Nissan,JP,GT-R (2009),2009,,,,,,,,,,,,,,,,,,446.7,2009-04-23,Toshio Suzuki,,,175.6,"nurburgring, caranddriver_lightning_lap"
Nissan,JP,GT-R (2011),2010,,,,,,,,,,,,,,,,,,444.22,2010-10-01,Toshio Suzuki,,,,nurburgring
Nissan,JP,GT-R (2013),2012,,,,,,,,,,,,,,,,,,439.1,2012,Toshio Suzuki,77.8,"Series 17, Episode 04",173.2,"nurburgring, top_gear, caranddriver_lightning_lap"
Nissan,JP,GT-R (R35),2011,,,,,,,,,,,,,,,,,,456,2011,Horst von Saurma,,,,nurburgring
Nissan,JP,GT-R NISMO,2015,,,,,,,,,,,,,,,,,,,,,,,169.4,caranddriver_lightning_lap
Nissan,JP,GT-R Nismo,2013,,,,,,,,,,,,,,,,,,428.68,2013-09-30,Michael Krumm,,,,nurburgring
Nissan,JP,GT-R Nismo,2020,ICE,2.48,3.0,,,,,,,,,,,,,,,428.679,2013-09-30,Michael Krumm,,,,"acceleration, nurburgring"
Nissan,JP,GT-R Spec-V,2009,,,,,,,,,,,,,,,,,,454.46,2009,,,,,nurburgring
Nissan,JP,GT-R Track Edition,2017,,,,,,,,,,,,,,,,,,,,,,,173.2,caranddriver_lightning_lap
Nissan,JP,Leaf,2018,,9.5,,,,16.2,,95,,,,,,,,,3450,,,,,,,caranddriver
Nissan,JP,Maxima Test,2017,ICE,5.7,,13.6,,14.2,102,,,300,223.7,261 lb-ft,,173,,0.85,3607,,,,,,,caranddriver
Nissan,JP,Nv3500 Hd High Roof Cargo Van,2017,ICE,7.5,,21.1,,15.9,89,,,375,279.6,387 lb-ft,,210,,0.7,6316,,,,,,,caranddriver
Nissan,JP,Pathfinder,2018,ICE,7.4,,18.7,,15.7,92,,,284,211.8,259 lb-ft,,179,,0.77,4300,,,,,,,caranddriver
Nissan,JP,Rogue Sport,2017,ICE,9.4,,34,,17.3,,120,,141,105.1,147 lb-ft,,,,,3350,,,,,,,caranddriver
Nissan,JP,Rogue Sport Awd,2017,ICE,10,,35.6,,17.6,79,,,141,105.1,147 lb-ft,,180,,0.79,3441,,,,,,,caranddriver
Nissan,JP,Sentra Nismo,2017,ICE,7,,17.5,,15.4,94,,,188,140.2,177 lb-ft,,156,,0.88,3043,,,,,,,caranddriver
Nissan,JP,Skyline GT-R R32,1989,,,,,,,,,,,,,,,,,,502.38,1989,Motoharu Kurosawa,,,,nurburgring
Nissan,JP,Skyline GT-R R33,1995,,,,,,,,,,,,,,,,,,481.72,1995,Motoharu Kurosawa,,,,nurburgring
Nissan,JP,Skyline GT-R R33,1996,,,,,,,,,,,,,,,,,,479.887,1996,Dirk Schoysman,,,,nurburgring
Nissan,JP,Titan V-8 4x4 Single Cab Test,2017,ICE,5.9,,15.9,,14.6,96,,,390,290.8,394 lb-ft,,172,,0.76,5486,,,,,,,caranddriver
Nissan,JP,Titan Xd,2016,ICE,9.4,,28.9,,17.3,82,,,310,231.2,555 lb-ft,,204,,0.66,7280,,,,,,,caranddriver
Nissan,JP,Versa Sedan Automatic,2017,ICE,9.2,,34,,17.1,81,,,109,81.3,107 lb-ft,,176,,0.78,2474,,,,,,,caranddriver
Nissan,JP,Z Nismo,2024,,,,,,,,,,,,,,,,,,,,,,,176.2,caranddriver_lightning_lap
Noble,GB,M12 GTO (wet),,,,,,,,,,,,,,,,,,,,,,92.9,"Series 01, Episode 02",,top_gear
Noble,GB,M12 GTO-3,,,,,,,,,,,,,,,,,,,,,,85.0,"Series 02, Episode 10",,top_gear
Noble,GB,M15,,,,,,,,,,,,,,,,,,,,,,82.5,"Series 08, Episode 08",,top_gear
Noble,GB,M400 (damp) (Shown on Top Gear Revved Up DVD),,,,,,,,,,,,,,,,,,,,,,86.0,—N/a,,top_gear
Noble,GB,M600 (cold),,,,,,,,,,,,,,,,,,,,,,77.7,"Series 14, Episode 05",,top_gear
Opel,DE,"Astra OPC (J, P10, 2012, 2.0 T, 280 PS)",2012,,,,,,,,,,,,,,,,,,500.0,2012,Horst von Saurma,,,,nurburgring
Opel,DE,Corsa 1.6 Turbo OPC,2008,,,,,,,,,,,,,,,,,,534.0,2008,Horst von Saurma,,,,nurburgring
Opel,DE,Corsa B,2020,,,,,,,,,,,,,,,,,,552.0,2020-06-24,Steven Stephan,,,,nurburgring
Opel,DE,Corsa OPC,2007,,,,,,,,,,,,,,,,,,527.99,2007,Manuel Reuter,,,,nurburgring
Opel,DE,Corsa OPC,2015,,,,,,,,,,,,,,,,,,527.99,2007,Manuel Reuter,,,,nurburgring
Opel,DE,Insignia Grand Sport,2017,ICE,5.9,,15.3,,14.6,,155,,256,190.9,295 lb-ft,,,,,3450,,,,,,,caranddriver
Opel,DE,"Speedster Turbo (2004, 200 PS)",2004,,,,,,,,,,,,,,,,,,514.0,2004,Horst von Saurma,,,,nurburgring
Overfinch,GB,580 S (very wet),,,,,,,,,,,,,,,,,,,,,,104.0,"Series 02, Episode 10",,top_gear
P3,US,Suzuki GSX-R600K7,,,,,,,,,,,,,,,,,,,437.0,n/a,,,,,nurburgring
Pagani,IT,Huayra,,,,,,,,,,,,,,,,,,,,,,73.8,"Series 19, Episode 01",,top_gear
Pagani,IT,Huayra Imola,2020,ICE,,,,,,,,,827.0,617.0,,,,,,,,,,,,,power_output
Pagani,IT,Zonda C12 S 7.3 (partly damp),,,,,,,,,,,,,,,,,,,,,,83.8,"Series 01, Episode 01",,top_gear
Pagani,IT,Zonda F,2006,,,,,,,,,,,,,,,,,,453.0,2006,Horst von Saurma,78.4,"Series 07, Episode 04",,"nurburgring, top_gear"
Pagani,IT,Zonda F Clubsport (2005),2007,,,,,,,,,,,,,,,,,,447.82,2007-09,Marc Basseng,,,,nurburgring
Pagani,IT,Zonda F Clubsport (2005),2008,,,,,,,,,,,,,,,,,,444.44,2008-08,Marc Basseng,,,,nurburgring
Pagani,IT,Zonda R,2010,,,,,,,,,,,,,,,,,,407.5,2010-06-29,Marc Basseng,,,,nurburgring
Pagani,IT,Zonda Roadster F (Clubsport Version),,,,,,,,,,,,,,,,,,,,,,77.8,"Series 12, Episode 04",,top_gear
Pagani,IT,Zonda S 7.3 (2002),2002,,,,,,,,,,,,,,,,,,464.0,2002,Horst von Saurma,,,,nurburgring
Pegaso,ES,Z-102,1953,,,,,,,,151.042,243.079,,,,"2,816 cc (171.8 cu in) V8 186 kW (253 PS; 250 bhp)",,,,,,,,,,,speed_records
Peugeot,FR,208 GTi,,,,,,,,,,,,,,,,,,,,,,93.2,"Series 20, Episode 01",,top_gear
Peugeot,FR,RC (wet),,,,,,,,,,,,,,,,,,,,,,92.0,"Series 01, Episode 07",,top_gear
Peugeot,FR,Type 15,1897,,,,,,,,,,8.0,6.0,,,,,,,,,,,,,power_output
Pininfarina,IT,Battista,2022,Electric,,,,,,,,,1900.0,1417.0,,,,,,,,,,,,,power_output
Plymouth,US,Fury Max Wedge Ramcharger II,1963,,,,,,,,,,425.0,317.0,,,,,,,,,,,,,power_output
Pontiac,US,Solstice GXP,2007,,,,,,,,,,,,,,,,,,,,,,,195.7,caranddriver_lightning_lap
Porsche,DE,718 Boxster Cayman Gts,2018,ICE,3.5,,8.6,,11.9,,180,,365,272.2,,,,,,3100,,,,,,,caranddriver
Porsche,DE,718 Boxster Pdk Automatic,2017,ICE,4,,9.9,,12.5,112,,,300,223.7,280 lb-ft,,144,,1.03,3136,,,,,,,caranddriver
Porsche,DE,718 Cayman GT4,2020,,,,,,,,,,,,,,,,,,,,,,,170.3,caranddriver_lightning_lap
Porsche,DE,718 Cayman GT4 RS,2023,,,,,,,,,,,,,,,,,,,,,,,160.5,caranddriver_lightning_lap
Porsche,DE,718 Cayman GT4 RS Manthey,2023,,,,,,,,,,,,,,,,,,,,,,,160.9,caranddriver_lightning_lap
Porsche,DE,718 Cayman GTS,2018,,,,,,,,,,,,,,,,,,,,,,,176.7,caranddriver_lightning_lap
Porsche,DE,718 Cayman GTS (damp),,,,,,,,,,,,,,,,,,,,,,83.5,—N/a,,top_gear
Porsche,DE,718 Cayman Manual,2017,ICE,4.3,,10.5,,12.8,109,,,300,223.7,280 lb-ft,,141,,1.03,3064,,,,,,,caranddriver
Porsche,DE,718 Cayman PDK Automatic Test &#8211;,2017,ICE,3.9,,9.6,,12.4,113,,,300,223.7,280 lb-ft,,146,,1,3140,,,,,,,caranddriver
Porsche,DE,718 Cayman S,2016,,,,,,,,,,,,,,,,,,466.7,2016-09,Christian Gebhardt,81.6,"Series 24, Episode 07",,"top_gear, nurburgring"
Porsche,DE,718 Cayman S,2017,,,,,,,,,,,,,,,,,,,,,,,178.3,caranddriver_lightning_lap
Porsche,DE,718 Cayman S Pdk,2017,ICE,3.6,,8.7,,12,117,,,350,261,309 lb-ft,,142,,1.02,3169,,,,,,,caranddriver
Porsche,DE,911 Carrera (993),1997,,,,,,,,,,,,,,,,,,508,1997,Horst von Saurma,,,,nurburgring
Porsche,DE,911 Carrera (993),1998,,,,,,,,,,,,,,,,,,508.0,1997,Horst von Saurma,,,,nurburgring
Porsche,DE,"911 Carrera (996.2, facelift, 2001, 320 PS)",2001,,,,,,,,,,,,,,,,,,497,2001,Horst von Saurma,,,,nurburgring
Porsche,DE,"911 Carrera 4 (996.1, 2001, 300 PS)",2001,,,,,,,,,,,,,,,,,,503.0,2001,Horst von Saurma,,,,nurburgring
Porsche,DE,911 Carrera 4 PDK Automatic Test,2017,ICE,3.4,,8.7,,11.9,117,,,370,275.9,331 lb-ft,,143,,1.04,3402,,,,,,,caranddriver
Porsche,DE,911 Carrera 4S (992),2020,ICE,2.8,,,,,,,,,,,,,,,,,,,,,,acceleration
Porsche,DE,911 Carrera 4S Targa Automatic Test,2017,ICE,3.3,,8.1,,11.7,119,,,420,313.2,369 lb-ft,,143,,1.04,3687,,,,,,,caranddriver
Porsche,DE,911 Carrera GTS (991.2),2017,,,,,,,,,,,,,,,,,,443.77,2017-05,Christian Gebhardt,,,,nurburgring
Porsche,DE,911 Carrera GTS Cabriolet Manual Test,2017,ICE,3.6,,8.3,,12,119,,,450,335.6,405 lb-ft,,141,,1.05,3425,,,,,,,caranddriver
Porsche,DE,911 Carrera GTS Cabriolet PDK Automatic Test,2017,ICE,3,,7.3,,11.3,122,,,450,335.6,405 lb-ft,,139,,1.03,3475,,,,,,,caranddriver
Porsche,DE,911 Carrera GTS and Carrera 4 GTS (992),2022,ICE,2.8,,,,,,,,,,,,,,,,,,,,,,acceleration
Porsche,DE,911 Carrera Gts Coupe Manual,2017,ICE,3.4,,7.8,,11.6,123,,,450,335.6,405 lb-ft,,141,,1.06,3295,,,,,,,caranddriver
Porsche,DE,911 Carrera Gts Pdk Automatic,2017,ICE,3,,7.2,,11.3,125,,,450,335.6,405 lb-ft,,142,,1.05,3335,,,,,,,caranddriver
Porsche,DE,911 Carrera RS (964),2019,,,,,,,,,,,,,,,,,,503.12,2019,Christian Gebhardt,,,,nurburgring
Porsche,DE,911 Carrera S,2009,,,,,,,,,,,,,,,,,,,,,,,185.8,caranddriver_lightning_lap
Porsche,DE,911 Carrera S,2013,,,,,,,,,,,,,,,,,,,,,,,178.9,caranddriver_lightning_lap
Porsche,DE,"911 Carrera S (991.1, pre-facelift, 2011, 3.8, 400 PS)",2011,,,,,,,,,,,,,,,,,,464,2011,Horst von Saurma,,,,nurburgring
Porsche,DE,"911 Carrera S (991.1, pre-facelift, 2011, N/A 3.8, 400 PS)",2020,ICE,2.9,,,,,,,,,,,,,,,,464.0,2011,Horst von Saurma,86.2,"Series 10, Episode 02",,"nurburgring, acceleration, top_gear"
Porsche,DE,"911 Carrera S (991.1, pre-facelift, 2012, 3.8, 400 PS)",2012,,,,,,,,,,,,,,,,,,457.9,2012-08-28,Timo Glock,,,,nurburgring
Porsche,DE,911 Carrera S (991.2),2016,,,,,,,,,,,,,,,,,,453.67,2016-05,Christian Gebhardt,,,,nurburgring
Porsche,DE,911 Carrera S (992),2019,,,,,,,,,,,,,,,,,,450.41,2019,Christian Gebhardt,,,,nurburgring
Porsche,DE,911 Carrera S (996),2004,,,,,,,,,,,,,,,,,,479,2004,Walter Röhrl,,,,nurburgring
Porsche,DE,"911 Carrera S (997.1, 2005, 3.8, 355 PS)",2005,,,,,,,,,,,,,,,,,,485,2005,Horst von Saurma,,,,nurburgring
Porsche,DE,"911 Carrera S (997.2, 2009)",2008,,,,,,,,,,,,,,,,,,470,2008,Horst von Saurma,,,,nurburgring
Porsche,DE,911 Carrera S Cabriolet Pdk Automatic,2017,ICE,3.2,,7.8,,11.6,122,,,420,313.2,368 lb-ft,,146,,1,3512,,,,,,,caranddriver
Porsche,DE,911 Carrera S Pdk Automatic,2017,ICE,3.1,,7.5,,11.4,123,,,420,313.2,368 lb-ft,,142,,1.04,3363,,,,,,,caranddriver
Porsche,DE,911 Carrera T,2018,ICE,3.4,,8.5,,11.9,,181,,370,275.9,331 lb-ft,,,,,3250,,,,,,173.4,"caranddriver, caranddriver_lightning_lap"
Porsche,DE,"911 Dakar (992, 2023, 3.0 TT, 480 PS)",2023,,,,,,,,,,,,,,,,,,459.4,2023-08-14,Christian Gebhardt,,,,nurburgring
Porsche,DE,911 GT2 (996) by Edo Competition,2005,,,,,,,,,,,,,,,,,,435.63,2005-08-04,Patrick Simon,,,,nurburgring
Porsche,DE,"911 GT2 (996.1, 2001, 462 PS)",2001,,,,,,,,,,,,,,,,,,466,2001,Horst von Saurma,,,,nurburgring
Porsche,DE,"911 GT2 (996.1, 2001, 462 PS)",2007,,,,,,,,,,,,,,,,,,466.0,2001,Horst von Saurma,,,,nurburgring
Porsche,DE,911 GT2 RS (991),2018,ICE,2.5,2.55,,,10.1,,,,,,,,,,,,411.45,2017-09-20,Lars Kern,,,,"acceleration, nurburgring"
Porsche,DE,911 GT2 RS (991.2),,,,,,,,,,,,,,,,,,,411.45,2017-09-20,Lars Kern,,,,nurburgring
Porsche,DE,911 GT2 RS (991.2),2017,ICE,2.55,,,,,,,,,,,,,,,,411.45,2017-09-20,Lars Kern,,,,"nurburgring, acceleration"
Porsche,DE,911 GT2 RS (997.2),2010,,,,,,,,,,,,,,,,,,438,2010,Timo Glock,,,,nurburgring
Porsche,DE,911 GT2 RS MR (991.2) by Manthey Racing,2018,,,,,,,,,,,,,,,,,,400.33,2018-10-25,Lars Kern,,,,nurburgring
Porsche,DE,911 GT2 RS Manthey Performance Kit (991.2),2021,,,,,,,,,,,,,,,,,,403.3,2021-06-14,Lars Kern,,,,nurburgring
Porsche,DE,911 GT2RS Weissach,2018,,,,,,,,,,,,,,,,,,,,,,,157.8,caranddriver_lightning_lap
Porsche,DE,911 GT3,2007,,,,,,,,,,,,,,,,,,,,,,,181.8,caranddriver_lightning_lap
Porsche,DE,911 GT3,2015,,,,,,,,,,,,,,,,,,,,,,,170.4,caranddriver_lightning_lap
Porsche,DE,911 GT3,2018,ICE,3,,6.8,,11.1,,198,,500,372.9,339 lb-ft,,,,,3150,,,,,,167,"caranddriver, caranddriver_lightning_lap"
Porsche,DE,911 GT3,2021,ICE,2.7,3.0,,,10.8,,,,,,,,,,,,452.0,2013-11,Horst von Saurma,83.1,—N/a,,"top_gear, nurburgring, acceleration"
Porsche,DE,911 GT3,2022,,,,,,,,,,,,,,,,,,,,,,,160.6,caranddriver_lightning_lap
Porsche,DE,"911 GT3 (991.1, pre-facelift, 2013, 3.8, 475 PS)",2013,,,,,,,,,,,,,,,,,,452,2013-11,Horst von Saurma,,,,nurburgring
Porsche,DE,911 GT3 (991.2),2017,,,,,,,,,,,,,,,,,,432.7,2017-05-04,Lars Kern,,,,nurburgring
Porsche,DE,"911 GT3 (992.1, 2022)",2020,,,,,,,,,,,,,,,,,,419.93,2020-09-15,Lars Kern,,,,nurburgring
Porsche,DE,911 GT3 (996),2003,,,,,,,,,,,,,,,,,,474,2003,Horst von Saurma,,,,nurburgring
Porsche,DE,"911 GT3 (996.1, pre-facelift, 1999, 360 PS)",1999,,,,,,,,,,,,,,,,,,483,1999,Horst von Saurma,,,,nurburgring
Porsche,DE,"911 GT3 (997.1, pre-facelift, 3.6, 415 PS)",2006,,,,,,,,,,,,,,,,,,462,2006,Walter Röhrl,,,,nurburgring
Porsche,DE,911 GT3 (997.2),2009,,,,,,,,,,,,,,,,,,460,2009,Horst von Saurma,,,,nurburgring
Porsche,DE,911 GT3 Manthey,2022,,,,,,,,,,,,,,,,,,,,,,,159.8,caranddriver_lightning_lap
Porsche,DE,"911 GT3 Manthey Performance Kit (992.1, 2023, N/A 4.0, 510 PS)",2023,,,,,,,,,,,,,,,,,,419.42,2023-02-08,Christian Gebhardt,,,,nurburgring
Porsche,DE,911 GT3 R (991),,,,,,,,,,,,,,,,,,,489.105,2018-05-11,Laurens Vanthoor,,,,nurburgring
Porsche,DE,911 GT3 RS,2019,ICE,2.8,,,,,,,,,,,,,,,,448.0,2015,Christian Gebhardt,81.0,—N/a,,"top_gear, nurburgring, acceleration"
Porsche,DE,911 GT3 RS,2023,,,,,,,,,,,,,,,,,,,,,,,157.2,caranddriver_lightning_lap
Porsche,DE,"911 GT3 RS (991.1, pre-facelift, 2015, 4.0, 500 PS)",2015,,,,,,,,,,,,,,,,,,448,2015,Christian Gebhardt,,,,nurburgring
Porsche,DE,911 GT3 RS (991.2),2018,,,,,,,,,,,,,,,,,,416.4,2018-04-16,Kévin Estre,,,,nurburgring
Porsche,DE,911 GT3 RS (992.1),2022,,,,,,,,,,,,,,,,,,409.33,2022-10-05,Jörg Bergmeister,,,,nurburgring
Porsche,DE,911 GT3 RS (996),2004,,,,,,,,,,,,,,,,,,463,2004-10,Walter Röhrl,,,,nurburgring
Porsche,DE,911 GT3 RS (997.1),2007,,,,,,,,,,,,,,,,,,468,2007,Horst von Saurma,,,,nurburgring
Porsche,DE,"911 GT3 RS (997.2, 2010)",2010,,,,,,,,,,,,,,,,,,453,2010,Horst von Saurma,,,,nurburgring
Porsche,DE,911 GT3 RS 4.0 (997),2011,,,,,,,,,,,,,,,,,,454.92,2011-09,Sascha Bert,,,,nurburgring
Porsche,DE,911 GT3 RS MR (991.1) by Manthey Racing,2017,,,,,,,,,,,,,,,,,,429.59,2017,Christian Gebhardt,,,,nurburgring
Porsche,DE,911 GT3RS,2011,,,,,,,,,,,,,,,,,,,,,,,175.9,caranddriver_lightning_lap
Porsche,DE,911 GT3RS,2016,,,,,,,,,,,,,,,,,,,,,,,167,caranddriver_lightning_lap
Porsche,DE,911 GT3RS,2019,,,,,,,,,,,,,,,,,,,,,,,161.6,caranddriver_lightning_lap
Porsche,DE,911 Sport Classic,,,,,,,,,,,,,,,,,,,,,,82.9,"Series 15, Episode 02",,top_gear
Porsche,DE,911 Targa 4 GTS,2018,ICE,3.1,,9.4,,11.4,,190,,450,335.6,405 lb-ft,,,,,3600,,,,,,,caranddriver
Porsche,DE,911 Targa 4 Pdk Automatic,2017,ICE,3.6,,9.2,,12.1,115,,,370,275.9,331 lb-ft,,143,,0.99,3614,,,,,,,caranddriver
Porsche,DE,911 Turbo,2017,ICE,2.6,,6.3,,10.7,129,,,540,402.7,523 lb-ft,,143,,1.02,3656,,,,,,,caranddriver
Porsche,DE,"911 Turbo (996, 2000, 3.6 TT, 420 PS)",2000,,,,,,,,,,,,,,,,,,476,2000,Horst von Saurma,,,,nurburgring
Porsche,DE,"911 Turbo (996, 2000, 3.6 TT, 420 PS)",2008,,,,,,,,,,,,,,,,,,476.0,2000,Horst von Saurma,107.0,"Series 02, Episode 10",,"nurburgring, top_gear"
Porsche,DE,"911 Turbo (997.1, pre-facelift, 2007, 3.6 TT, 480 PS)",2007,,,,,,,,,,,,,,,,,,474,2007,Horst von Saurma,,,185.8,"nurburgring, caranddriver_lightning_lap"
Porsche,DE,"911 Turbo (997.2, facelift, 2011, 3.8 TT, 500 PS)",2011,,,,,,,,,,,,,,,,,,467,2011,Horst von Saurma,,,,nurburgring
Porsche,DE,911 Turbo 3.3,1991,,,,,,,,,,,,,,,,,,488.73,1991,Motoharu Kurosawa,,,,nurburgring
Porsche,DE,"911 Turbo Cabrio (997.1, pre-facelift, 2007, 480 PS)",2007,,,,,,,,,,,,,,,,,,492.8,2007,Dierk Möller-Sonntag,,,,nurburgring
Porsche,DE,911 Turbo Cabriolet,2017,ICE,2.7,,6.4,,10.8,129,,,540,402.7,523 lb-ft,,138,,1.03,3731,,,,,,,caranddriver
Porsche,DE,911 Turbo S (991 and 991.2),2014,ICE,2.5,,,,,,,,,,,,,,,,454.0,2014-02,Horst von Saurma,,,171.2,"acceleration, nurburgring, caranddriver_lightning_lap"
Porsche,DE,911 Turbo S (991),2013,ICE,2.8,2.8,,,,,,,,,,,,,,,,,,,,,acceleration
Porsche,DE,"911 Turbo S (991.1, pre-facelift, 2014, 3.8 TT, 560 PS)",,,,,,,,,,,,,,,,,,,454.0,2014-02,Horst von Saurma,,,,nurburgring
Porsche,DE,911 Turbo S (991.2),2016,ICE,2.7,2.7,,,,,,,,,,,,,,,,,,,,,acceleration
Porsche,DE,"911 Turbo S (991.2, facelift, 2018, 3.8 TT, 580 PS)",2017,,,,,,,,,,,,,,,,,,437.11,2017-08-24,Christian Gebhardt,,,166.8,"nurburgring, caranddriver_lightning_lap"
Porsche,DE,911 Turbo S (992),2020,ICE,9.9,2.5,,,9.9,,,,,,,,,,,,,,,,,,acceleration
Porsche,DE,"911 Turbo S (992.1, pre-facelift, 2021, 3.7 TT, 650 PS)",2021,,,,,,,,,,,,,,,,,,437.3,2021-01-30,Christian Gebhardt,,,162.5,"nurburgring, caranddriver_lightning_lap"
Porsche,DE,911 Turbo S (997),2011,ICE,2.6,3.0,,,10.7,,,,,,,,,,,,464,2011,Horst von Saurma,,,177.5,"acceleration, nurburgring, caranddriver_lightning_lap"
Porsche,DE,"911 Turbo S (997.2, facelift, 2010, 3.8 TT, 530 PS)",2010,ICE,3,,,,,,,,,,,,,,,,461.23,2010-11,Sascha Bert,,,,"nurburgring, acceleration"
Porsche,DE,911 Turbo S Cabriolet,2017,ICE,2.6,,6.2,,10.6,130,,,580,432.5,553 lb-ft,,144,,1.01,3736,,,,,,,caranddriver
Porsche,DE,911 Turbo S Exclusive,2018,ICE,2.6,,6.1,,10.6,,205,,607,452.6,553 lb-ft,,,,,3550,,,,,,,caranddriver
Porsche,DE,911 Turbo S Lightweight (992),2020,ICE,2.1,,,,,,,,,,,,,,,,,,,,,,acceleration
Porsche,DE,917/10,,,,,,,,,,,,,,,,,,,454.3,1974-06-16,Emerson Fittipaldi,,,,nurburgring
Porsche,DE,918 Spyder,2013,Hybrid,2.53,,,,,,,,874,652,,,,,,,417,2013-09-04,Marc Lieb,,,,"nurburgring, acceleration, power_output"
Porsche,DE,918 Spyder,2014,,,,,,,,,,,,,,,,,,433,2014-06,Horst von Saurma,,,,nurburgring
Porsche,DE,918 Spyder,2015,Hybrid,2.1,2.53,,,9.7,,,,874.0,652.0,,,,,,,417.0,2013-09-04,Marc Lieb,,,163.1,"acceleration, nurburgring, power_output, caranddriver_lightning_lap"
Porsche,DE,919 Hybrid EVO,2018,,,,,,,,,,,,,,,,,,319.546,2018-06-29,Timo Bernhard,,,,nurburgring
Porsche,DE,935 K3,,,,,,,,,,,,,,,,,,,451.7,1979-04-29,Klaus Ludwig,,,,nurburgring
Porsche,DE,956,,,,,,,,,,,,,,,,,,,371.13,1983-05-28,Stefan Bellof,,,,nurburgring
Porsche,DE,959,1986,,,,,,,,198.0,319.0,,,,"2,849 cc (173.9 cu in) twin-turbocharged flat-6 331 kW (450 PS; 444 hp)",,,,,,,,,,,speed_records
Porsche,DE,959 S,1988,,,,,,,,,,508.0,379.0,,,,,,,,,,,,,power_output
Porsche,DE,991 GT2 RS,,,,,,,,,,,,,,,,,,,,,,73.4,"Series 26, Episode 03",,top_gear
Porsche,DE,991 GT3 RS,,,,,,,,,,,,,,,,,,,,,,76.1,"Series 24, Episode 06",,top_gear
Porsche,DE,992 GT3 RS,,,,,,,,,,,,,,,,,,,,,,74.8,Stig Laps,,top_gear
Porsche,DE,992 GT3 RS Manthey,,,,,,,,,,,,,,,,,,,,,,73.3,Stig Laps,,top_gear
Porsche,DE,996 GT3 (very wet),,,,,,,,,,,,,,,,,,,,,,87.2,"Series 03, Episode 01",,top_gear
Porsche,DE,996 GT3 RS,,,,,,,,,,,,,,,,,,,,,,82.3,"Series 04, Episode 03",,top_gear
Porsche,DE,996 GT3-MR,,,,,,,,,,,,,,,,,,,523.367,2006-06-18,Lucas Luhr/Timo Bernhard/Mike Rockenfeller/ Marcel Tiemann,,,,nurburgring
Porsche,DE,996 Turbo,,,,,,,,,,,,,,,,,,,424.0,2003-05-29,Uwe Alzen,91.0,"Series 02, Episode 05",,"nurburgring, top_gear"
Porsche,DE,997 Carrera S (very wet),,,,,,,,,,,,,,,,,,,,,,88.9,"Series 05, Episode 01",,top_gear
Porsche,DE,997 GT2,,,,,,,,,,,,,,,,,,,,,,79.5,"Series 12, Episode 01",,top_gear
Porsche,DE,997 GT3-RSR,,,,,,,,,,,,,,,,,,,516.768,2009-05-25,Timo Bernhard/Marc Lieb/Romain Dumas/Marcel Tiemann,,,,nurburgring
Porsche,DE,997 Turbo,,,,,,,,,,,,,,,,,,,418.0,2009-09-05,Jürgen Alzen,,,,nurburgring
Porsche,DE,997 Turbo Cabriolet,,,,,,,,,,,,,,,,,,,,,,82.2,"Series 15, Episode 04",,top_gear
Porsche,DE,"Boxster (986.1, pre-facelift, 1997, 2.5, 204 PS)",1997,,,,,,,,,,,,,,,,,,534,1997,Horst von Saurma,,,,nurburgring
Porsche,DE,"Boxster (986.1, pre-facelift, 1997, 2.5, 204 PS)",2003,,,,,,,,,,,,,,,,,,534.0,1997,Horst von Saurma,97.0,"Series 03, Episode 02",,"nurburgring, top_gear"
Porsche,DE,Boxster 718 Manual,2017,ICE,4.4,,10.6,,13,109,,,300,223.7,280 lb-ft,,145,,1.01,3059,,,,,,,caranddriver
Porsche,DE,Boxster S,2012,,,,,,,,,,,,,,,,,,484.0,2012,Horst von Saurma,88.7,"Series 05, Episode 07",,"top_gear, nurburgring"
Porsche,DE,Boxster S,2013,,,,,,,,,,,,,,,,,,,,,,,184.2,caranddriver_lightning_lap
Porsche,DE,"Boxster S (986.1, pre-facelift, 1999, 252 PS)",1999,,,,,,,,,,,,,,,,,,512,1999,Horst von Saurma,,,,nurburgring
Porsche,DE,"Boxster S (987.1, pre-facelift, 2006, 282 PS)",2006,,,,,,,,,,,,,,,,,,503,2006,Horst von Saurma,,,,nurburgring
Porsche,DE,"Boxster S (987.2, facelift 2009)",2009,,,,,,,,,,,,,,,,,,498,2009,Horst von Saurma,,,,nurburgring
Porsche,DE,Boxster Spyder,2011,,,,,,,,,,,,,,,,,,,,,,,183.8,caranddriver_lightning_lap
Porsche,DE,Boxster Spyder,2015,,,,,,,,,,,,,,,,,,472.0,2015,Christian Gebhardt,84.9,"Series 15, Episode 02",,"top_gear, nurburgring"
Porsche,DE,Carrera 4S PDK (997),2008,,,,,,,,,,,,,,,,,,484.52,2008-10-27,Sascha Bert,,,,nurburgring
Porsche,DE,Carrera GT,2003,ICE,10.97,,,,10.97,,,,,,,,,,,,459.49,2006-03,Walter Röhrl,79.8,"Series 04, Episode 04",,"acceleration, top_gear, nurburgring"
Porsche,DE,"Carrera GT (2006, 612 PS)",,,,,,,,,,,,,,,,,,,459.49,2006-03,Walter Röhrl,,,,nurburgring
Porsche,DE,"Carrera GT (2006, 612 PS)",2006,,,,,,,,,,,,,,,,,,459.49,2006-03,Walter Röhrl,,,,nurburgring
Porsche,DE,Carrera GT (980),2004,,,,,,,,,,,,,,,,,,448,2004-07-02,Walter Röhrl,,,,nurburgring
Porsche,DE,Carrera GT (980),2008,,,,,,,,,,,,,,,,,,448.71,2008-08,Marc Basseng,,,,nurburgring
Porsche,DE,Carrera GT (980),2024,,,,,,,,,,,,,,,,,,432.69,2024-12-12,Jörg Bergmeister,,,,nurburgring
Porsche,DE,Cayenne,2019,,3.7,,9.1,,12.2,,152,,,,,,,,,4500,,,,,,,caranddriver
Porsche,DE,Cayenne S E Hybrid,2017,Hybrid,5.2,,13,,13.8,103,,,,,,,163,,0.91,5373,,,,,,,caranddriver
Porsche,DE,Cayenne Turbo,2019,,,,,,,,,,,,,,,,,,,,,,,179.2,caranddriver_lightning_lap
Porsche,DE,Cayenne Turbo (958),2012,,,,,,,,,,,,,,,,,,493.0,2012,,,,,nurburgring
Porsche,DE,Cayenne Turbo GT,2022,ICE,2.8,,,,,,,,,,,,,,,,453.95,2021-06-14,Lars Kern,81.2,—N/a,,"acceleration, top_gear, nurburgring"
Porsche,DE,"Cayenne Turbo GT (Mk3, PO536 / 9YA, pre-facelift, 2021, 4.0 TT, 640 PS)",,,,,,,,,,,,,,,,,,,453.95,2021-06-14,Lars Kern,,,,nurburgring
Porsche,DE,"Cayenne Turbo GT (Mk3, PO536 / 9YA, pre-facelift, 2021, 4.0 TT, 640 PS)",2021,,,,,,,,,,,,,,,,,,453.95,2021-06-14,Lars Kern,,,,nurburgring
Porsche,DE,Cayenne Turbo GT Coupe,2022,,,,,,,,,,,,,,,,,,,,,,,172.6,caranddriver_lightning_lap
Porsche,DE,Cayenne Turbo S,2017,ICE,3.8,,9.2,,12.2,115,,,570,425,590 lb-ft,,156,,0.95,5130,,,,,,,caranddriver
Porsche,DE,Cayenne Turbo S (958.2),,,,,,,,,,,,,,,,,,,479.74,,,,,,nurburgring
Porsche,DE,"Cayenne Turbo S (Type 9PA (957), 2009, facelift, 4.8-l, 550 PS))",2009,,,,,,,,,,,,,,,,,,513.99,2009-10-02,Patrick Simon,,,,nurburgring
Porsche,DE,Cayman GT4,2016,,,,,,,,,,,,,,,,,,,,,,,174,caranddriver_lightning_lap
Porsche,DE,"Cayman GT4 (718, 2020, N/A 4.0, 420 PS)",2020,,,,,,,,,,,,,,,,,,452.0,2020,Christian Gebhardt,,,,nurburgring
Porsche,DE,"Cayman GT4 (981, 2015, 3.8, 385 PS)",2015,,,,,,,,,,,,,,,,,,462.39,2015-04,Christian Gebhardt,,,,nurburgring
Porsche,DE,"Cayman GT4 RS (718, 2022, 4.0, 500 PS)",2022,,,,,,,,,,,,,,,,,,436.15,2022-05-09,Christian Gebhardt,,,,nurburgring
Porsche,DE,"Cayman GT4 RS (718, 2022, N/A 4.0, 500 PS)",2021,,,,,,,,,,,,,,,,,,436.15,2022-05-09,Christian Gebhardt,,,,nurburgring
Porsche,DE,Cayman GT4 RS Manthey Performance Kit (982),2023,,,,,,,,,,,,,,,,,,423.121,2023-07-13,Jörg Bergmeister,,,,nurburgring
Porsche,DE,Cayman GTS,,,,,,,,,,,,,,,,,,,,,,81.6,"Series 22, Episode 05",,top_gear
Porsche,DE,Cayman R,2012,,,,,,,,,,,,,,,,,,,,,,,183.9,caranddriver_lightning_lap
Porsche,DE,Cayman R (987.2),2011,,,,,,,,,,,,,,,,,,490.0,2011,Horst von Saurma,,,,nurburgring
Porsche,DE,Cayman S,2013,,,,,,,,,,,,,,,,,,485.0,2013,Horst von Saurma,86.7,"Series 07, Episode 02",,"top_gear, nurburgring"
Porsche,DE,Cayman S,2014,,,,,,,,,,,,,,,,,,,,,,,182.6,caranddriver_lightning_lap
Porsche,DE,"Cayman S (987.1, pre-facelift, 2006, 295 PS)",2006,,,,,,,,,,,,,,,,,,505,2006,Horst von Saurma,,,189.5,"nurburgring, caranddriver_lightning_lap"
Porsche,DE,"Cayman S (987.2, facelift 2009)",2009,,,,,,,,,,,,,,,,,,497,2009,Horst von Saurma,,,185.8,"nurburgring, caranddriver_lightning_lap"
Porsche,DE,Macan S,2017,ICE,5.1,,12.9,,13.6,102,,,340,253.5,339 lb-ft,,160,,0.91,4388,,,,,,,caranddriver
Porsche,DE,Macan Turbo With Performance Package,2017,ICE,3.7,,9.8,,12.4,112,,,440,328.1,442 lb-ft,,153,,0.93,4449,,,,,,,caranddriver
Porsche,DE,Macan Turbo with Performance Package First Drive &#8211;,2017,ICE,4,,10.7,,12.7,,169,,440,328.1,443 lb-ft,,,,,4550,,,,,,,caranddriver
Porsche,DE,Pain Au Chocolat (foot pedalled by Richard Hammond),,,,,,,,,,,,,,,,,,,,,,1117.0,"Series 15, Episode 05",,top_gear
Porsche,DE,Panamera 4 E Hybrid Plug In,2018,Hybrid,4.2,,11,,12.9,,172,,,,,,,,,5100,,,,,,,caranddriver
Porsche,DE,Panamera Sport Turismo,2018,,3,,7.5,,11.3,,170,,,,,,,,,4200,,,,,,,caranddriver
Porsche,DE,Panamera Sport Turismo Turbo S E-Hybrid,2018,Hybrid,2.8,,,,,,,,,,,,,,,,,,,,,,acceleration
Porsche,DE,Panamera Turbo,2016,,,,,,,,,,,,,,,,,,476.0,2009,Walter Röhrl,84.2,"Series 15, Episode 03",,"top_gear, nurburgring"
Porsche,DE,Panamera Turbo,2017,ICE,3,,7.5,,11.3,122,,,550,410.1,567 lb-ft,,153,,0.94,4593,,,,,,179.2,"caranddriver, caranddriver_lightning_lap"
Porsche,DE,"Panamera Turbo (970, pre-facelift, 2009, 4.8 TT, 500 PS)",2009,,,,,,,,,,,,,,,,,,476,2009,Walter Röhrl,,,,nurburgring
Porsche,DE,Panamera Turbo Executive,2017,ICE,3.2,,8,,11.6,121,,,550,410.1,567 lb-ft,,151,,0.94,4795,,,,,,,caranddriver
Porsche,DE,Panamera Turbo S,2021,ICE,2.6,3.0,,,,,,,,,,,,,,,472.0,2012,Horst von Saurma,,,167.8,"acceleration, nurburgring, caranddriver_lightning_lap"
Porsche,DE,"Panamera Turbo S (970, pre-facelift, 2012, 4.8 TT, 550 PS)",,,,,,,,,,,,,,,,,,,472.0,2012,Horst von Saurma,,,,nurburgring
Porsche,DE,"Panamera Turbo S (970, pre-facelift, 2012, 4.8 TT, 550 PS)",2012,,,,,,,,,,,,,,,,,,472,2012,Horst von Saurma,,,180.7,"nurburgring, caranddriver_lightning_lap"
Porsche,DE,"Panamera Turbo S (971.2, 2020)",2020,ICE,3,,,,,,,,,,,,,,,,449.81,2020-07-24,Lars Kern,,,,"nurburgring, acceleration"
Porsche,DE,Panamera Turbo S E-Hybrid,2018,Hybrid,2.9,,7.3,,11.1,,192,,,,,,,,,5200,,,,,,,caranddriver
Porsche,DE,"Panamera Turbo S E-Hybrid (976, 2024)",2024,,,,,,,,,,,,,,,,,,444.172,2024-07-12,Lars Kern,,,,nurburgring
Porsche,DE,Panamera Turbo S E-Hybrid First Ride,2018,Hybrid,3.2,,7.9,,11.5,,193,,,,,,,,,5200,,,,,,,caranddriver
Porsche,DE,Panamera Turbo S E-Hybrid Sport Turismo,2018,Hybrid,2.9,,7.2,,11,,192,,,,,,,,,5150,,,,,,,caranddriver
Porsche,DE,Taycan Turbo,2019,,,,,,,,,,,,,,,,,,462.34,2019-08,Lars Kern,,,,nurburgring
Porsche,DE,Taycan Turbo,2020,Electric,2.9,,,,,,,,,,,,,,,,462.34,2019-08,Lars Kern,,,,"acceleration, nurburgring"
Porsche,DE,Taycan Turbo GT,2024,,,,,,,,,,,,,,,,,,427.55,2024-01-02,Lars Kern,,,,nurburgring
Porsche,DE,Taycan Turbo GT,2025,Electric,1.898,,,,9.06,,,,,,,,,,,,427.55,2024-01-02,Lars Kern,74.3,,161.8,"acceleration, nurburgring, top_gear, caranddriver_lightning_lap"
Porsche,DE,Taycan Turbo S,2019,Electric,2.6,,,,,,,,,,,,,,,,,,,,,,acceleration
Porsche,DE,Taycan Turbo S (2023),2020,Electric,2.4,2.6,,,10.3,,,,,,,,,,,,453.35,2022-04-11,Lars Kern,77.6,"Series 28, Episode 03",175.2,"acceleration, nurburgring, top_gear, caranddriver_lightning_lap"
Porsche,DE,Taycan Turbo S (2023),2022,,,,,,,,,,,,,,,,,,453.35,2022-04-11,Lars Kern,,,,nurburgring
Praga,CZ,Bohema,,,,,,,,,,,,,,,,,,,,,,69.8,Drivetribe,,top_gear
Prodrive,GB,P2 (concept),,,,,,,,,,,,,,,,,,,,,,84.3,"Series 08, Episode 05",,top_gear
RacingLine,GB,Mk8 Golf R,,,,,,,,,,,,,,,,,,,,,,83.5,Ben Collins Drives,,top_gear
Radical,GB,SR8,2005,,,,,,,,,,,,,,,,,,415.0,2005-09-28,Michael Vergers,,,,nurburgring
Radical,GB,SR8 LM,2009,,,,,,,,,,,,,,,,,,412.7,2009-08-19,Michael Vergers,,,,nurburgring
Ram,US,1500,2018,,7,,20.2,,15.5,88,,,,,,,213,,0.69,4800,,,,,,,caranddriver
Ram,US,2500Hd 64L Gasoline V 8 4X4,2017,ICE,7.7,,21.9,,15.9,89,,,410,305.7,429 lb-ft,,196,,0.74,7020,,,,,,,caranddriver
Ram,US,Power Wagon,2017,ICE,8.4,,,,16.5,,99,,410,305.7,429 lb-ft,,,,,7300,,,,,,,caranddriver
Range Rover,GB,Diesel,2016,ICE,7.5,,22.4,,15.8,87,,,254,189.4,443 lb-ft,,179,,0.75,5515,,,,,,,caranddriver
Range Rover,GB,Evoque,2017,ICE,6.6,,19.8,,15.2,90,,,240,179,250 lb-ft,,172,,0.82,4059,,,,,,,caranddriver
Range Rover,GB,Rover SVAutobiography Dynamic &#8211;,2017,ICE,4.7,,11.1,,13.1,,135,,550,410.1,502 lb-ft,,,,,5600,,,,,,,caranddriver
Range Rover,GB,Rover Sport SVR Tested on Performance Tires &#8211;,2016,ICE,4.6,,11,,13,109,,,550,410.1,502 lb-ft,,167,,0.89,5495,,,,,,,caranddriver
Range Rover,GB,Rover Velar Diesel Euro-spec,2018,ICE,6.8,,23.5,,15.2,,135,,238,177.5,368 lb-ft,,,,,4900,,,,,,,caranddriver
Range Rover,GB,Sport,,,,,,,,,,,,,,,,,,,,,,89.4,"Series 20, Episode 06",,top_gear
Range Rover,GB,Sport SVR (2015),2014,,,,,,,,,,,,,,,,,,494.0,2014-05,,,,,nurburgring
Range Rover,GB,Sport Supercharged (2010),2009,,,,,,,,,,,,,,,,,,535.0,2009,Paul Wijgaertz,,,,nurburgring
Range Rover,GB,Sport Supercharged V 8,2017,ICE,4.7,,11,,13.1,109,,,510,380.3,461 lb-ft,,175,,0.92,5564,,,,,,,caranddriver
Range Rover,GB,Supercharged,2017,ICE,4.8,,11.1,,13.2,109,,,510,380.3,461 lb-ft,,186,,0.77,5419,,,,,,,caranddriver
Range Rover,GB,Velar,2018,,5.5,,13.4,,14.1,,130,,,,,,,,,4800,,,,,,,caranddriver
Range Rover,GB,Velar P380,2018,ICE,5.7,,14.6,,14.2,99,,,380,283.4,332 lb-ft,,175,,0.83,4676,,,,,,,caranddriver
Renault,FR,"Avantime (written as ""Our Car"" - post-tuning by presenters)",,,,,,,,,,,,,,,,,,,,,,95.4,"Series 12, Episode 03",,top_gear
Renault,FR,Clio 200,,,,,,,,,,,,,,,,,,,,,,92.0,"Series 20, Episode 01",,top_gear
Renault,FR,Clio 200 Cup (Not Shown on TV),,,,,,,,,,,,,,,,,,,,,,94.0,"Series 17, Episode 02",,top_gear
Renault,FR,"Clio IV RS 1.6 16V Turbo EDC (Mk4, 2013)",2013,,,,,,,,,,,,,,,,,,539.0,2013,Horst von Saurma,,,,nurburgring
Renault,FR,"Clio R.S. 220 Trophy (Mk4, 1-st facelift, 1.6 T, 220 PS)",2016,,,,,,,,,,,,,,,,,,503.0,2016,Christian Gebhardt,,,,nurburgring
Renault,FR,Clio V6,2001,,,,,,,,,,,,,,,,,,529.0,2001,Horst von Saurma,,,,nurburgring
Renault,FR,"Clio V6 Sport (very wet, spin before finishline)",,,,,,,,,,,,,,,,,,,,,,96.2,"Series 02, Episode 05",,top_gear
Renault,FR,Laguna,,,,,,,,,,,,,,,,,,,,,,105.0,"Series 01, Episode 04",,top_gear
Renault,FR,"Megane II Trophy ""Sport Auto"" Edition (Mk2, 2005, 225 PS)",2005,,,,,,,,,,,,,,,,,,518.0,2005,Horst von Saurma,,,,nurburgring
Renault,FR,"Megane III RS (Mk III, 2011, 250 PS)",2011,,,,,,,,,,,,,,,,,,509.0,2011,Horst von Saurma,,,,nurburgring
Renault,FR,"Megane IV RS (Mk IV, 2019, 280 PS)",2019,,,,,,,,,,,,,,,,,,492.0,2019,Christian Gebhardt,,,,nurburgring
Renault,FR,Mégane 225,,,,,,,,,,,,,,,,,,,,,,94.0,"Series 05, Episode 06",,top_gear
Renault,FR,Mégane 225 Cup,,,,,,,,,,,,,,,,,,,,,,92.3,"Series 06, Episode 09",,top_gear
Renault,FR,Mégane III RS 275 Trophy-R,2014,,,,,,,,,,,,,,,,,,474.36,2014-06-16,Laurent Hurgon,,,,nurburgring
Renault,FR,Mégane IV R.S. Trophy-R,2019,,,,,,,,,,,,,,,,,,460.1,2019-04-05,Laurent Hurgon,,,,nurburgring
Renault,FR,Mégane R26.R,,,,,,,,,,,,,,,,,,,,,,88.1,"Series 13, Episode 04",,top_gear
Renault,FR,Mégane RS R26.R,2008,,,,,,,,,,,,,,,,,,496.9,2008-06-23,Vincent Baylé,,,,nurburgring
Renault,FR,Mégane Renault Sport 265 Trophy,2011,,,,,,,,,,,,,,,,,,487.97,2011-06-17,Laurent Hurgon,,,,nurburgring
Renault,FR,Mégane RenaultSport Cup 265,,,,,,,,,,,,,,,,,,,,,,87.7,"Series 19, Episode 04",,top_gear
Renault,FR,Mégane Sport,,,,,,,,,,,,,,,,,,,,,,87.0,"Series 26, Episode 03",,top_gear
Renault,FR,Twingo GT (very wet),,,,,,,,,,,,,,,,,,,,,,109.2,"Series 24, Episode 04",,top_gear
Renault,FR,sport Clio 200,,,,,,,,,,,,,,,,,,,,,,92.0,"Series 20, Episode 01",,top_gear
Renault,FR,sport Mégane 225 Cup,,,,,,,,,,,,,,,,,,,,,,92.3,"Series 06, Episode 09",,top_gear
Rimac,HR,Nevera,2022,Electric,,,,,,,,,1888.0,1408.0,,,,,,,425.298,2023-08-18,Martin Kodrić,,,,"nurburgring, power_output"
Rimac,HR,Nevera,2023,,,,,,,,,,,,,,,,,,425.3,2023-08-18,Martin Kodrić,,,,nurburgring
Rimac,HR,Nevera R,2025,Electric,,,,,,,,,2079.0,1550.0,,,,,,,,,,,,,power_output
Rivian,US,R1S (Quad Motor),2025,Electric,2.6,,,,10.5,,,,,,,,,,,,,,,,,,acceleration
Rivian,US,R1T/Rivian R1S Quad-Motor,2021,Electric,,,,,,,,,835.0,623.0,,,,,,,,,,,,,power_output
Rolls-Royce,GB,Phantom VIII,2018,ICE,4.5,,9.5,,12.8,,155,,563,419.8,664 lb-ft,,,,,5650,,,,,,,caranddriver
Roush,US,Mustang,,,,,,,,,,,,,,,,,,,,,,88.0,"Series 09, Episode 06",,top_gear
Ruf,DE,BTR,1983,,,,,,,,190.0,305.0,,,,"3,367 cc (205.5 cu in) turbocharged flat-6 275 kW (374 PS; 369 hp)",,,,,,,,,,,speed_records
Ruf,DE,CTR,1987,,,,,,,,213.0,342.0,,,,"3,367 cc (205.5 cu in) twin-turbocharged flat-6 345 kW (469 PS; 463 hp)",,,,,,,,,,,speed_records
Ruf,DE,Rt 12,2008,,,,,,,,,,,,,,,,,,455.0,2008,Horst von Saurma,,,,nurburgring
SEAT,ES,León Cupra MK2,,,,,,,,,,,,,,,,,,,,,,93.5,,,top_gear
SEAT,ES,León Cupra R,,,,,,,,,,,,,,,,,,,,,,92.9,"Series 05, Episode 06",,top_gear
SEAT,ES,León Cupra R Mk1,2010,,,,,,,,,,,,,,,,,,523.3,2010-08-07,Øistein Helland,,,,nurburgring
SEAT,ES,León Mk3 Cupra,2014,,,,,,,,,,,,,,,,,,478.4,2014-03,Jordi Gené,,,,nurburgring
SSC,US,Tuatara,2020,ICE,,,,,,,,,1750,1305,,,,,,,,,,,,,power_output
SSC,US,Tuatara,2021,,,,,,,,282.9,455.3,1750.0,1305.0,,"5,900 cc (360 cu in) twin-turbocharged V8 1,300 kW (1,770 PS; 1,750 hp) when on E85 fuel",,,,,,,,,,,"power_output, speed_records"
SSC,US,Ultimate Aero,2007,,,,,,,,256.14,412.22,,,,"6,345 cc (387.2 cu in) twin-turbocharged V8 882 kW (1,200 PS; 1,183 hp)",,,,,,,,,,,speed_records
SSC,US,Ultimate Aero TT,2009,ICE,,,,,,,,,1287.0,960.0,,,,,,,,,,,,,power_output
Saab,SE,9-5 Aero,,,,,,,,,,,,,,,,,,,,,,97.9,"Series 03, Episode 03",,top_gear
Seat,ES,"Leon Cupra (Mk3, 5F, 2015, 2.0 T, 280 PS)",2015,,,,,,,,,,,,,,,,,,494.0,2015,Horst von Saurma,,,,nurburgring
Shelby,US,Cobra Mk. III 427 Competition,1965,,,,,,,,,,485.0,362.0,,,,,,,,,,,,,power_output
Skoda,CZ,Fabia VRS,,,,,,,,,,,,,,,,,,,,,,106.9,"Series 04, Episode 08",,top_gear
Skoda,CZ,Octavia VRS Estate Mk IV,,,,,,,,,,,,,,,,,,,,,,92.3,—N/a,,top_gear
Smart,DE,Fortwo Brabus (very wet),,,,,,,,,,,,,,,,,,,,,,109.1,"Series 24, Episode 04",,top_gear
Smart,DE,Fortwo Cabriolet Automatic Test,2017,ICE,10.2,,,,17.7,78,,,89,66.4,100 lb-ft,,188,,0.71,2235,,,,,,,caranddriver
Smart,DE,Fortwo Electric Drive Cabriolet,2018,Electric,11.1,,,,17.9,,81,,,,,,,,,2450,,,,,,,caranddriver
Spyker,NL,C8 Spyder (with hard top),,,,,,,,,,,,,,,,,,,,,,87.3,"Series 04, Episode 07",,top_gear
Subaru,JP,BRZ,2013,,,,,,,,,,,,,,,,,,,,,,,198.6,caranddriver_lightning_lap
Subaru,JP,BRZ (brake/tire upgrade),2023,,,,,,,,,,,,,,,,,,,,,,,189.3,caranddriver_lightning_lap
Subaru,JP,"BRZ Final Edition (Mk1, ZN6/ZC6, 2020, N/A 2.0, 200 PS)",2020,,,,,,,,,,,,,,,,,,523.6,2020-11-19,Christian Gebhardt,,,,nurburgring
Subaru,JP,BRZ Limited,2022,,,,,,,,,,,,,,,,,,,,,,,192.4,caranddriver_lightning_lap
Subaru,JP,BRZ Performance Package,2017,,,,,,,,,,,,,,,,,,,,,,,199.7,caranddriver_lightning_lap
Subaru,JP,BRZ Performance Package First Drive &#8211;,2017,,6.2,,16.3,,14.8,,135,,205,152.9,156 lb-ft,,,,,2800,,,,,,,caranddriver
Subaru,JP,BRZ tS,2018,,,,,,,,,,,,,,,,,,,,,,,194,caranddriver_lightning_lap
Subaru,JP,BRZ tS,2024,,,,,,,,,,,,,,,,,,,,,,,191.1,caranddriver_lightning_lap
Subaru,JP,Crosstrek,2018,,7.9,,26.7,,16.4,,120,,152,113.3,145 lb-ft,,,,,3100,,,,,,,caranddriver
Subaru,JP,Crosstrek Manual,2018,,9.2,,27.9,,17,81,,,152,113.3,145 lb-ft,,167,,0.81,3166,,,,,,,caranddriver
Subaru,JP,"Impreza GT Turbo (GC8G (Mk1, 2000, 218 PS))",2000,,,,,,,,,,,,,,,,,,517.0,2000,Horst von Saurma,,,,nurburgring
Subaru,JP,Impreza Sedan,2017,,8.5,,25.4,,16.5,,120,,152,113.3,145 lb-ft,,,,,3050,,,,,,,caranddriver
Subaru,JP,Impreza Sedan Manual,2017,,8.4,,25.6,,16.6,84,,,152,113.3,145 lb-ft,,170,,0.82,3125,,,,,,,caranddriver
Subaru,JP,Impreza WRX,2009,,,,,,,,,,,,,,,,,,,,,,,196.6,caranddriver_lightning_lap
Subaru,JP,Impreza WRX (Europe-spec),,,,,,,,,,,,,,,,,,,,,,99.0,"Series 01, Episode 02",,top_gear
Subaru,JP,Impreza WRX STI,2004,,,,,,,,,,,,,,,,,,504.0,2004,Horst von Saurma,88.2,"Series 11, Episode 02",,"top_gear, nurburgring"
Subaru,JP,Impreza WRX STI,2008,,,,,,,,,,,,,,,,,,,,,,,199,caranddriver_lightning_lap
Subaru,JP,Impreza WRX STI Sedan,2011,,,,,,,,,,,,,,,,,,,,,,,193.8,caranddriver_lightning_lap
Subaru,JP,Impreza WRX STI WR1,,,,,,,,,,,,,,,,,,,,,,89.4,"Series 04, Episode 04",,top_gear
Subaru,JP,Impreza WRX STi Sedan (2011) Prototype,2010,,,,,,,,,,,,,,,,,,475.0,2010-04-16,Tommi Mäkinen,,,,nurburgring
Subaru,JP,Impreza WRX Sedan,2011,,,,,,,,,,,,,,,,,,,,,,,196.5,caranddriver_lightning_lap
Subaru,JP,STI S209,2019,,,,,,,,,,,,,,,,,,,,,,,183.4,caranddriver_lightning_lap
Subaru,JP,WRX,2015,,,,,,,,,,,,,,,,,,,,,,,195.5,caranddriver_lightning_lap
Subaru,JP,WRX,2022,,,,,,,,,,,,,,,,,,,,,,,191.6,caranddriver_lightning_lap
Subaru,JP,WRX Performance Package,2018,,,,,,,,,,,,,,,,,,,,,,,191.5,caranddriver_lightning_lap
Subaru,JP,WRX STI Type RA,2018,,,,,,,,,,,,,,,,,,,,,,,184.9,caranddriver_lightning_lap
Subaru,JP,WRX STI Type RA NBR Special,2017,,,,,,,,,,,,,,,,,,417.578,2017-07-21,Richie Stanaway,,,,nurburgring
Subaru,JP,"WRX STi (Mk4, VA, facelift, 2015, 2.5 T, 300 PS)",2015,,,,,,,,,,,,,,,,,,508.0,2015,Christian Gebhardt,,,190.5,"nurburgring, caranddriver_lightning_lap"
Subaru,JP,WRX STi Spec-C,2004,,,,,,,,,,,,,,,,,,486.01,2004,Motoharu Kurosawa,,,,nurburgring
Subaru,JP,WRX tS,2025,,,,,,,,,,,,,,,,,,,,,,,190.4,caranddriver_lightning_lap
Subaru,JP,Wrx Manual With Performance Package,2018,ICE,5.5,,14.9,,14.2,98,,,268,199.8,258 lb-ft,,156,,0.91,3330,,,,,,,caranddriver
Subaru,JP,Wrx Sti,2018,ICE,5.3,,13,,13.8,102,,,305,227.4,290 lb-ft,,158,,0.93,3451,,,,,,,caranddriver
Suzuki,JP,500,,,,,,,,,,,,,,,,,,,502.2,1980-08-24,,,,,nurburgring
Suzuki,JP,GSX-R1000 vs Aprilia RSV1000R,,,,,,,,,,,,,,,,,,,470.0,2002,,,,,nurburgring
Suzuki,JP,GSX-R1000K7,,,,,,,,,,,,,,,,,,,455.7,n/a,,,,,nurburgring
Suzuki,JP,GSXR 1000,,,,,,,,,,,,,,,,,,,466.7,2008-05,,,,,nurburgring
Suzuki,JP,Liana,,,,,,,,,,,,,,,,,,,,,,104.4,"Series 08, Episode 02",,top_gear
TMG,JP,EV P001,,,,,,,,,,,,,,,,,,,467.794,2011-08,Jochen Krumbach,,,,nurburgring
TR,GB,Speed 12 (wet),,,,,,,,,,,,,,,,,,,,,,97.9,DRIVETRIBE,,top_gear
TR,GB,abant P50,1960,,,,,,,,,,,,,,,,,,961,1960-04,Factory team of VEB Sachsenring,,,,nurburgring
TVR,GB,Sagaris,,,,,,,,,,,,,,,,,,,,,,84.6,"Series 06, Episode 07",,top_gear
TVR,GB,T350C,,,,,,,,,,,,,,,,,,,,,,87.5,"Series 02, Episode 10",,top_gear
TVR,GB,Tuscan 2S,,,,,,,,,,,,,,,,,,,,,,86.4,—N/a,,top_gear
TVR,GB,Tuscan Mk.II,,,,,,,,,,,,,,,,,,,,,,84.8,"Series 06, Episode 03",,top_gear
Tesla,US,Cybertruck Cyberbeast,2024,Electric,,,,,,,,,845.0,630.0,,,,,,,,,,,,,power_output
Tesla,US,Model 3 AWD Performance,,,,,,,,,,,,,,,,,,,,,,81.5,"Series 27, Episode 02",,top_gear
Tesla,US,Model 3 Performance,2019,Electric,2.998,,,,,,,,,,,,,,,,491.72,2020,,,,,"acceleration, nurburgring"
Tesla,US,Model 3 Performance,2020,,,,,,,,,,,,,,,,,,491.72,2020,,,,,nurburgring
Tesla,US,Model S P100D,2017,Electric,2.28,,,,10.51,,,,,,,,,,,,,,,,,,acceleration
Tesla,US,Model S P85D,2015,,,,,,,,,,,,,,,,,,530.0,2015,,,,197.4,"nurburgring, caranddriver_lightning_lap"
Tesla,US,Model S P85D Ev Long Term Test Wrap Up,2015,Electric,3.3,,8.6,,11.8,114,,,,,,,161,,0.89,5010,,,,,,,caranddriver
Tesla,US,Model S P90D w/Ludicrous Speed Upgrade,2015,Electric,2.6,,,,10.8,,,,,,,,,,,,,,,,,,acceleration
Tesla,US,Model S Performance w/Ludicrous Mode,2019,Electric,2.9,,,,,,,,,,,,,,,,,,,,,,acceleration
Tesla,US,Model S Performance w/Ludicrous Mode,2020,Electric,2.4,2.9,,,,,,,,,,,,,,,,,,,,,acceleration
Tesla,US,Model S Plaid,2021,Electric,1.98,2.5,,,,,,,,,,,,,,,455.579,2021-09-09,Andreas Simonsen,,,,"acceleration, nurburgring"
Tesla,US,Model S Plaid,2023,Electric,2.5,,,,,,,,,,,,,,,,,,,,,,acceleration
Tesla,US,Model S Plaid Track Package,2023,,,,,,,,,,,,,,,,,,445.231,2023-06-02,Tom Schwister,,,,nurburgring
Tesla,US,Model S Plaid/Tesla Model X Plaid,2021,Electric,,,,,,,,,1020.0,761.0,,,,,,,,,,,,,power_output
Tesla,US,Model X Performance w/Ludicrous Mode,2020,Electric,,,,,10.92,,,,,,,,,,,,,,,,,,acceleration
Tesla,US,Model X Plaid,2021,Electric,2.3,,,,,,,,,,,,,,,,,,,,,,acceleration
Tesla,US,Roadster (mildly moist),,,,,,,,,,,,,,,,,,,,,,87.2,"Series 12, Episode 07",,top_gear
Toyota,JP,4Runner 4X4,2017,ICE,7.5,,21.3,,,,,,270,201.3,278 lb-ft,,183,,0.76,4767,,,,,,,caranddriver
Toyota,JP,86 Automatic,2017,,7.7,,20.3,,16,91,,,200,149.1,151 lb-ft,,165,,0.9,2811,,,,,,,caranddriver
Toyota,JP,Avalon,2018,,6.1,,15.1,,14.5,98,,,,,,,168,,0.82,3500,,,,,,,caranddriver
Toyota,JP,Avensis,,,,,,,,,,,,,,,,,,,,,,105.0,"Series 01, Episode 04",,top_gear
Toyota,JP,C Hr,2018,ICE,11,,33.8,,18.4,79,,,144,107.4,139 lb-ft,,174,,0.81,3286,,,,,,,caranddriver
Toyota,JP,C-HR Euro-Spec Drive &#8211;,2017,,10.7,,28.6,,18.2,,106,,,,,,,,,2950,,,,,,,caranddriver
Toyota,JP,Camry,2018,,5.7,,14.6,,14.3,,115,,,,,,,,,3300,,,,,,,caranddriver
Toyota,JP,Camry Se 25L,2018,ICE,7.9,,20.5,,16.2,90,,,203,151.4,184 lb-ft,,175,,0.88,3409,,,,,,,caranddriver
Toyota,JP,Camry V6 XSE,2019,,,,,,,,,,,,,,,,,,,,,,,205.3,caranddriver_lightning_lap
Toyota,JP,Camry Xle Hybrid,2018,Hybrid,7.9,,19.3,,16,91,,,,,,,180,,0.84,3656,,,,,,,caranddriver
Toyota,JP,Camry Xse V 6,2018,ICE,5.8,,14.4,,14.4,100,,,301,224.5,267 lb-ft,,167,,0.87,3665,,,,,,,caranddriver
Toyota,JP,Corolla Automatic,2017,ICE,9.5,,29.7,,17.4,82,,,132,98.4,128 lb-ft,,183,,0.82,2957,,,,,,,caranddriver
Toyota,JP,Corolla Im Automatic,2017,ICE,9.1,,27.9,,17.2,83,,,137,102.2,125 lb-ft,,175,,0.84,3030,,,,,,,caranddriver
Toyota,JP,GR Corolla Morizo Edition,2023,,,,,,,,,,,,,,,,,,,,,,,179.6,caranddriver_lightning_lap
Toyota,JP,GR Supra (A90/J29),2019,,,,,,,,,,,,,,,,,,472.17,2019-08-22,Christian Gebhardt,,,,nurburgring
Toyota,JP,GR Supra 3.0,2023,,,,,,,,,,,,,,,,,,,,,,,175.6,caranddriver_lightning_lap
Toyota,JP,GR Supra Pro,,,,,,,,,,,,,,,,,,,,,,83.2,—N/a,,top_gear
Toyota,JP,GR Yaris,2021,,,,,,,,,,,,,,,,,,494.93,2021-04-07,Christian Gebhardt,86.3,—N/a,,"top_gear, nurburgring"
Toyota,JP,GR86 (2023),2022,,,,,,,,,,,,,,,,,,507.27,2022,Christian Gebhardt,,,,nurburgring
Toyota,JP,GR86 Premium,2022,,,,,,,,,,,,,,,,,,,,,,,191.8,caranddriver_lightning_lap
Toyota,JP,"GT86 (Mk1, ZN6/ZC6, 2012, N/A 2.0, 200 PS)",2013,,,,,,,,,,,,,,,,,,525.0,2013,Horst von Saurma,91.3,"Series 19, Episode 03",,"nurburgring, top_gear"
Toyota,JP,Highlander Hybrid Awd,2017,Hybrid,7,,17.2,,15.4,94,,,,,,,183,,0.77,4891,,,,,,,caranddriver
Toyota,JP,Highlander V 6 Awd,2017,ICE,7,,18.4,,15.6,93,,,295,220,263 lb-ft,,181,,0.79,4560,,,,,,,caranddriver
Toyota,JP,Prius,2001,Electric,13,,,,19.2,73,,,,,,,183,,,2878,,,,,,,caranddriver
Toyota,JP,Prius Prime Plug In Hybrid,2017,Hybrid,,,,,17.7,79,,,,,,,189,,0.83,,,,,,,,caranddriver
Toyota,JP,Prius Three Touring,2017,Electric,10.5,,30.6,,17.8,79,,,,,,,180,,0.82,3113,,,,,,,caranddriver
Toyota,JP,Rav4 Rav4 Hybrid Reviews,2017,Hybrid,8.4,,27,,16.7,84,,,194,144.7,,,184,,0.75,3400,,,,,,,caranddriver
Toyota,JP,Sienna Awd,2017,ICE,7,,18.4,,15.4,92,,,296,220.7,263 lb-ft,,177,,0.77,4795,,,,,,,caranddriver
Toyota,JP,Sienna Fwd,2017,ICE,6.8,,18.3,,15.5,93,,,296,220.7,263 lb-ft,,184,,0.73,4602,,,,,,,caranddriver
Toyota,JP,Supra,1997,,,,,,,,,,,,,,,,,,469.0,1997,Herbert Schürg,,,,nurburgring
Toyota,JP,Supra 2.0,2021,,,,,,,,,,,,,,,,,,,,,,,189,caranddriver_lightning_lap
Toyota,JP,Supra 3.0 Premium,2021,,,,,,,,,,,,,,,,,,,,,,,179.3,caranddriver_lightning_lap
Toyota,JP,Supra MKV,,,,,,,,,,,,,,,,,,,,,,83.1,"Series 27, Episode 05",,top_gear
Toyota,JP,Supra Mk4,,,,,,,,,,,,,,,,,,,,,,93.3,—N/a,,top_gear
Toyota,JP,Supra Premium,2020,,,,,,,,,,,,,,,,,,,,,,,181.4,caranddriver_lightning_lap
Toyota,JP,TMG EV P002,2012,,,,,,,,,,,,,,,,,,442.329,2012-10-02,Jochen Krumbach,,,,nurburgring
Toyota,JP,Tundra 57L V 8 Crewmax 4X4,2017,ICE,6.4,,18.5,,15.1,92,,,381,284.1,401 lb-ft,,190,,0.7,5858,,,,,,,caranddriver
Toyota,JP,"Yaris GRMN (Mk3, XP13, 2019, S/C 1.8, 212 PS)",2019,,,,,,,,,,,,,,,,,,8.44,2019-04-09,Christian Gebhardt,,,,nurburgring
Trabant,DE,P50,,,,,,,,,,,,,,,,,,,961.0,1960-04,Factory team of VEB Sachsenring,,,,nurburgring
Tuthill,GB,911K,,,,,,,,,,,,,,,,,,,,,,82.5,Stig Laps,,top_gear
Tyrrell,GB,P34–Ford,,,,,,,,,,,,,,,,,,,430.8,1976-08-01,Jody Scheckter,,,,nurburgring
Vauxhall,GB,Astra VXR,,,,,,,,,,,,,,,,,,,,,,88.3,"Series 19, Episode 04",,top_gear
Vauxhall,GB,Corsa VXR Nurburgring (partly snowy),,,,,,,,,,,,,,,,,,,,,,91.0,"Series 18, Episode 03",,top_gear
Vauxhall,GB,Monaro VXR,,,,,,,,,,,,,,,,,,,,,,90.1,"Series 06, Episode 11",,top_gear
Vauxhall,GB,VX220 Turbo,,,,,,,,,,,,,,,,,,,,,,91.3,"Series 02, Episode 06",,top_gear
Vauxhall,GB,VXR8 (wet),,,,,,,,,,,,,,,,,,,,,,91.3,"Series 10, Episode 08",,top_gear
Vauxhall,GB,VXR8 Bathurst S,,,,,,,,,,,,,,,,,,,,,,86.3,"Series 13, Episode 07",,top_gear
Vauxhall,GB,Vectra VXR,,,,,,,,,,,,,,,,,,,,,,95.3,"Series 08, Episode 06",,top_gear
Vector,US,W8,1990,,,,,,,,242.0,389.0,,,,"5,973 cc (364.5 cu in) twin-turbocharged V8 466 kW (634 PS; 625 hp)",,,,,,,,,,,speed_records
Veritas,DE,RS III,,,,,,,,,,,,,,,,,,,,,,84.2,"Series 12, Episode 06",,top_gear
Volkswagen,DE,Arteon,2019,ICE,5.8,,14.3,,14.4,,155,,268,199.8,258 lb-ft,,,,,3550,,,,,,,caranddriver
Volkswagen,DE,Atlas,2018,,7.6,,20.4,,15.7,,115,,,,,,,,,4300,,,,,,,caranddriver
Volkswagen,DE,Atlas V 6 4Motion,2018,ICE,7.8,,20.1,,16,89,,,276,205.8,266 lb-ft,,174,,0.84,4728,,,,,,,caranddriver
Volkswagen,DE,E Golf,2017,,8.5,,,,16.6,83,,,,,,,181,,0.82,3430,,,,,,,caranddriver
Volkswagen,DE,E Golf Ev,2017,Electric,9.3,,,,17.1,,85,,,,,,,,,3450,,,,,,,caranddriver
Volkswagen,DE,GTI,2007,,,,,,,,,,,,,,,,,,,,,,,205.1,caranddriver_lightning_lap
Volkswagen,DE,GTI,2010,,,,,,,,,,,,,,,,,,,,,,,199.3,caranddriver_lightning_lap
Volkswagen,DE,GTI,2015,,,,,,,,,,,,,,,,,,,,,,,194.6,caranddriver_lightning_lap
Volkswagen,DE,GTI Autobahn,2022,,,,,,,,,,,,,,,,,,,,,,,192.1,caranddriver_lightning_lap
Volkswagen,DE,Golf 1.0T,2017,ICE,9.8,,30.4,,17.6,,112,,,,,,,,,2700,,,,,,,caranddriver
Volkswagen,DE,Golf 18T Tsi Wolfsburg Edition,2017,ICE,7.3,,19.8,,15.6,90,,,170,126.8,199 lb-ft,,168,,0.84,3061,,,,,,,caranddriver
Volkswagen,DE,Golf Alltrack,2017,ICE,7.5,,22.2,,15.9,87,,,170,126.8,199 lb-ft,,172,,0.84,3497,,,,,,,caranddriver
Volkswagen,DE,Golf GTI,2022,,,,,,,,,,,,,,,,,,,,,,,191.4,caranddriver_lightning_lap
Volkswagen,DE,Golf GTI Clubsport Mk8,,,,,,,,,,,,,,,,,,,,,,86.8,—N/a,,top_gear
Volkswagen,DE,Golf GTI Clubsport S,2016,,,,,,,,,,,,,,,,,,469.21,2016-04-20,Benny Leuchter,,,,nurburgring
Volkswagen,DE,Golf GTI Mk V Edition 30,,,,,,,,,,,,,,,,,,,,,,92.6,—N/a,,top_gear
Volkswagen,DE,Golf GTI Mk VI,,,,,,,,,,,,,,,,,,,,,,92.6,—N/a,,top_gear
Volkswagen,DE,Golf GTI Mk VII (Sport Mode),,,,,,,,,,,,,,,,,,,,,,89.6,"Series 20, Episode 03",,top_gear
Volkswagen,DE,Golf GTI Mk7 (very wet),,,,,,,,,,,,,,,,,,,,,,99.3,"Series 25, Episode 04",,top_gear
Volkswagen,DE,Golf GTI W12-650 Concept,,,,,,,,,,,,,,,,,,,,,,89.6,"Series 10, Episode 01",,top_gear
Volkswagen,DE,Golf Gti,2017,ICE,5.9,,14.6,,14.6,100,,,220,164.1,258 lb-ft,,154,,0.94,3116,,,,,,,caranddriver
Volkswagen,DE,"Golf IV GTI ""25 Jähre GTI"" (Mk4, 2002, 1.8T, 180 PS)",2002,,,,,,,,,,,,,,,,,,534.0,2002,Horst von Saurma,,,,nurburgring
Volkswagen,DE,"Golf IV R32 (Mk4, 2003)",2003,,,,,,,,,,,,,,,,,,517.0,2003,Horst von Saurma,,,,nurburgring
Volkswagen,DE,"Golf IV V6 4motion (Mk4, 2.8, 204 PS)",2000,,,,,,,,,,,,,,,,,,549.0,2000,Horst von Saurma,,,,nurburgring
Volkswagen,DE,Golf Mk.IV R32,,,,,,,,,,,,,,,,,,,,,,93.3,"Series 01, Episode 09",,top_gear
Volkswagen,DE,Golf Mk.V GTI,,,,,,,,,,,,,,,,,,,,,,93.7,"Series 05, Episode 06",,top_gear
Volkswagen,DE,Golf R,2012,,,,,,,,,,,,,,,,,,,,,,,194,caranddriver_lightning_lap
Volkswagen,DE,Golf R,2015,,,,,,,,,,,,,,,,,,,,,,,192.3,caranddriver_lightning_lap
Volkswagen,DE,Golf R,2017,ICE,5.2,,13,,13.7,103,,,292,217.7,280 lb-ft,,157,,0.95,3325,,,,,,,caranddriver
Volkswagen,DE,Golf R,2022,,,,,,,,,,,,,,,,,,,,,,,184.3,caranddriver_lightning_lap
Volkswagen,DE,Golf R32 mk.V,,,,,,,,,,,,,,,,,,,,,,90.4,"Series 07, Episode 06",,top_gear
Volkswagen,DE,"Golf V GTI DSG (Mk5, 2005, 200 PS)",2005,,,,,,,,,,,,,,,,,,533.0,2005,Horst von Saurma,,,,nurburgring
Volkswagen,DE,"Golf V R32 (Mk5, 2006)",2006,,,,,,,,,,,,,,,,,,529.0,2006,Horst von Saurma,,,,nurburgring
Volkswagen,DE,"Golf VI GTI ""35 Jähre GTI"" (Mk6, 2011, 2.0 T, 235 PS)",2011,,,,,,,,,,,,,,,,,,518.0,2011,Horst von Saurma,,,,nurburgring
Volkswagen,DE,"Golf VI R (Mk6, 2010)",2010,,,,,,,,,,,,,,,,,,514.0,2010,Horst von Saurma,,,,nurburgring
Volkswagen,DE,"Golf VII GTI Clubsport (Mk7, 2016, 2.0 T, 265 PS)",2016,,,,,,,,,,,,,,,,,,487.0,2016,Christian Gebhardt,,,,nurburgring
Volkswagen,DE,"Golf VII GTI Clubsport S (Mk7, 2016, 2.0 T, 310 PS)",2016,,,,,,,,,,,,,,,,,,477.0,2016,Christian Gebhardt,,,,nurburgring
Volkswagen,DE,"Golf VII GTI Performance (Mk7, pre-facelift, 2013, 2.0 T, 230 PS)",2013,,,,,,,,,,,,,,,,,,509.0,2013,Horst von Saurma,,,,nurburgring
Volkswagen,DE,"Golf VII GTI TCR (Mk7, 2-nd facelift, 2019, 2.0 T 290 PS)",,,,,,,,,,,,,,,,,,,484.92,2019-07-03,Christian Gebhardt,,,,nurburgring
Volkswagen,DE,"Golf VII R (Mk7, 1-st faselift, 2018, 310 PS)",2018,,,,,,,,,,,,,,,,,,484.0,2018-06-27,Horst von Saurma,,,,nurburgring
Volkswagen,DE,"Golf VII R (Mk7, pre-facelift, 2.0 T, 300 PS)",2014,,,,,,,,,,,,,,,,,,495.1,2014,Horst von Saurma,,,,nurburgring
Volkswagen,DE,"Golf VII R (Mk7, pre-facelift, 2013, 300 PS)",2013,,,,,,,,,,,,,,,,,,494,2013,,,,,nurburgring
Volkswagen,DE,"Golf VIII GTI Clubsport ""45 Jähre GTI"" (Mk8, 2021, 2.0 T, 300 PS)",2021,,,,,,,,,,,,,,,,,,482.66,2021-10-06,Christian Gebhardt,,,,nurburgring
Volkswagen,DE,"Golf VIII R ""20 Years"" (Mk8, 2023, 333 PS)",2023,,,,,,,,,,,,,,,,,,473.69,2023,Christian Gebhardt,,,,nurburgring
Volkswagen,DE,"Golf VIII R (Mk8, 2020, 320 PS)",2020,,,,,,,,,,,,,,,,,,471.0,2020,Gerd Stegmaier,,,,nurburgring
Volkswagen,DE,"Golf VIII R (Mk8, 2022, 320 PS)",2022,,,,,,,,,,,,,,,,,,482,2022,Christian Gebhardt,,,,nurburgring
Volkswagen,DE,"Golf VIII R 333 ""20 Years"" (Mk8, 333 PS, 2022)",2022,,,,,,,,,,,,,,,,,,467.31,2022-09-21,Benjamin Leuchter,,,,nurburgring
Volkswagen,DE,ID.R,2019,,,,,,,,,,,,,,,,,,365.336,2019-06-03,Romain Dumas,,,,nurburgring
Volkswagen,DE,Jetta 14T Manual,2017,ICE,7.7,,22,,16.1,88,,,150,111.9,184 lb-ft,,184,,0.83,3009,,,,,,,caranddriver
Volkswagen,DE,Jetta GLI,2012,,,,,,,,,,,,,,,,,,,,,,,207.3,caranddriver_lightning_lap
Volkswagen,DE,Jetta GLI 35th Anniversary Edition,2019,,,,,,,,,,,,,,,,,,,,,,,192.2,caranddriver_lightning_lap
Volkswagen,DE,Jetta Prototype Drive,2019,ICE,8,,21.2,,16.1,,127,,150,111.9,184 lb-ft,,,,,3100,,,,,,,caranddriver
Volkswagen,DE,Lupo GTI,2002,,,,,,,,,,,,,,,,,,549.0,2002-09-29,Daniel Schwerfeld,,,,nurburgring
Volkswagen,DE,Passat 2.0T Euro-Spec &#8211;,2017,ICE,5.4,,15.9,,14.1,,155,,276,205.8,258 lb-ft,,,,,3600,,,,,,,caranddriver
Volkswagen,DE,Passat Driven,2017,,7.8,,21.1,,16,89,,,,,,,181,,0.83,3350,,,,,,,caranddriver
Volkswagen,DE,Polo GTI (Mk4),2007,,,,,,,,,,,,,,,,,,586.2,2007-06-29,Wolfgang Kaufmann,,,,nurburgring
Volkswagen,DE,R32,2008,,,,,,,,,,,,,,,,,,,,,,,201.8,caranddriver_lightning_lap
Volkswagen,DE,Scirocco 2.0 TSI,2009,,,,,,,,,,,,,,,,,,527.0,2009-11-15,Bernt Bråten Andersen,,,,nurburgring
Volkswagen,DE,Tiguan,2018,ICE,8.2,,22.4,,16.5,,120,,184,137.2,221 lb-ft,,,,,3800,,,,,,,caranddriver
Volkswagen,DE,Tiguan 4Motion,2018,ICE,9.1,,25.8,,16.9,83,,,184,137.2,221 lb-ft,,176,,0.79,4086,,,,,,,caranddriver
Volkswagen,DE,Tiguan Fwd,2018,ICE,8.2,,22.6,,16.3,86,,,184,137.2,221 lb-ft,,176,,0.78,3941,,,,,,,caranddriver
Volkswagen,DE,Touareg,2017,ICE,7.8,,20.7,,15.9,88,,,280,208.8,266 lb-ft,,185,,0.8,4900,,,,,,,caranddriver
Volkswagen,DE,Up! TSI (very wet),,,,,,,,,,,,,,,,,,,,,,109.4,"Series 24, Episode 04",,top_gear
Volvo,SE,C30 Version 2.0,2008,,,,,,,,,,,,,,,,,,,,,,,206.6,caranddriver_lightning_lap
Volvo,SE,S60 R,,,,,,,,,,,,,,,,,,,,,,95.0,"Series 02, Episode 09",,top_gear
Volvo,SE,S90 T5 Fwd Tested Reviews,2017,ICE,6.3,,15.7,,14.8,97,,,250,186.4,258 lb-ft,,168,,0.91,3781,,,,,,,caranddriver
Volvo,SE,S90 T8 Awd Plug In Hybrid,2018,Hybrid,4.5,,12.3,,13.3,103,,,,,,,166,,0.91,4701,,,,,,,caranddriver
Volvo,SE,V60 Cross Country T5 Drive E Awd,2017,ICE,6.2,,16.7,,14.8,94,,,240,179,258 lb-ft,,165,,0.86,3975,,,,,,,caranddriver
Volvo,SE,V60 Polestar,2017,ICE,4.4,,10.9,,13,108,,,362,269.9,347 lb-ft,,154,,,3966,,,,,,,caranddriver
Volvo,SE,V90 Cross Country T6 Awd,2017,ICE,5.9,,14.5,,14.4,99,,,316,235.6,295 lb-ft,,173,,0.87,4266,,,,,,,caranddriver
Volvo,SE,V90 Cross Country Wagon,2017,ICE,5.8,,14.5,,14.3,,130,,316,235.6,295 lb-ft,,,,,4250,,,,,,,caranddriver
Volvo,SE,V90 T6 Awd,2018,ICE,6.5,,16.4,,14.9,95,,,316,235.6,295 lb-ft,,157,,0.92,4247,,,,,,,caranddriver
Volvo,SE,XC40,2019,ICE,6.2,,18.5,,14.7,,140,,,,,,,,,3800,,,,,,,caranddriver
Volvo,SE,Xc60,2017,,6.4,,15.9,,14.8,97,,,,,,,183,,0.79,4050,,,,,,,caranddriver
Volvo,SE,Xc60,2018,,4.9,,14.2,,13.8,,140,,,,,,,,,4300,,,,,,,caranddriver
Volvo,SE,Xc60 T6 First Ride,2018,ICE,6.8,,17,,15.2,,125,,316,235.6,295 lb-ft,,,,,4600,,,,,,,caranddriver
Volvo,SE,Xc60 T8 Plug In Hybrid,2018,Hybrid,4.9,,14.2,,13.8,,140,,,,,,,,,4800,,,,,,,caranddriver
Volvo,SE,Xc90,2018,,6,,15.5,,14.6,97,,,,,,,167,,0.84,4600,,,,,,,caranddriver
Wiesmann,DE,GT MF5,2010,,,,,,,,,,,,,,,,,,467.0,2010-07,Horst von Saurma,,,,nurburgring
Wiesmann,DE,MF 3,,,,,,,,,,,,,,,,,,,,,,87.9,"Series 06, Episode 03",,top_gear
Xiaomi,CN,SU7 Ultra,2025,Electric,,,,,,,,,1526.0,1138.0,,,,,,,424.957,2025-04-01,Vincent Radermecker,,,,"nurburgring, power_output"
Xiaomi,CN,SU7 Ultra Prototype,2024,,,,,,,,,,,,,,,,,,406.87,2024-10-28,David Pittard,,,,nurburgring
Xiaomi,CN,SU7 Ultra Prototype,2025,,,,,,,,,,,,,,,,,,382.091,2025-04-01,David Pittard,,,,nurburgring
Yamaha,JP,YZF-R1,,,,,,,,,,,,,,,,,,,430.0,n/a,,,,,nurburgring
Yangwang,CN,U8,2023,Plug-in Hybrid,,,,,,,,,1180.0,880.0,,,,,,,,,,,,,power_output
Yangwang,CN,U9 Xtreme,2025,,,,,,,,308.34,496.22,,,,"Four TZ240XYA electric motors 2,220 kW (3,018 PS; 2,977 hp)",,,,,419.157,2025-08-22,Moritz Kranz,,,,"nurburgring, speed_records"
Yangwang,CN,U9/Yangwang U7,2024,Electric,,,,,,,,,1287.0,960.0,,,,,,,,,,,,,power_output
Zakspeed,DE,Capri Turbo,,,,,,,,,,,,,,,,,,,466.3,1979-04-29,Hans Heyer,,,,nurburgring
Zeekr,CN,001 FR,2023,Electric,,,,,,,,,1247.0,930.0,,,,,,,,,,,,,power_output
Zenos,GB,E10 S (Mildly moist / Damp),,,,,,,,,,,,,,,,,,,,,,85.1,"Series 23, Episode 05",,top_gear
Zenvo,DK,ST1,2009,ICE,,,,,,,,,1089.0,812.0,,,,,,,,,,89.9,"Series 21, Episode 03",,"power_output, top_gear"
Zenvo,DK,ST1 (very wet),,,,,,,,,,,,,,,,,,,,,,89.9,"Series 21, Episode 03",,top_gear
Zenvo,DK,TSR-S,2018,ICE,,,,,,,,,1177.0,878.0,,,,,,,,,,,,,power_output
