url,year,make,model,vehicle_type,base_price,as_tested_price,engine_type,displacement,power_hp,power_rpm,torque_lb_ft,torque_rpm,transmission,wheelbase,length,width,height,curb_weight,zero_to_60_mph,zero_to_100_mph,quarter_mile_time,quarter_mile_speed,top_speed,braking_70_0,braking_100_0,skidpad_g,rolling_start_5_60,top_gear_30_50,top_gear_50_70,fuel_economy_combined,fuel_economy_city,fuel_economy_highway,fuel_economy_observed,ev_range,is_estimated
https://www.caranddriver.com/reviews/a14498026/2001-toyota-prius-instrumented-test/,2001,Toyota Prius,Instrumented,"front-engine, front-wheel-drive, 5-passenger, 4-door sedan",100,20855,"5-liter 4-in-line, 70 hp, 82 lb-ft; 3-phase AC permanent synchronous electric motor, 44 hp, 258 lb-ft",,,,,,continuously variable automatic,100.4,169.6,66.7,57.6,2878,13.0,,19.2,73,,183,,,,5.5,8.5,,,,35,,yes
https://www.caranddriver.com/reviews/a14498137/2018-mercedes-amg-e63-s-sedan-test-review/,2018,Mercedes Amg,E63 S Sedan Test,"front-engine, rear-/all-wheel-drive, 5-passenger, 4-door sedan",105395,135330,"twin-turbocharged and intercooled DOHC 32-valve V-8, aluminum block and heads, direct fuel injection",,603,6500,627,2500,9-speed automatic with manual shifting mode,115.7,196.4,75.1,56.6,4587,2.9,6.9,11.0,126,,155,,1.01,3.9,2.3,2.7,18,15,22,12,,yes
https://www.caranddriver.com/reviews/a14498175/2018-honda-odyssey-tested-with-nine-speed-automatic-review/,2018,Honda Odyssey,Tested With Nine Speed Automatic,"front-engine, front-wheel-drive, 8-passenger, 4-door van",30965,40335,"SOHC 24-valve V-6, aluminum block and heads, direct fuel injection",,280,6000,262,4700,9-speed automatic with manual shifting mode,118.1,203.2,78.5,68.3,4457,6.7,17.1,15.2,95,,180,,0.74,6.9,4.2,4.7,22,19,28,20,,yes
https://www.caranddriver.com/reviews/a14498342/2018-lexus-lc500h-hybrid-test-review/,2018,Lexus,Lc500H Hybrid Test,"front-engine, rear-wheel-drive, 4-passenger, 2-door coupe",97505,108360,"DOHC 24-valve Atkinson-cycle 3.5-liter V-6, 295 hp, 257 lb-ft; 2 permanent-magnet synchronous AC motors, 177 hp, 221 lb-ft; combined output, 354 hp; 1.1-kWh lithium-ion battery pack",,,,,,continuously variable automatic with 4 fixed ratios and manual shifting mode,113.0,187.4,75.6,53.0,4521,4.8,12.6,13.6,103,,165,,0.91,5.1,3.1,3.9,30,26,35,24,,yes
https://www.caranddriver.com/reviews/a14498361/2018-alfa-romeo-stelvio-20t-awd-test-review/,2018,Alfa Romeo,Stelvio 20T Awd Test,"front-engine, all-wheel-drive, 5-passenger, 4-door hatchback",43190,55440,"turbocharged and intercooled SOHC 16-valve inline-4, aluminum block and head, direct fuel injection",,280,5200,306,2000,8-speed automatic with manual shifting mode,110.9,184.6,74.9,66.0,4037,5.4,14.7,14.1,98,,176,,0.84,6.5,3.4,4.2,24,22,28,19,,yes
https://www.caranddriver.com/reviews/a14498494/2018-chevrolet-equinox-diesel-awd-test-review/,2018,Chevrolet Equinox,Diesel Awd Test,"front-engine, all-wheel-drive, 5-passenger, 4-door hatchback",33385,35630,"turbocharged and intercooled DOHC 16-valve diesel inline-4, aluminum block and head, direct fuel injection",,137,3750,240,2000,6-speed automatic with manual shifting mode,107.3,183.1,72.6,65.4,3769,9.4,30.8,17.2,80,,182,,0.77,9.9,4.5,6.7,32,28,38,34,,yes
https://www.caranddriver.com/reviews/a14498503/2018-infiniti-qx80-first-drive-review/,2018,Infiniti,Qx80 First Drive,"front-engine, rear- or all-wheel-drive, 7- or 8-passenger, 4-door hatchback",121,,"DOHC 32-valve V-8, aluminum block and heads, direct fuel injection",,400,5800,413,4000,7-speed automatic with manual shifting mode,121.1,208.9,79.9,75.8,5750,6.1,17.0,15.0,,130,,,,,,,,,,,,yes
https://www.caranddriver.com/reviews/a14498509/2018-buick-regal-sportback-first-drive-review/,2018,Buick Regal,Sportback First Drive,"front-engine, front- or all-wheel-drive, 5-passenger, 4-door hatchback",111,,"turbocharged and intercooled DOHC 16-valve 2.0-liter inline-4, 250 hp, 260 or 295 lb-ft",,,,,,S,111.4,192.9,73.3,57.3,3550,6.2,17.3,14.7,,130,,,,,,,,,,,,yes
https://www.caranddriver.com/reviews/a14498517/2018-bmw-x3-first-drive-review/,2018,Bmw,X3 First Drive,"front-engine, all-wheel-drive, 5-passenger, 4-door hatchback",112,,S,,,,,,8-speed automatic with manual shifting mode,112.8,,,66.0,4200,4.4,11.2,13.0,,130,,,,,,,,,,,,yes
https://www.caranddriver.com/reviews/a14498547/2018-jeep-wrangler-first-drive-review/,2018,Jeep Wrangler,First Drive,"front-engine, rear-/all- or rear-/4-wheel-drive, 4- or 5-passenger, 2- or 4-door convertible",96,,S,,,,,,S,,,73.8,73.6,4000,6.5,23.9,15.1,,115,,,,,,,,,,,,yes
https://www.caranddriver.com/reviews/a14498557/2018-honda-accord-sport-15t-manual-review/,2018,Honda Accord,Sport 15T Manual,"front-engine, front-wheel-drive, 5-passenger, 4-door sedan",26670,26670,"turbocharged and intercooled DOHC 16-valve inline-4, aluminum block and head, direct fuel injection",,192,5500,192,1600,6-speed manual,111.4,192.2,73.3,57.1,3154,7.2,18.7,15.5,92,,162,,0.90,8.2,14.0,10.7,30,26,35,24,,yes
https://www.caranddriver.com/reviews/a14498574/2018-porsche-911-carrera-t-first-drive-review/,2018,Porsche,911 Carrera T First Drive |,"rear-engine, rear-wheel-drive, 2+2- or 2-passenger, 2-door coupe",103150,,"twin-turbocharged and intercooled DOHC 24-valve flat-6, aluminum block and heads, direct fuel injection",182,370,6500,331,1700,S:,96.5,178.2,71.2,50.6,3250,3.4,8.5,11.9,,181,,,,,,,,,,,,yes
https://www.caranddriver.com/reviews/a14500071/2018-ford-mustang-gt-manual-test-review/,2018,Ford Mustang,Gt Manual Test,"front-engine, rear-wheel-drive, 4-passenger, 2-door coupe",35995,49670,"DOHC 32-valve V-8, aluminum block and heads, port and direct fuel injection",307,460,7000,420,4600,6-speed manual,107.1,188.5,75.4,54.3,3878,4.3,9.7,12.6,115,,164,,0.96,5.1,10.7,9.6,18,15,25,19,,yes
https://www.caranddriver.com/reviews/a14504984/2018-mercedes-benz-e-class-diesels-first-drive-review/,2018,Mercedes-Benz,E-class Diesels First Drive |,"front-engine, rear- or all-wheel-drive, 5-passenger, 4-door sedan",115,,S:,,,,,,9-speed automatic with manual shifting mode,115.7,193.8,72.9,57.8,3750,5.8,12.0,14.4,,149,,,,,,,,,,,,yes
https://www.caranddriver.com/reviews/a14507113/2018-volvo-xc90-review/,2018,Volvo,Xc90,"front-engine, front- or all-wheel-drive, 4- or 7-passenger, 4-door hatchback",117,,S,,,,,,S,117.5,194.9,75.7,69.9,4600,6.0,15.5,14.6,97,,167,,0.84,7.1,3.4,4.6,,,,,,yes
https://www.caranddriver.com/reviews/a14510782/2002-ford-thunderbird-first-drive-review/,2002,Ford Thunderbird,First Drive,,,,,,,,,,,,,,,,,,,,,,,,,,,,,,,,
https://www.caranddriver.com/reviews/a14513016/2018-buick-lacrosse-eassist-hybrid-test-review/,2018,Buick Lacrosse,Eassist Hybrid Test,"front-engine, front-wheel-drive, 5-passenger, 4-door sedan",30490,44975,"DOHC 16-valve 2.5-liter inline-4, 194 hp, 187 lb-ft; permanent-magnet synchronous AC motor; combined output, 194 hp, 187 lb-ft; 0.5-kWh lithium-ion battery pack",,,,,,6-speed automatic with manual shifting mode,114.4,197.5,73.5,57.5,3578,7.8,22.4,16.3,86,,170,,0.84,8.2,4.2,6.1,29,25,35,27,,yes
https://www.caranddriver.com/reviews/a14516384/2018-audi-tt-rs-test-review/,2018,Audi,TT RS Test |,"front-engine, all-wheel-drive, 4-passenger, 2-door coupe",65875,80200,"turbocharged and intercooled DOHC 20-valve inline-5, aluminum block and head, direct fuel injection",151,400,7000,354,1700,7-speed dual-clutch automatic with manual shifting mode,98.6,165.0,72.1,52.9,3270,3.4,8.6,11.9,117,,154,,0.99,4.5,2.7,3.3,22,19,29,22,,yes
https://www.caranddriver.com/reviews/a14517937/2018-toyota-camry-xse-v-6-test-review/,2018,Toyota Camry,Xse V 6 Test,"front-engine, front-wheel-drive, 5-passenger, 4-door sedan",35845,38059,"DOHC 24-valve Atkinson-capable V-6, aluminum block and heads, port and direct fuel injection",,301,6600,267,4700,8-speed automatic with manual shifting mode,111.2,192.7,72.4,56.9,3665,5.8,14.4,14.4,100,,167,,0.87,6.2,3.4,4.6,26,22,32,24,,yes
https://www.caranddriver.com/reviews/a14532266/2018-honda-odyssey-10-speed-automatic-test-review/,2018,Honda Odyssey,10 Speed Automatic Test,"front-engine, front-wheel-drive, 8-passenger, 4-door van",45450,47610,"SOHC 24-valve V-6, aluminum block and heads, direct fuel injection",,280,6000,262,4700,10-speed automatic with manual shifting mode,118.1,203.2,78.5,68.3,4583,6.6,17.0,15.2,95,,184,,0.75,6.6,3.5,4.1,22,19,28,19,,yes
https://www.caranddriver.com/reviews/a14532881/2017-dodge-viper-acr-test-review/,2017,Dodge Viper,Acr Test,"front-engine, rear-wheel-drive, 2-passenger, 2-door hatchback",119990,154885,"pushrod 20-valve V-10, aluminum block and heads, port fuel injection",,645,6200,600,5000,6-speed manual,98.8,175.7,76.4,49.1,3400,3.3,7.5,11.5,126,,134,,1.15,4.4,11.0,9.6,14,12,19,,,yes
https://www.caranddriver.com/reviews/a14532941/2018-jeep-renegade-review/,2018,Jeep,Renegade,"front-engine, front- or 4-wheel-drive, 5-passenger, 4-door hatchback",101,,S,,,,,,S,101.2,166.6,74.2,66.5,3075,9.1,32.9,17.0,81,,181,,0.74,9.9,4.8,6.6,,,,,,yes
https://www.caranddriver.com/reviews/a14585720/2019-mercedes-benz-g-class-prototype-ride-review/,2019,Mercedes Benz,G Class Prototype Ride,,,,,,,,,,,,,,,,,,,,,,,,,,,,,,,,
https://www.caranddriver.com/reviews/a14753911/2018-kia-niro-plug-in-hybrid-first-drive-review/,2018,Kia Niro,Plug In Hybrid First Drive,"front-engine, front-motor, front-wheel-drive, 5-passenger, 4-door hatchback",106,,"DOHC 16-valve Atkinson-cycle 1.6-liter inline-4, 104 hp, 109 lb-ft; permanent-magnet synchronous AC motor, 60 hp, 125 lb-ft; combined output, 139 hp, 195 lb-ft; 8.9-kWh lithium-ion battery pack",,,,,,6-speed dual-clutch automatic with manual shifting mode,106.3,171.5,71.1,60.8,3400,9.0,31.0,17.3,,107,,,,,,,46,48,44,,,yes
https://www.caranddriver.com/reviews/a14763389/2018-bmw-i3s-first-drive-review/,2018,BMW,i3s First Drive |,"mid-motor, rear-wheel-drive, 4-passenger, 4-door hatchback",101,,,,,,,,1-speed direct drive,101.2,158.1,70.5,62.6,3000,6.3,,15.2,,99,,,,,,,,,,,,yes
https://www.caranddriver.com/reviews/a14763754/2014-jaguar-f-type-v-8-s-roadster-long-term-wrap-review/,2014,Jaguar F,Type V 8 S Roadster Long Term Wrap,"front-engine, rear-wheel-drive, 2-passenger, 2-door roadster",92925,101720,"supercharged and intercooled DOHC 32-valve V-8, aluminum block and heads, direct fuel injection",305,495,6500,460,2500,8-speed automatic with manual shifting mode,103.2,176.0,75.7,51.5,3974,3.8,8.4,12.0,121,,154,,0.94,3.9,2.1,2.8,,,,19,,yes
https://www.caranddriver.com/reviews/a14764431/2018-bmw-m4-first-drive-review/,2018,Bmw,M4 First Drive,"front-engine, rear-wheel-drive, 4-passenger, 2-door coupe",110,,"twin-turbocharged and intercooled DOHC 24-valve inline-6, aluminum block and head, direct fuel injection",,425,7300,406,,S,110.7,184.5,73.6,,3600,3.7,8.5,12.0,,155,,,,,,,,,,,,yes
https://www.caranddriver.com/reviews/a14765550/2017-ferrari-gtc4lusso-ferrari-face-with-a-volvo-booty-review/,2017,Ferrari,Gtc4Lusso Ferrari Face With A Volvo Booty,"front-engine, all-wheel-drive, 4-passenger, 2-door hatchback",117,,,382,680,8000,514,5750,S (F/R):,117.7,193.8,78.0,54.4,4250,3.5,7.6,11.6,,208,,,,,,,13,12,17,,,yes
https://www.caranddriver.com/reviews/a14788856/2018-mazda-3-25l-automatic-sedan-quick-test-review/,2018,Mazda,3 25L Automatic Sedan Quick Test,"front-engine, front-wheel-drive, 5-passenger, 4-door sedan",22030,27085,"DOHC 16-valve Atkinson-capable inline-4, aluminum block and head, direct fuel injection",,184,5700,185,3250,6-speed automatic with manual shifting mode,106.3,180.3,70.7,57.3,3094,7.0,19.2,15.5,92,,165,,0.85,7.3,3.7,4.9,30,27,36,28,,yes
https://www.caranddriver.com/reviews/a14910074/2018-mini-cooper-s-e-countryman-all4-plug-in-hybrid-test-review/,2018,Mini Cooper,S E Countryman All4 Plug In Hybrid Test,"front-engine, rear-motor, all-wheel-drive, 5-passenger, 4-door hatchback",37650,39700,"turbocharged and intercooled DOHC 12-valve inline-3, 134 hp, 122 lb-ft; permanent-magnet synchronous AC motor, 87 hp, 122 lb-ft; combined output, 221 hp, 284 lb-ft; 7.6-kWh lithium-ion battery pack",,,,,,S (F/R),105.1,169.8,71.7,61.4,3915,5.8,21.2,14.6,90,,193,,0.82,6.4,3.0,4.0,27,28,27,27,12,yes
https://www.caranddriver.com/reviews/a14928391/2017-chrysler-pacifica-long-term-test-review/,2017,Chrysler Pacifica,Long Term Test,"front-engine, front-wheel-drive, 7-passenger, 4-door van",38890,43765,"DOHC 24-valve V-6, aluminum block and heads, port fuel injection",,287,6400,262,4000,9-speed automatic,121.6,203.8,79.6,70.0,4515,7.3,20.4,15.6,90,,164,,0.87,7.7,4.0,6.0,22,18,28,22,,yes
https://www.caranddriver.com/reviews/a14986596/2017-porsche-911-carrera-gts-coupe-manual-test-review/,2017,Porsche,911 Carrera Gts Coupe Manual Test,"rear-engine, rear-wheel-drive, 2+2-passenger, 2-door coupe",120050,128980,"twin-turbocharged and intercooled DOHC 24-valve flat-6, aluminum block and heads, direct fuel injection",,450,6500,405,2150,7-speed manual,96.5,178.3,72.9,50.6,3295,3.4,7.8,11.6,123,,141,,1.06,4.6,13.0,9.0,21,18,26,22,,yes
https://www.caranddriver.com/reviews/a14986616/2018-range-rover-velar-p380-test-review/,2018,Range Rover,Velar P380 Test,"front-engine, all-wheel-drive, 5-passenger, 4-door hatchback",65195,89660,"supercharged and intercooled DOHC 24-valve V-6, aluminum block and heads, direct fuel injection",,380,6500,332,3500,8-speed automatic with manual shifting mode,113.1,189.1,76.0,65.6,4676,5.7,14.6,14.2,99,,175,,0.83,6.1,3.6,4.6,20,18,24,17,,yes
https://www.caranddriver.com/reviews/a14986682/2019-volvo-xc40-first-drive-review/,2019,Volvo,XC40 First Drive |,"front-engine, front- or all-wheel-drive, 5-passenger, 4-door hatchback",106,,"turbocharged and intercooled DOHC 16-valve inline-4, aluminum block and head, direct fuel injection",120,,,,,8-speed automatic with manual shifting mode,106.4,174.2,73.3,65.3,3800,6.2,18.5,14.7,,140,,,,,,,27,24,31,,,yes
https://www.caranddriver.com/reviews/a14986712/2018-honda-clarity-plug-in-hybrid-first-drive-review/,2018,Honda Clarity,Plug In Hybrid First Drive,"front-engine, front-motor, front-wheel-drive, 5-passenger, 4-door sedan",108,,"DOHC 16-valve Atkinson-cycle 1.5-liter inline-4, 103 hp, 99 lb-ft; permanent-magnet synchronous AC motor, 181 hp, 232 lb-ft; combined output, 212 hp; 17.0-kWh lithium-ion battery pack",,,,,,1-speed direct drive,108.3,192.7,73.9,58.2,4050,7.6,25.5,15.4,,110,,,,,,,42,44,40,,48,yes
https://www.caranddriver.com/reviews/a14986906/2019-aston-martin-rapide-electric-sedan-driven-review/,2019,Aston Martin,Rapide Electric Sedan Driven,,,,,,,,,,,,,,,,,,,,,,,,,,,,,,,,
https://www.caranddriver.com/reviews/a14986916/2018-nissan-leaf-first-drive-review/,2018,Nissan Leaf,First Drive,"front-motor, front-wheel-drive, 5-passenger, 4-door hatchback",106,,,,,,,,1-speed direct drive,106.3,176.4,70.5,61.4,3450,9.5,,16.2,,95,,,,,,,112,124,101,,,yes
https://www.caranddriver.com/reviews/a14986943/2020-lynk-co-01-driven-its-a-volvo-based-chinese-cuv-review/,2020,Lynk Co,01 Driven Its A Volvo Based Chinese Cuv,,,,,,,,,,,,,,,,,,,,,,,,,,,,,,,,
https://www.caranddriver.com/reviews/a14987182/2019-jaguar-i-pace-electric-suv-prototype-ride-review/,2019,Jaguar I,Pace Electric Suv Prototype Ride,,,,,,,,,,,,,,,,,,,,,,,,,,,,,,,,
https://www.caranddriver.com/reviews/a14987518/2018-porsche-718-boxster-cayman-gts-first-drive-review/,2018,Porsche,718 Boxster Cayman Gts First Drive,"mid-engine, rear-wheel-drive, 2-passenger, 2-door hatchback or convertible",97,,"turbocharged and intercooled DOHC 16-valve flat-4, aluminum block and heads, direct fuel injection",,365,6500,,,S:,97.4,172.9,70.9,,3100,3.5,8.6,11.9,,180,,,,,,,,,,,,yes
https://www.caranddriver.com/reviews/a14987543/2018-mitsubishi-eclipse-cross-us-spec-first-drive-review/,2018,Mitsubishi,Eclipse Cross U.S. Spec First Drive |,"front-engine, front- or all-wheel-drive, 5-passenger, 4-door hatchback",105,,"turbocharged and intercooled DOHC 16-valve inline-4, aluminum block and head, port and direct fuel injection",91,152,5500,184,2000,continuously variable automatic with manual shifting mode,105.1,173.4,71.1,,3550,9.0,28.0,17.1,,120,,,,,,,,,,,,yes
https://www.caranddriver.com/reviews/a14987576/2019-volkswagen-jetta-prototype-drive-review/,2019,Volkswagen,Jetta Prototype Drive |,"front-engine, front-wheel-drive, 5-passenger, 4-door sedan",105,,"turbocharged and intercooled DOHC 16-valve inline-4, aluminum block and head, direct fuel injection",85,150,5000,184,1400,S:,105.7,185.1,70.8,57.4,3100,8.0,21.2,16.1,,127,,,,,,,33,28,40,,,yes
https://www.caranddriver.com/reviews/a14988367/2018-bmw-m5-first-drive-review/,2018,Bmw,M5 First Drive,"front-engine, rear-/all-wheel-drive, 5-passenger, 4-door sedan",105500,,"twin-turbocharged and intercooled DOHC 32-valve V-8, aluminum block and heads, direct fuel injection",,600,6600,553,1800,8-speed automatic with manual shifting mode,117.4,195.5,74.9,58.0,4350,3.1,7.1,11.2,,155,,,,,,,17,14,24,,,yes
https://www.caranddriver.com/reviews/a14989541/2018-porsche-panamera-turbo-s-e-hybrid-sport-turismo-first-drive-review/,2018,Porsche,Panamera Turbo S E-Hybrid Sport Turismo First Drive |,"front-engine, all-wheel-drive, 4- or 5-passenger, 4-door hatchback",189450,,"twin-turbocharged and intercooled DOHC 32-valve 4.0-liter V-8, 550 hp, 567 lb-ft; permanent-magnet synchronous AC electric motor, 136 hp, 295 lb-ft; combined output, 680 hp, 626 lb-ft; 14.1-kWh lithium-ion battery pack",,,,,,8-speed dual-clutch automatic with manual shifting mode,116.1,198.8,76.3,56.4,5150,2.9,7.2,11.0,,192,,,,,,,19,16,24,,,yes
https://www.caranddriver.com/reviews/a15050118/2018-hyundai-santa-fe-quick-take-review/,2018,Hyundai,Santa Fe Quick Take |,"front-engine, front- or all-wheel-drive, 6- or 7-passenger, 4-door hatchback",110,,"DOHC 24-valve 3.3-liter V-6, aluminum block and heads, direct fuel injection",,290,6400,252,5200,6-speed automatic with manual shifting mode,110.2,193.1,74.2,66.5,4250,7.3,20.3,15.8,90,,178,,0.78,8.0,3.9,5.2,,,,,,yes
https://www.caranddriver.com/reviews/a15062341/2018-gmc-terrain-20t-awd-test-review/,2018,Gmc Terrain,20T Awd Test,"front-engine, all-wheel-drive, 5-passenger, 4-door hatchback",32340,44005,"turbocharged and intercooled DOHC 16-valve inline-4, aluminum block and head, direct fuel injection",,252,5500,260,2500,9-speed automatic with manual shifting mode,107.3,182.3,72.4,65.4,3897,6.8,17.7,15.3,93,,169,,0.82,7.1,3.3,4.7,23,21,26,18,,yes
https://www.caranddriver.com/reviews/a15071053/2018-chevrolet-cruze-diesel-hatchback-manual-test-review/,2018,Chevrolet Cruze,Diesel Hatchback Manual Test,"front-engine, front-wheel-drive, 5-passenger, 4-door hatchback",26395,26395,"turbocharged and intercooled DOHC 16-valve diesel inline-4, aluminum block and head, direct fuel injection",,137,3750,240,1500,6-speed manual,106.3,175.3,70.5,57.7,3104,8.2,25.7,16.5,84,,165,,0.90,9.5,18.5,9.6,35,29,48,38,,yes
https://www.caranddriver.com/reviews/a15074308/2017-subaru-impreza-sedan-manual-test-review/,2017,Subaru Impreza,Sedan Manual Test,"front-engine, all-wheel-drive, 5-passenger, 4-door sedan",19215,24965,"DOHC 16-valve flat-four, aluminum block and heads, direct fuel injection",,152,6000,145,4000,5-speed manual,105.1,182.1,70.0,57.3,3125,8.4,25.6,16.6,84,,170,,0.82,9.6,14.6,14.7,26,23,31,,,yes
https://www.caranddriver.com/reviews/a15074331/2016-honda-civic-sedan-long-term-test-review/,2016,Honda Civic,Sedan Long Term Test,"front-engine, front-wheel-drive, 5-passenger, 4-door sedan",19475,27335,"turbocharged and intercooled DOHC 16-valve inline-4, aluminum block and head, direct fuel injection",91,174,6000,162,1700,continuously variable automatic,106.3,182.3,70.8,55.7,2920,6.9,17.5,15.3,94,,179,,0.83,7.5,4.0,4.9,35,31,42,35,,yes
https://www.caranddriver.com/reviews/a15074526/2018-mercedes-benz-mercedes-amg-s-class-coupe-and-cabriolet-first-drive-review/,2018,Mercedes Benz,Mercedes Amg S Class Coupe And Cabriolet First Drive,"front-engine, rear- or all-wheel-drive, 4-passenger, 2-door coupe or convertible",115,,S,,,,,,S,115.9,,,,4750,3.2,7.8,,,130,,,,,,,,,,,,
https://www.caranddriver.com/reviews/a15074674/2019-aston-martin-vantage-prototype-ride-review/,2019,Aston,Martin Vantage Prototype Ride |,"front-engine, rear-wheel-drive, 2-passenger, 2-door hatchback",153081,,"twin-turbocharged and intercooled DOHC 32-valve V-8, aluminum block and heads, direct fuel injection",243,503,6000,505,2000,8-speed automatic with manual shifting mode,106.5,175.8,76.5,50.1,3700,3.5,7.8,11.8,,195,,,,,,,18,16,22,,,yes
https://www.caranddriver.com/reviews/a15074818/2019-chevrolet-corvette-zr1-prototype-ride-review/,2019,Chevrolet,Corvette ZR1 Prototype Ride |,"front-engine, rear-wheel-drive, 2-passenger, 2-door targa or convertible",106,,"supercharged and intercooled pushrod 16-valve V-8, aluminum block and heads, port and direct fuel injection",376,755,6400,715,3600,S:,106.7,179.8,77.4,,3600,2.9,6.6,10.9,,211,,,,,,,,,,,,yes
https://www.caranddriver.com/reviews/a15075024/2018-porsche-911-turbo-s-exclusive-first-drive-review/,2018,Porsche,911 Turbo S Exclusive First Drive,"rear-engine, all-wheel-drive, 2+2-passenger, 2-door coupe",258550,,"twin-turbocharged and intercooled DOHC 24-valve flat-6, aluminum block and heads, direct fuel injection",,607,6750,553,2250,7-speed dual-clutch automatic with manual shifting mode,96.5,177.4,74.0,51.1,3550,2.6,6.1,10.6,,205,,,,,,,19,17,23,,,yes
https://www.caranddriver.com/reviews/a15075507/2018-mercedes-benz-e400-coupe-test-review/,2018,Mercedes Benz,E400 Coupe Test,"front-engine, all-wheel-drive, 4-passenger, 2-door coupe",62395,87785,"twin-turbocharged and intercooled DOHC 24-valve V-6, aluminum block and heads, direct fuel injection",,329,6000,354,1600,9-speed automatic with manual shifting mode,113.1,190.0,73.2,56.3,4314,5.0,12.4,13.6,104,,156,,0.90,5.9,2.9,3.5,22,20,26,21,,yes
https://www.caranddriver.com/reviews/a15075549/2018-mercedes-amg-glc63-first-drive-review/,2018,Mercedes Amg,Glc63 First Drive,"front-engine, all-wheel-drive, 5-passenger, 4-door hatchback",113,,S,,,,,,9-speed automatic with manual shifting mode,113.1,,76.0,,4500,3.6,8.1,11.9,,155,,,,,,,18,15,22,,,yes
https://www.caranddriver.com/reviews/a15075668/2018-subaru-crosstrek-manual-test-review/,2018,Subaru Crosstrek,Manual Test,"front-engine, all-wheel-drive, 5-passenger, 4-door hatchback",22710,23510,"DOHC 16-valve flat-4, aluminum block and heads, direct fuel injection",,152,6000,145,4000,6-speed manual,104.9,175.8,71.0,63.6,3166,9.2,27.9,17.0,81,,167,,0.81,10.6,15.8,16.0,25,23,29,25,,yes
https://www.caranddriver.com/reviews/a15075783/2018-chevrolet-traverse-v-6-fwd-test-review/,2018,Chevrolet Traverse,V 6 Fwd Test,"front-engine, front-wheel-drive, 7-passenger, 4-door hatchback",30925,42835,"DOHC 24-valve V-6, aluminum block and heads, direct fuel injection",,310,6800,266,2800,9-speed automatic with manual shifting mode,120.9,204.3,78.6,70.7,4443,6.3,16.6,14.9,95,,170,,0.82,6.5,3.1,4.4,21,18,27,18,,yes
https://www.caranddriver.com/reviews/a15075950/2018-kia-stinger-gt-test-review/,2018,Kia Stinger,Gt Test,"front-engine, rear-wheel-drive, 5-passenger, 4-door hatchback",39250,50100,,,365,6000,376,1300,8-speed automatic with manual shifting mode,114.4,190.2,73.6,55.1,4004,4.4,10.6,12.9,111,,156,,0.93,5.0,2.5,3.2,,,,17,,yes
https://www.caranddriver.com/reviews/a15076120/2018-volkswagen-tiguan-fwd-test-review/,2018,Volkswagen Tiguan,Fwd Test,"front-engine, front-wheel-drive, 7-passenger, 4-door hatchback",26095,37445,"turbocharged and intercooled DOHC 16-valve Miller-capable inline-4, iron block and aluminum head, direct fuel injection",,184,4400,221,1600,8-speed automatic with manual shifting mode,109.8,185.1,72.4,66.3,3941,8.2,22.6,16.3,86,,176,,0.78,8.9,4.5,6.0,24,22,27,28,,yes
https://www.caranddriver.com/reviews/a15076139/2018-jaguar-e-pace-crossover-first-drive-review/,2018,Jaguar E,Pace Crossover First Drive,"front-engine, all-wheel-drive, 5-passenger, 4-door hatchback",105,,"turbocharged and intercooled DOHC 16-valve 2.0-liter inline-4, 246 or 296 hp, 269 or 295 lb-ft",,,,,,9-speed automatic with manual shifting mode,105.6,173.0,78.1,64.9,4200,5.9,18.3,14.3,,143,,,,,,,,,,,,yes
https://www.caranddriver.com/reviews/a15076220/2017-chevrolet-camaro-v-6-1le-manual-full-test-review/,2017,Chevrolet,Camaro V-6 1LE Manual Full Test |,"front-engine, rear-wheel-drive, 4-passenger, 2-door coupe",32895,43085,"DOHC 24-valve V-6, aluminum block and heads, direct fuel injection",223,335,6800,284,5300,6-speed manual,110.7,188.3,74.7,53.1,3532,5.2,13.4,13.8,101,,146,,0.98,5.7,14.2,11.8,20,16,28,,,yes
https://www.caranddriver.com/reviews/a15076267/2018-acura-rlx-sport-hybrid-sh-awd-first-drive-review/,2018,Acura Rlx,Sport Hybrid Sh Awd First Drive,"front-engine, all-wheel-drive, 5-passenger, 4-door sedan",62865,,"SOHC 24-valve 3.5-liter V-6, 310 hp, 273 lb-ft; 1 permanent-magnet synchronous AC motor, 47 hp, 109 lb-ft (front); 2 permanent-magnet synchronous AC motors, 72 hp, 108 lb-ft (rear); combined output, 377 hp, 341 lb-ft; 1.1-kWh lithium-ion battery pack",,,,,,7-speed dual-clutch automatic with manual shifting mode,112.2,198.1,74.4,57.7,4400,5.5,14.1,14.1,,130,,,,,,,28,28,29,,,yes
https://www.caranddriver.com/reviews/a15076405/2018-ford-mustang-first-drive-review/,2018,Ford Mustang,First Drive,S:,107,,S:,,,,,,S:,107.1,188.5,75.4,,3600,3.9,10.0,12.7,,150,,,,,,,,,,,,yes
https://www.caranddriver.com/reviews/a15076604/2018-subaru-wrx-manual-with-performance-package-test-review/,2018,Subaru Wrx,Manual With Performance Package Test,"front-engine, all-wheel-drive, 5-passenger, 4-door sedan",32205,32205,"turbocharged and intercooled DOHC 16-valve flat-4, aluminum block and heads, direct fuel injection",,268,5600,258,2000,6-speed manual,104.3,180.9,70.7,58.1,3330,5.5,14.9,14.2,98,,156,,0.91,7.1,12.8,8.6,23,21,27,21,,yes
https://www.caranddriver.com/reviews/a15076649/2018-ford-expedition-4x4-test-review/,2018,Ford Expedition,4X4 Test,"front-engine, rear-/4-wheel-drive, 7-passenger, 4-door hatchback",55900,81765,"twin-turbocharged and intercooled DOHC 24-valve V-6, aluminum block and heads, port and direct fuel injection",,400,5000,480,2250,10-speed automatic with manual shifting mode,122.5,210.0,79.9,76.4,5917,5.7,15.5,14.4,97,,196,,0.79,6.4,3.6,4.2,19,17,22,,,yes
https://www.caranddriver.com/reviews/a15076853/2018-jaguar-xjr575-first-drive-review/,2018,Jaguar,Xjr575 First Drive,"front-engine, rear-wheel-drive, 5-passenger, 4-door sedan",123395,131445,"supercharged and intercooled DOHC 32-valve V-8, aluminum block and heads, direct fuel injection",305,575,6500,516,3500,8-speed automatic with manual shifting mode,124.3,206.9,74.8,57.5,4387,3.9,8.9,,,,151,,0.88,,2.2,3.0,18,15,23,18,,yes
https://www.caranddriver.com/reviews/a15076880/2017-mini-cooper-s-countryman-all4-manual-test-review/,2017,Mini Cooper,S Countryman All4 Manual Test,"front-engine, all-wheel-drive, 5-passenger, 4-door hatchback",31950,35750,"turbocharged and intercooled DOHC 16-valve inline-4, aluminum block and head, direct fuel injection",122,189,5000,207,1250,6-speed manual,105.1,169.8,71.7,61.3,3615,7.0,20.2,15.5,90,,176,,0.86,7.9,12.4,10.7,24,21,31,23,,yes
https://www.caranddriver.com/reviews/a15076891/2017-porsche-911-carrera-gts-pdk-automatic-test-review/,2017,Porsche,911 Carrera Gts Pdk Automatic Test,"rear-engine, rear-wheel-drive, 2+2-passenger, 2-door coupe",123770,129560,"twin-turbocharged and intercooled DOHC 24-valve flat-6, aluminum block and heads, direct fuel injection",,450,6500,405,2150,7-speed dual-clutch automatic with manual shifting mode,96.5,178.3,72.9,50.6,3335,3.0,7.2,11.3,125,,142,,1.05,3.8,2.4,2.5,23,20,26,20,,yes
https://www.caranddriver.com/reviews/a15076902/2018-honda-accord-15t-automatic-test-review/,2018,Honda Accord,15T Automatic Test,"front-engine, front-wheel-drive, 5-passenger, 4-door sedan",24460,31860,"turbocharged and intercooled DOHC 16-valve inline-4, aluminum block and head, direct fuel injection",,192,5500,192,1600,continuously variable automatic,111.4,192.2,73.3,57.1,3298,7.3,19.1,15.7,91,,163,,0.89,8.0,4.0,5.2,33,30,38,30,,yes
https://www.caranddriver.com/reviews/a15077056/2018-ferrari-gtc4-lusso-t-first-drive-review/,2018,Ferrari,GTC4 Lusso T First Drive |,"front-engine, rear-wheel-drive, 4-passenger, 2-door hatchback",260750,,"twin-turbocharged and intercooled DOHC 32-valve V-8, aluminum block and heads, direct fuel injection",235,602,7500,561,3000,7-speed dual-clutch automatic with manual shifting mode,117.7,193.8,78.0,54.4,4150,3.5,7.9,11.5,,199,,,,,,,17,15,21,,,yes
https://www.caranddriver.com/reviews/a15077155/infiniti-kr20-variable-compression-turbocharged-engine-prototype-drive-review/,,,,,,,,,,,,,,,,,,,,,,,,,,,,,,,,,,,
https://www.caranddriver.com/reviews/a15077185/2018-hyundai-accent-first-drive-review/,2018,Hyundai,Accent First Drive |,"front-engine, front-wheel-drive, 5-passenger, 4-door sedan",15750,,"DOHC 16-valve inline-4, aluminum block and head, direct fuel injection",,130,6300,119,4850,S,101.6,172.6,68.1,57.1,2550,8.3,24.5,16.3,,121,,,,,,,,,,,,yes
https://www.caranddriver.com/reviews/a15077224/2018-mercedes-amg-gt-c-roadster-full-test-review/,2018,Mercedes Amg,Gt C Roadster Full Test,"front-engine, rear-wheel-drive, 2-passenger, 2-door convertible",158995,180065,"twin-turbocharged and intercooled DOHC 32-valve V-8, aluminum block and heads, direct fuel injection",243,550,6750,502,1900,7-speed dual-clutch automatic with manual shifting mode,103.5,179.2,79.0,49.6,3804,3.3,7.3,11.4,126,,151,,1.04,4.0,2.2,2.7,17,15,20,14,,yes
https://www.caranddriver.com/reviews/a15077365/2018-range-rover-velar-diesel-euro-spec-first-drive-review/,2018,Range,Rover Velar Diesel Euro-spec First Drive |,"front-engine, all-wheel-drive, 5-passenger, 4-door hatchback",113,,"sequentially turbocharged and intercooled DOHC 16-valve diesel inline-4, aluminum block and head, direct fuel injection",122,238,4000,368,1500,8-speed automatic with manual shifting mode,113.1,189.1,80.0,65.6,4900,6.8,23.5,15.2,,135,,,,,,,27,25,30,,,yes
https://www.caranddriver.com/reviews/a15077366/2018-lincoln-navigator-first-drive-review/,2018,Lincoln Navigator,First Drive,"front-engine, rear- or rear/all-wheel-drive, 7- or 8-passenger, 4-door hatchback",122,,"twin-turbocharged and intercooled DOHC 24-valve V-6, aluminum block and heads, port and direct fuel injection",,450,5500,510,3000,10-speed automatic with manual shifting mode,,,83.6,,5800,5.2,14.8,13.7,,115,,,,,,,,,,,,yes
https://www.caranddriver.com/reviews/a15077506/2018-mercedes-benz-x-class-pickup-first-drive-review/,2018,Mercedes-Benz,X-class Pickup First Drive |,"front-engine, all-wheel-drive, 5-passenger, 4-door pickup",124,,"sequentially turbocharged and intercooled DOHC 16-valve diesel inline-4, iron block and aluminum head, direct fuel injection",183,187,3750,332,1500,7-speed automatic with manual shifting mode,124.0,210.2,75.6,71.6,4950,10.0,34.0,17.9,,108,,,,,,,23,20,28,,,yes
https://www.caranddriver.com/reviews/a15077554/2018-hyundai-sonata-20t-test-review/,2018,Hyundai,Sonata 2.0T Test |,"front-engine, front-wheel-drive, 5-passenger, 4-door sedan",28485,33460,"turbocharged and intercooled DOHC 16-valve inline-4, aluminum block and head, direct fuel injection",,245,6000,260,1350,8-speed automatic with manual shifting mode,110.4,191.1,73.4,58.1,3515,6.8,17.5,15.3,94,,173,,0.88,7.4,3.6,4.5,26,23,32,22,,yes
https://www.caranddriver.com/reviews/a15077586/first-drive-2018-porsche-911-gt2-rs-review/,,,,"rear-engine, rear-wheel-drive, 2-passenger, 2-door coupe",96,,"twin-turbocharged and intercooled DOHC 24-valve flat-6, aluminum block and heads, direct fuel injection",,700,7000,553,2500,7-speed dual-clutch automatic with manual shifting mode,96.6,179.1,74.0,51.1,3250,2.4,6.1,10.3,,211,,,,,,,18,16,21,,,yes
https://www.caranddriver.com/reviews/a15077711/2018-buick-enclave-test-review/,2018,Buick Enclave,Test,"front-engine, all-wheel-drive, 7-passenger, 4-door hatchback",47210,59455,"DOHC 24-valve V-6, aluminum block and heads, direct fuel injection",,310,6800,266,2800,9-speed automatic with manual shifting mode,120.9,204.3,78.8,69.9,4604,6.6,17.7,15.2,94,,,,,6.8,3.2,4.4,20,17,25,17,,yes
https://www.caranddriver.com/reviews/a15077730/2018-volkswagen-t-roc-first-drive-review/,2018,Volkswagen,T-Roc First Drive |,"front-engine, all-wheel-drive, 5-passenger, 4-door hatchback",102,,,,,,,,7-speed dual-clutch automatic with manual shifting mode,102.0,166.7,71.6,61.9,3300,,,,,,,,,,,,,,,,,yes
https://www.caranddriver.com/reviews/a15077755/2018-genesis-g80-sport-rwd-test-review/,2018,Genesis,G80 Sport Rwd Test,"front-engine, rear-wheel-drive, 5-passenger, 4-door sedan",56225,56225,"twin-turbocharged and intercooled DOHC 24-valve V-6, aluminum block and heads, direct fuel injection",,365,6000,376,1300,8-speed automatic with manual shifting mode,118.5,196.5,74.4,58.3,4500,4.9,12.1,13.5,105,,179,,0.84,5.5,2.7,3.6,20,17,25,,,yes
https://www.caranddriver.com/reviews/a15077910/2018-volvo-s90-t8-awd-plug-in-hybrid-test-review/,2018,Volvo,S90 T8 Awd Plug In Hybrid Test,"front-engine, all-wheel-drive, 5-passenger, 4-door sedan",64645,82140,"turbocharged, supercharged, and intercooled DOHC 16-valve 2.0-liter inline-4, 316 hp, 295 lb-ft; 2 permanent-magnet synchronous AC motors (front: 46 hp, 111 lb-ft; rear: 87 hp, 177 lb-ft); combined output, 400 hp, 472 lb-ft; 10.4-kWh lithium-ion battery pack",,,,,,8-speed automatic,120.5,200.1,74.6,57.1,4701,4.5,12.3,13.3,103,,166,,0.91,5.3,2.9,3.6,29,26,33,27,21,yes
https://www.caranddriver.com/reviews/a15077913/2017-ford-fiesta-hatchback-automatic-test-review/,2017,Ford,Fiesta Hatchback Automatic Test |,"front-engine, front-wheel-drive, 5-passenger, 4-door hatchback",15390,20620,"DOHC 16-valve inline-4, aluminum block and head, port fuel injection",97,120,6350,112,5000,6-speed dual-clutch automatic with manual shifting mode,98.0,159.7,67.8,58.1,2611,9.1,30.1,17.1,81,,175,,0.83,9.5,4.7,6.3,31,27,37,,,yes
https://www.caranddriver.com/reviews/a15078033/2017-porsche-911-targa-4-pdk-automatic-test-review/,2017,Porsche,911 Targa 4 Pdk Automatic Test,"rear-engine, all-wheel-drive, 2+2-passenger, 2-door targa",112850,128170,"twin-turbocharged and intercooled DOHC 24-valve flat-6, aluminum block and heads, direct fuel injection",182,370,6500,331,1700,7-speed dual-clutch automatic with manual shifting mode,96.5,177.1,72.9,50.7,3614,3.6,9.2,12.1,115,,143,,0.99,4.8,2.7,3.0,24,22,28,20,,yes
https://www.caranddriver.com/reviews/a15078105/2018-jaguar-xf-s-sportbrake-first-drive-review/,2018,Jaguar Xf,S Sportbrake First Drive,"front-engine, all-wheel-drive, 5-passenger, 4-door hatchback",116,,"supercharged and intercooled DOHC 24-valve V-6, aluminum block and heads, direct fuel injection",,380,6500,332,4500,8-speed automatic with manual shifting mode,116.5,195.1,74.0,58.9,4350,5.3,12.5,13.8,,121,,,,,,,22,19,27,,,yes
https://www.caranddriver.com/reviews/a15078181/2018-audi-a5-sportback-test-review/,2018,Audi,A5 Sportback Test,"front-engine, all-wheel-drive, 5-passenger, 4-door hatchback",43575,55400,"turbocharged and intercooled DOHC 16-valve inline-4, iron block and aluminum head, direct fuel injection",,252,6000,273,1600,7-speed dual-clutch automatic with manual shifting mode,111.2,186.3,72.6,54.6,3758,5.3,14.0,14.0,100,,159,,0.94,6.1,3.1,3.9,27,24,34,,,yes
https://www.caranddriver.com/reviews/a15078325/2018-volvo-v90-t6-awd-test-review/,2018,Volvo,V90 T6 Awd Test,"front-engine, all-wheel-drive, 5-passenger, 4-door hatchback",56945,68290,"turbocharged, supercharged, and intercooled DOHC 16-valve inline-4; aluminum block and head; direct fuel injection",,316,5700,295,2200,8-speed automatic with manual shifting mode,115.8,194.3,74.6,58.1,4247,6.5,16.4,14.9,95,,157,,0.92,6.8,3.2,4.4,25,22,31,20,,yes
https://www.caranddriver.com/reviews/a15078337/2019-porsche-cayenne-first-drive-review/,2019,Porsche,Cayenne First Drive |,"front-engine, all-wheel-drive, 5-passenger, 4-door hatchback",114,,S,,,,,,8-speed automatic with manual shifting mode,114.0,,78.0,,4500,3.7,9.1,12.2,,152,,,,,,,,,,,,yes
https://www.caranddriver.com/reviews/a15078358/2018-mercedes-benz-s450-first-drive-review/,2018,Mercedes Benz,S450 First Drive,"front-engine, rear- or all-wheel-drive, 4- or 5-passenger, 4-door sedan",124,,"twin-turbocharged and intercooled DOHC 24-valve V-6, aluminum block and heads, direct fuel injection",,362,6000,369,1800,9-speed automatic with manual shifting mode,124.6,206.9,74.8,58.8,4550,4.8,11.1,13.4,,130,,,,,,,,,,,,yes
https://www.caranddriver.com/reviews/a15078379/2017-jaguar-xe-long-term-test-update-review-2017-jaguar-xe-page-4/,2017,Jaguar Xe,Long Term Test Update Review 2017 Jaguar Xe Page 4,"front-engine, all-wheel-drive, 5-passenger, 4-door sedan",52695,59345,"supercharged and intercooled DOHC 24-valve V-6, aluminum block and heads, direct fuel injection",183,340,6500,332,4500,8-speed automatic with manual shifting mode,111.6,183.9,72.8,55.7,4036,4.8,11.9,13.4,105,,147,,0.93,5.2,3.0,3.7,23,20,29,24,,yes
https://www.caranddriver.com/reviews/a15078406/2018-honda-fit-manual-test-review/,2018,Honda Fit,Manual Test,"front-engine, front-wheel-drive, 5-passenger, 4-door hatchback",17065,18375,"DOHC 16-valve inline-4, aluminum block and head, direct fuel injection",,130,6600,114,4600,6-speed manual,99.6,161.8,67.0,60.0,2551,8.2,24.3,16.4,85,,179,,0.81,8.5,10.4,11.2,31,29,36,27,,yes
https://www.caranddriver.com/reviews/a15078588/2018-jeep-grand-cherokee-trackhawk-full-test-review/,2018,Jeep Grand,Cherokee Trackhawk Full Test,"front-engine, all-wheel-drive, 5-passenger, 4-door hatchback",86995,90880,"supercharged and intercooled pushrod 16-valve V-8, iron block and aluminum heads, port fuel injection",,707,6000,645,4800,8-speed automatic with manual shifting mode,114.7,189.8,76.5,67.9,5258,3.5,8.8,12.0,115,,168,,0.89,3.8,,,,,,,,yes
https://www.caranddriver.com/reviews/a15078684/2018-honda-accord-sport-20t-manual-test-review/,2018,Honda Accord,Sport 20T Manual Test,"front-engine, front-wheel-drive, 5-passenger, 4-door sedan",30000,30000,"turbocharged and intercooled DOHC 16-valve inline-4, aluminum block and head, direct fuel injection",,252,6500,273,1500,6-speed manual,111.4,192.1,73.2,57.1,3276,6.1,15.3,14.7,98,,164,,0.87,7.0,10.8,7.6,,,,28,,yes
https://www.caranddriver.com/reviews/a15078718/2018-kia-rio-hatchback-automatic-test-review/,2018,Kia Rio,Hatchback Automatic Test,"front-engine, front-wheel-drive, 5-passenger, 4-door hatchback",16185,20225,"DOHC 16-valve inline-4, aluminum block and head, direct fuel injection",,130,6300,119,4850,6-speed automatic with manual shifting mode,101.6,160.0,67.9,57.1,2584,8.5,25.0,16.7,85,,182,,0.79,8.9,4.2,6.1,32,28,37,28,,yes
https://www.caranddriver.com/reviews/a15078870/2018-mercedes-benz-c300-cabriolet-test-review/,2018,Mercedes Benz,C300 Cabriolet Test,"front-engine, rear-wheel-drive, 4-passenger, 2-door convertible",52195,58640,"turbocharged and intercooled DOHC 16-valve inline-4, aluminum block and head, direct fuel injection",,241,5500,273,1300,9-speed automatic with manual shifting mode,111.8,184.5,71.3,55.3,3868,6.1,16.6,14.7,94,,158,,0.94,7.0,3.7,4.6,25,22,29,22,,yes
https://www.caranddriver.com/reviews/a15078876/subaru-wrx-sti-global-rallycross-car-first-drive-review/,,,,,,,,,,,,,,,,,,,,,,,,,,,,,,,,,,,
https://www.caranddriver.com/reviews/a15078919/2018-bmw-m550i-xdrive-test-review/,2018,Bmw,M550I Xdrive Test,"front-engine, all-wheel-drive, 5-passenger, 4-door sedan",74395,87985,"twin-turbocharged and intercooled DOHC 32-valve V-8, aluminum block and heads, direct fuel injection",,456,6000,480,1800,8-speed automatic with manual shifting mode,117.1,195.4,73.5,57.8,4414,3.8,9.2,12.3,115,,151,,0.94,5.1,2.5,3.1,19,16,25,17,,yes
https://www.caranddriver.com/reviews/a15078969/2018-kia-stinger-gt-33t-awd-test-review/,2018,Kia Stinger,Gt 33T Awd Test,"front-engine, all-wheel-drive, 5-passenger, 4-door hatchback",41450,52300,"twin-turbocharged and intercooled DOHC 24-valve V-6, aluminum block and heads, direct fuel injection",,365,6000,376,1300,8-speed automatic with manual shifting mode,114.4,190.2,73.6,55.1,4157,4.6,11.3,13.2,108,,164,,0.91,5.3,2.6,3.4,20,17,26,,,yes
https://www.caranddriver.com/reviews/a15078999/2017-bmw-i3-ev-test-review/,2017,Bmw,I3 Ev Test,"rear-motor, rear-wheel-drive, 4-passenger, 4-door hatchback",45445,46445,,,,,,,1-speed direct drive,101.2,157.8,69.9,62.1,2918,6.6,,15.5,87,,177,,0.77,6.7,2.5,4.4,118,129,106,111,,yes
https://www.caranddriver.com/reviews/a15079108/2017-nissan-rogue-sport-awd-test-review/,2017,Nissan Rogue,Sport Awd Test,"front-engine, all-wheel-drive, 5-passenger, 4-door hatchback",23745,31245,"DOHC 16-valve inline-4, aluminum block and head, direct fuel injection",,141,6000,147,4400,continuously variable automatic with manual shifting mode,104.2,172.4,72.3,63.3,3441,10.0,35.6,17.6,79,,180,,0.79,10.3,4.8,6.9,27,24,30,22,,yes
https://www.caranddriver.com/reviews/a15079146/2017-audi-rs3-test-review/,2017,Audi,Rs3 Test,"front-engine, all-wheel-drive, 5-passenger, 4-door sedan",55450,66775,"turbocharged and intercooled DOHC 20-valve inline-5, aluminum block and head, port and direct fuel injection",,400,7000,354,1700,7-speed dual-clutch automatic with manual shifting mode,103.6,176.3,70.9,55.0,3547,3.5,8.7,11.9,117,,157,,0.98,4.3,2.8,3.2,22,19,28,19,,yes
https://www.caranddriver.com/reviews/a15079241/2017-volkswagen-e-golf-test-review/,2017,Volkswagen E,Golf Test,"front-motor, front-wheel-drive, 5-passenger, 4-door hatchback",31345,39240,,,,,,,1-speed direct drive,103.5,168.1,70.8,57.2,3430,8.5,,16.6,83,,181,,0.82,8.4,3.4,5.4,119,126,111,121,,yes
https://www.caranddriver.com/reviews/a15079335/2018-toyota-avalon-quick-take-review/,2018,Toyota,Avalon,"front-engine, front-wheel-drive, 5-passenger, 4-door sedan",111,,S,,,,,,S,111.0,195.3,72.2,57.5,3500,6.1,15.1,14.5,98,,168,,0.82,6.3,3.6,3.9,,,,,,yes
https://www.caranddriver.com/reviews/a15079405/2018-honda-accord-20t-automatic-test-review/,2018,Honda Accord,20T Automatic Test,"front-engine, front-wheel-drive, 5-passenger, 4-door sedan",31185,36675,"turbocharged and intercooled DOHC 16-valve inline-4, aluminum block and head, direct fuel injection",,252,6500,273,1500,10-speed automatic with manual shifting mode,111.4,192.2,73.3,57.1,3419,5.5,13.6,14.1,102,,170,,0.88,6.1,3.4,4.4,,,,24,,yes
https://www.caranddriver.com/reviews/a15079424/2018-rolls-royce-phantom-viii-first-drive-review/,2018,Rolls-Royce,Phantom VIII First Drive |,"front-engine, rear-wheel-drive, 4- or 5-passenger, 4-door sedan",139,,"twin-turbocharged and intercooled DOHC 48-valve V-12, aluminum block and heads, direct fuel injection",412,563,5000,664,1700,8-speed automatic,,,79.4,,5650,4.5,9.5,12.8,,155,,,,,,,14,12,19,,,yes
https://www.caranddriver.com/reviews/a15079473/2017-range-rover-supercharged-test-review/,2017,Range Rover,Supercharged Test,"front-engine, 4-wheel-drive, 5-passenger, 4-door hatchback",104890,121640,"supercharged and intercooled DOHC 32-valve V-8, aluminum block and heads, direct fuel injection",,510,6500,461,2500,8-speed automatic with manual shifting mode,115.8,196.8,78.1,72.3,5419,4.8,11.1,13.2,109,,186,,0.77,5.1,2.7,3.6,16,14,19,13,,yes
https://www.caranddriver.com/reviews/a15079560/2018-bmw-640i-xdrive-gran-turismo-first-drive-review/,2018,BMW,640i xDrive Gran Turismo First Drive |,"front-engine, all-wheel-drive, 5-passenger, 4-door hatchback",70695,,"turbocharged and intercooled DOHC 24-valve inline-6, aluminum block and head, direct fuel injection",183,335,6500,332,1380,8-speed automatic with manual shifting mode,120.9,200.9,74.9,60.6,4300,4.9,11.4,13.5,,155,,,,,,,22,19,27,,,yes
https://www.caranddriver.com/reviews/a15079646/2017-honda-civic-si-sedan-test-review/,2017,Honda,Civic Si Sedan Test |,"front-engine, front-wheel-drive, 5-passenger, 4-door sedan",24775,24775,"turbocharged and intercooled DOHC 16-valve inline-4, aluminum block and head, direct fuel injection",,205,5700,192,2100,6-speed manual,106.3,182.8,70.8,55.5,2911,6.7,16.6,15.0,95,,176,,0.88,7.7,13.3,8.9,32,28,38,28,,yes
https://www.caranddriver.com/reviews/a15079765/2019-audi-a8-sedan-first-drive-review/,2019,Audi,A8 Sedan First Drive,"front-engine, all-wheel-drive, 4- or 5-passenger, 4-door sedan",123,,S,,,,,,8-speed automatic with manual shifting mode,123.1,208.7,76.6,58.6,4350,4.0,9.9,12.5,,131,,,,,,,,,,,,yes
https://www.caranddriver.com/reviews/a15079825/2017-nissan-nv3500-hd-high-roof-cargo-van-test-review/,2017,Nissan,Nv3500 Hd High Roof Cargo Van Test,"front-engine, rear-wheel-drive, 2-passenger, 2-door van",35475,39040,"DOHC 32-valve V-8, aluminum block and heads, direct fuel injection",,375,5800,387,4000,7-speed automatic with manual shifting mode,146.1,240.6,79.9,106.0,6316,7.5,21.1,15.9,89,,210,,0.70,7.8,3.5,5.1,,,,11,,yes
https://www.caranddriver.com/reviews/a15079837/2017-bmw-x6-m-test-review/,2017,Bmw,X6 M Test,"front-engine, all-wheel-drive, 5-passenger, 4-door hatchback",105095,112295,"twin-turbocharged and intercooled DOHC 32-valve V-8, aluminum block and heads, direct fuel injection",,567,6500,553,2200,8-speed automatic with manual shifting mode,115.5,193.8,78.3,66.5,5190,3.8,9.2,12.3,114,,153,,0.98,4.5,2.5,2.9,16,14,19,16,,yes
https://www.caranddriver.com/reviews/a15079849/2019-mercedes-benz-cls-class-first-ride-review/,2019,Mercedes-Benz,CLS-class First Ride |,,,,,,,,,,,,,,,,,,,,,,,,,,,,,,,,
https://www.caranddriver.com/reviews/a15079908/2017-mini-clubman-john-cooper-works-all4-manual-test-review/,2017,Mini Clubman,John Cooper Works All4 Manual Test,"front-engine, all-wheel-drive, 5-passenger, 4-door hatchback",35950,40250,"turbocharged and intercooled DOHC 16-valve inline-4, aluminum block and head, direct fuel injection",,228,6000,258,1450,6-speed manual,105.1,168.3,70.9,56.7,3430,6.7,16.1,14.8,96,,171,,0.88,7.4,8.7,7.1,24,21,31,23,,yes
https://www.caranddriver.com/reviews/a15079927/2018-honda-accord-first-drive-review/,2018,Honda Accord,First Drive,"front-engine, front-wheel-drive, 5-passenger, 4-door sedan",111,,S:,,,,,,S:,111.4,192.2,73.3,57.1,3150,5.6,13.6,14.2,,125,,,,,,,,,,,,yes
https://www.caranddriver.com/reviews/a15079934/2018-chevrolet-corvette-grand-sport-review/,2018,Chevrolet,Corvette Grand Sport,,,,,,,,,,,,,,,,,,,,,,,,,,,,,,,,
https://www.caranddriver.com/reviews/a15080171/2017-porsche-911-carrera-gts-cabriolet-pdk-automatic-test-review/,2017,Porsche,911 Carrera GTS Cabriolet PDK Automatic Test |,"rear-engine, rear-wheel-drive, 2+2-passenger, 2-door convertible",136070,143120,"twin-turbocharged and intercooled DOHC 24-valve flat-6, aluminum block and heads, direct fuel injection",182,450,6500,405,2150,7-speed dual-clutch automatic with manual shifting mode,96.5,178.3,72.9,50.8,3475,3.0,7.3,11.3,122,,139,,1.03,4.0,2.5,2.5,22,20,26,16,,yes
https://www.caranddriver.com/reviews/a15080253/2017-mercedes-amg-cla45-4matic-test-review/,2017,Mercedes Amg,Cla45 4Matic Test,"front-engine, all-wheel-drive, 5-passenger, 4-door sedan",50945,69095,"turbocharged and intercooled DOHC 16-valve inline-4, aluminum block and head, direct fuel injection",,375,6000,350,2250,7-speed dual-clutch automatic with manual shifting mode,106.3,183.8,70.0,55.7,3563,3.8,9.4,12.3,113,,150,,1.00,5.3,2.9,3.3,26,23,30,20,,yes
https://www.caranddriver.com/reviews/a15080405/2017-jeep-renegade-deserthawk-4x4-test-review/,2017,Jeep Renegade,Deserthawk 4X4 Test,"front-engine, 4-wheel-drive, 5-passenger, 4-door hatchback",29485,33415,"SOHC 16-valve inline-4, aluminum block and head, port fuel injection",,180,6400,175,3900,9-speed automatic with manual shifting mode,101.2,166.6,74.2,66.5,3661,10.3,36.2,17.9,78,,195,,0.72,11.0,5.2,7.6,,,,18,,yes
https://www.caranddriver.com/reviews/a15080420/2017-porsche-cayenne-turbo-s-test-review/,2017,Porsche Cayenne,Turbo S Test,"front-engine, all-wheel-drive, 5-passenger, 4-door hatchback",160650,169555,"twin-turbocharged and intercooled DOHC 32-valve V-8, aluminum block and heads, direct fuel injection",,570,6000,590,2500,8-speed automatic with manual shifting mode,114.0,191.1,78.7,67.0,5130,3.8,9.2,12.2,115,,156,,0.95,4.8,2.8,3.3,17,14,21,13,,yes
https://www.caranddriver.com/reviews/a15080455/2018-honda-accord-hybrid-first-drive-review/,2018,Honda,Accord Hybrid First Drive |,"front-engine, front-wheel-drive, 5-passenger, 4-door sedan",28000,,"DOHC 16-valve Atkinson-cycle 2.0-liter inline-4, 143 hp, 129 lb-ft; permanent-magnet synchronous AC motor, 181 hp, 232 lb-ft; combined output, 212 hp; 1.3-kWh lithium-ion battery pack",,,,,,1-speed direct drive,111.4,192.2,73.3,57.1,3350,7.1,21.0,15.7,,115,,,,,,,50,50,49,,,yes
https://www.caranddriver.com/reviews/a15080548/2017-ford-fusion-hybrid-test-review/,2017,Ford Fusion,Hybrid Test,"front-engine, front-wheel-drive, 5-passenger, 4-door sedan",26170,32835,"DOHC 16-valve Atkinson-cycle 2.0-liter inline-4, 141 hp, 129 lb-ft; permanent-magnet synchronous AC motor, 118 hp, 177 lb-ft; combined output, 188 hp; 1.4-kWh lithium-ion battery pack",,,,,,continuously variable automatic,112.2,191.8,72.9,58.0,3716,8.9,23.7,16.9,85,,187,,0.73,9.8,4.2,5.8,42,43,41,36,,yes
https://www.caranddriver.com/reviews/a15080556/2017-kia-optima-sedan-hybrid-and-plug-in-review/,2017,Kia Optima,Sedan Hybrid And Plug In,"front-engine, front-wheel-drive, 5-passenger, 4-door sedan",,,S,,,,,,S,110.4,191.1,73.2,,3250,7.5,20.4,15.9,90,,179,,0.83,7.7,3.9,5.1,42,39,46,,,yes
https://www.caranddriver.com/reviews/a15080595/2016-mazda-mx-5-miata-long-term-test-review/,2016,Mazda Mx,5 Miata Long Term Test,"front-engine, rear-wheel-drive, 2-passenger, 2-door convertible",29420,,"DOHC 16-valve Atkinson-capable inline-4, aluminum block and head, direct fuel injection",122,155,6000,148,4600,6-speed manual,90.9,154.1,68.3,48.8,2324,5.8,17.3,14.6,94,,158,,0.88,6.5,8.6,8.4,30,27,34,32,,yes
https://www.caranddriver.com/reviews/a15080677/2018-audi-sq5-test-review/,2018,Audi,Sq5 Test,"front-engine, all-wheel-drive, 5-passenger, 4-door hatchback",55275,65800,"turbocharged and intercooled DOHC 24-valve Miller-capable V-6, aluminum block and heads, direct fuel injection",,354,6400,369,1370,8-speed automatic with manual shifting mode,111.2,183.9,74.5,65.3,4429,5.1,13.0,13.7,102,,148,,0.93,6.1,3.4,4.0,21,19,24,20,,yes
https://www.caranddriver.com/reviews/a15080688/2018-hyundai-elantra-gt-20l-automatic-test-review/,2018,Hyundai Elantra,Gt 20L Automatic Test,"front-engine, front-wheel-drive, 5-passenger, 4-door hatchback",21235,21360,"DOHC 16-valve inline-4, aluminum block and head, direct fuel injection",,161,6200,150,4700,6-speed automatic with manual shifting mode,104.3,170.9,70.7,57.7,2925,8.0,22.0,16.2,87,,171,,0.83,8.4,3.8,5.4,27,24,32,,,yes
https://www.caranddriver.com/reviews/a15080761/2017-nissan-frontier-pro-4x-4x4-crew-cab-automatic-test-review/,2017,Nissan Frontier,Pro 4X 4X4 Crew Cab Automatic Test,"front-engine, rear-/4-wheel-drive, 5-passenger, 4-door pickup",34365,37075,"DOHC 24-valve V-6, aluminum block and heads, port fuel injection",,261,5600,281,4000,5-speed automatic with manual shifting mode,125.9,205.5,72.8,70.1,4616,7.3,22.3,15.8,87,,189,,0.70,7.7,4.0,5.3,17,15,21,16,,yes
https://www.caranddriver.com/reviews/a15080777/2017-bentley-flying-spur-v8-s-test-review/,2017,Bentley Flying,Spur V8 S Test,,208725,234905,"twin-turbocharged and intercooled DOHC 32-valve V-8, aluminum block and heads, direct fuel injection",,521,6000,502,1700,8-speed automatic with manual shifting mode,120.7,208.6,,58.6,5509,4.3,10.5,12.8,111,,167,,0.83,5.4,2.6,3.5,17,14,24,12,,yes
https://www.caranddriver.com/reviews/a15080859/2017-mercedes-amg-gle43-4matic-test-review/,2017,Mercedes Amg,Gle43 4Matic Test,"front-engine, all-wheel-drive, 5-passenger, 4-door hatchback",68075,85875,"twin-turbocharged and intercooled DOHC 24-valve V-6, aluminum block and heads, direct fuel injection",,362,6000,384,2000,9-speed automatic with manual shifting mode,114.8,189.6,78.7,69.3,5089,5.4,14.7,14.1,98,,172,,0.77,6.5,3.4,4.4,20,17,23,18,,yes
https://www.caranddriver.com/reviews/a15080927/2017-fiat-500c-manual-test-review/,2017,Fiat,500C Manual Test |,"front-engine, front-wheel-drive, 4-passenger, 2-door convertible",17485,20365,"SOHC 16-valve inline-4, iron block with aluminum head, port fuel injection",83,101,6500,97,4000,5-speed manual,90.6,139.6,64.1,59.8,2479,9.8,44.5,17.7,77,,181,,0.82,10.4,19.6,21.5,34,31,38,29,,yes
https://www.caranddriver.com/reviews/a15080936/2017-lincoln-continental-30t-awd-black-label-test-review/,2017,Lincoln Continental,30T Awd Black Label Test,"front-engine, all-wheel-drive, 5-passenger, 4-door sedan",69265,81530,"twin-turbocharged and intercooled DOHC 24-valve V-6, aluminum block and heads, direct fuel injection",,400,5750,400,2750,6-speed automatic with manual shifting mode,117.9,201.4,78.1,58.5,4707,5.3,12.8,13.8,103,,173,,0.85,5.9,2.9,3.5,19,16,24,16,,yes
https://www.caranddriver.com/reviews/a15080998/2018-toyota-camry-se-25l-test-review/,2018,Toyota Camry,Se 25L Test,"front-engine, front-wheel-drive, 5-passenger, 4-door sedan",26095,28220,"DOHC 16-valve Atkinson-capable inline-4, aluminum block and head, port and direct fuel injection",,203,6600,184,5000,8-speed automatic with manual shifting mode,111.2,192.7,72.4,56.9,3409,7.9,20.5,16.2,90,,175,,0.88,8.2,4.3,6.0,32,28,39,32,,yes
https://www.caranddriver.com/reviews/a15081008/2018-dodge-charger-review/,2018,Dodge,Charger,"front-engine, rear- or all-wheel-drive, 5-passenger, 4-door sedan",120,,S:,,,,,,8-speed automatic with manual shifting mode,,,75.0,,4050,6.2,15.8,14.7,96,,172,,0.86,6.5,3.3,4.6,,,,,,yes
https://www.caranddriver.com/reviews/a15081155/hondajet-ha-420-first-flight-review/,,,,,,,,,,,,,,,,,,,,,,,,,,,,,,,,,,,
https://www.caranddriver.com/reviews/a15081187/2018-audi-s5-cabriolet-test-review/,2018,Audi,S5 Cabriolet Test,"front-engine, all-wheel-drive, 4-passenger, 2-door convertible",63275,70625,"turbocharged and intercooled DOHC 24-valve Miller-cycle V-6, aluminum block and heads, direct fuel injection",,354,6400,369,1370,8-speed automatic with manual shifting mode,108.9,184.7,72.7,54.4,4187,4.8,12.4,13.5,103,,158,,0.94,6.1,3.2,4.0,23,20,29,21,,yes
https://www.caranddriver.com/reviews/a15081390/2019-mazda-3-with-skyactiv-x-compression-ignition-gas-engine-prototype-drive-review/,2019,Mazda,3 With Skyactiv X Compression Ignition Gas Engine Prototype Drive,,,,,,,,,,,,,,,,,,,,,,,,,,,,,,,,
https://www.caranddriver.com/reviews/a15081563/2018-lexus-ls-first-drive-review/,2018,Lexus Ls,First Drive,"front-engine, rear- or all-wheel-drive, 5-passenger, 4-door sedan",123,,S,,,,,,S,123.0,206.1,74.8,,4700,5.0,11.0,13.7,,136,,,,,,,,,,,,yes
https://www.caranddriver.com/reviews/a15081564/2018-bentley-bentayga-diesel-first-drive-review/,2018,Bentley Bentayga,Diesel First Drive,"front-engine, all-wheel-drive, 4-, 5-, or 7-passenger, 4-door hatchback",117,,"sequentially turbocharged, supercharged, and intercooled DOHC 32-valve diesel V-8; iron block and aluminum heads; direct fuel injection",,429,5000,664,1000,8-speed automatic with manual shifting mode,117.9,202.4,78.7,68.6,5800,4.2,9.5,12.6,,168,,,,,,,26,24,31,,,yes
https://www.caranddriver.com/reviews/a15081577/2018-subaru-wrx-sti-test-review/,2018,Subaru Wrx,Sti Test,"front-engine, all-wheel-drive, 5-passenger, 4-door sedan",36955,39455,"turbocharged and intercooled DOHC 16-valve flat-4, aluminum block and heads, port fuel injection",,305,6000,290,4000,6-speed manual,104.3,180.9,70.7,58.1,3451,5.3,13.0,13.8,102,,158,,0.93,7.0,12.3,9.1,19,17,22,20,,yes
https://www.caranddriver.com/reviews/a15081635/2018-fiat-500l-review/,2018,Fiat,500L,"front-engine, front-wheel-drive, 5-passenger, 4-door hatchback",102,,"turbocharged and intercooled SOHC 16-valve inline-4, iron block and aluminum head, port fuel injection",,160,5500,184,2500,6-speed automatic with manual shifting mode,102.8,,,,3300,8.0,23.9,16.2,86,,176,,0.76,8.6,4.7,5.5,25,22,30,,,yes
https://www.caranddriver.com/reviews/a15081662/2017-cadillac-cts-36l-rwd-test-review/,2017,Cadillac Cts,36L Rwd Test,"front-engine, rear-wheel-drive, 5-passenger, 4-door sedan",54690,67770,"DOHC 24-valve V-6, aluminum block and heads, direct fuel injection",,335,6800,285,5300,8-speed automatic with manual shifting mode,114.6,195.5,72.2,57.2,3795,5.7,13.9,14.2,101,,153,,0.94,6.0,3.2,4.2,24,20,30,20,,yes
https://www.caranddriver.com/reviews/a15081675/2018-nissan-pathfinder-quick-take-review/,2018,Nissan Pathfinder,Quick Take,"front-engine, front- or all-wheel-drive, 7-passenger, 4-door hatchback",114,,"DOHC 24-valve V-6, aluminum block and heads, direct fuel injection",,284,6400,259,4800,continuously variable automatic,114.2,198.5,77.2,69.6,4300,7.4,18.7,15.7,92,,179,,0.77,7.5,3.9,5.0,,,,,,yes
https://www.caranddriver.com/reviews/a15081761/2018-aston-martin-db11-v-8-first-drive-review/,2018,Aston,Martin DB11 V-8 First Drive |,"front-engine, rear-wheel-drive, 2+2-passenger, 2-door coupe",201820,,"twin-turbocharged and intercooled DOHC 32-valve V-8, aluminum block and heads, direct fuel injection",243,503,6000,498,2000,8-speed automatic with manual shifting mode,110.4,186.6,76.4,50.4,4150,3.7,7.9,11.8,,187,,,,,,,17,15,21,,,yes
https://www.caranddriver.com/reviews/a15081817/2017-porsche-911-carrera-4-pdk-automatic-test-review/,2017,Porsche,911 Carrera 4 PDK Automatic Test |,"rear-engine, all-wheel-drive, 2+2-passenger, 2-door coupe",97350,117095,"twin-turbocharged and intercooled DOHC 24-valve flat-6, aluminum block and heads, direct fuel injection",182,370,6500,331,1700,7-speed dual-clutch automatic with manual shifting mode,96.5,177.1,72.9,50.9,3402,3.4,8.7,11.9,117,,143,,1.04,4.4,2.5,2.8,24,22,28,20,,yes
https://www.caranddriver.com/reviews/a15081853/2018-dodge-journey-review/,2018,Dodge Journey,Review,"front-engine, front- or all-wheel-drive, 7-passenger, 4-door hatchback",113,,S,,,,,,S,113.8,192.4,72.2,66.6,4000,7.8,23.1,16.1,86,,177,,0.76,8.3,4.3,5.7,,,,,,yes
https://www.caranddriver.com/reviews/a15082028/2017-mercedes-amg-glc43-coupe-test-review/,2017,Mercedes Amg,Glc43 Coupe Test,"front-engine, all-wheel-drive, 5-passenger, 4-door hatchback",60645,74495,"twin-turbocharged and intercooled DOHC 24-valve V-6, aluminum block and heads, direct fuel injection",,362,6000,384,2500,9-speed automatic with manual shifting mode,113.1,186.1,76.0,62.4,4261,4.3,11.4,13.0,106,,155,,0.92,5.4,3.1,4.1,20,18,24,17,,yes
https://www.caranddriver.com/reviews/a15082136/2018-volvo-xc60-t8-plug-in-hybrid-first-drive-review/,2018,Volvo,Xc60 T8 Plug In Hybrid First Drive,"front-engine, all-wheel-drive, 5-passenger, 4-door hatchback",112,,"turbocharged, supercharged, and intercooled DOHC 16-valve 2.0-liter inline-4, 313 hp, 295 lb-ft; 2 permanent-magnet synchronous AC motors, 46 hp, 111 lb-ft and 87 hp, 177 lb-ft; combined output, 400 hp, 472 lb-ft; 10.4-kWh lithium-ion battery pack",,,,,,S,112.8,184.6,78.7,65.3,4800,4.9,14.2,13.8,,140,,,,,,,26,26,28,,18,yes
https://www.caranddriver.com/reviews/a15082156/2018-audi-s5-sportback-test-review/,2018,Audi,S5 Sportback Test,"front-engine, all-wheel-drive, 5-passenger, 4-door hatchback",55375,68350,"turbocharged and intercooled DOHC 24-valve Miller-capable V-6, aluminum block and heads, direct fuel injection",,354,6400,369,1370,8-speed automatic with manual shifting mode,111.2,187.1,72.6,54.5,4017,4.3,10.9,12.9,108,,158,,0.95,5.8,3.4,3.5,24,21,30,23,,yes
https://www.caranddriver.com/reviews/a15082167/2018-chevrolet-traverse-test-review/,2018,Chevrolet Traverse,Test,"front-engine, front-/all-wheel-drive, 7-passenger, 4-door hatchback",52995,52995,"DOHC 24-valve V-6, aluminum block and heads, direct fuel injection",,310,6800,266,2800,9-speed automatic with manual shifting mode,120.9,204.3,78.6,70.7,4680,6.5,17.3,15.1,94,,176,,0.83,6.8,3.2,4.6,20,17,25,21,,yes
https://www.caranddriver.com/reviews/a15082198/2019-genesis-g70-prototype-drive-review/,2019,Genesis,G70 Prototype Drive |,"front-engine, rear- or all-wheel-drive, 5-passenger, 4-door sedan",32000,,S:,,,,,,8-speed automatic with manual shifting mode,111.6,184.4,72.8,55.1,3600,4.7,11.9,13.4,,130,,,,,,,,,,,,yes
https://www.caranddriver.com/reviews/a15082238/2018-chevrolet-camaro-zl1-1le-test-review/,2018,Chevrolet Camaro,Zl1 1Le Test,"front-engine, rear-wheel-drive, 4-passenger, 2-door coupe",71295,72595,"supercharged and intercooled pushrod 16-valve V-8, aluminum block and heads, direct fuel injection",,650,6400,650,3600,6-speed manual,110.7,188.3,74.7,52.0,3842,3.5,7.9,11.7,124,,141,,1.18,3.9,,,16,14,20,,,yes
https://www.caranddriver.com/reviews/a15082344/2018-ram-1500-quick-take-review/,2018,Ram,1500 Quick Take,"front-engine; rear-, rear-/4-, rear-/all-wheel-drive; 2-, 3-, 5-, or 6-passenger; 2- or 4-door pickup",120,,S,,,,,,8-speed automatic with manual shifting mode,,,79.4,,4800,7.0,20.2,15.5,88,,213,,0.69,7.0,3.4,4.4,,,,,,yes
https://www.caranddriver.com/reviews/a15082362/2017-kia-forte5-sx-turbo-dct-automatic-test-review/,2017,Kia,Forte5 Sx Turbo Dct Automatic Test,"front-engine, front-wheel-drive, 5-passenger, 4-door hatchback",24695,28420,"turbocharged and intercooled DOHC 16-valve inline-4, aluminum block and head, direct fuel injection",,201,6000,195,4500,7-speed dual-clutch automatic with manual shifting mode,106.3,171.3,70.1,57.1,3076,6.7,17.9,15.3,93,,176,,0.85,7.1,3.5,4.7,27,25,30,28,,yes
https://www.caranddriver.com/reviews/a15082477/2018-mercedes-amg-gt-c-coupe-first-drive-review/,2018,Mercedes Amg,Gt C Coupe First Drive,"front-engine, rear-wheel-drive, 2-passenger, 2-door hatchback",167765,,"twin-turbocharged and intercooled DOHC 32-valve V-8, aluminum block and heads, direct fuel injection",,550,6250,502,1900,7-speed dual-clutch automatic with manual shifting mode,103.5,179.0,79.0,50.7,3800,3.5,7.3,11.5,128,,150,,1.05,4.1,2.2,2.7,17,15,21,15,,yes
https://www.caranddriver.com/reviews/a15082792/2018-chevrolet-equinox-diesel-first-drive-review/,2018,Chevrolet Equinox,Diesel First Drive,"front-engine, front- or front-/all-wheel-drive, 5-passenger, 4-door hatchback",107,,"turbocharged and intercooled DOHC 16-valve diesel inline-4, aluminum block and head, direct fuel injection",,137,3750,240,2000,6-speed automatic with manual shifting mode,107.3,183.1,72.6,65.4,3750,10.5,27.6,17.2,,115,,,,,,,32,28,38,,,yes
https://www.caranddriver.com/reviews/a15082808/2017-cadillac-ct6-plug-in-hybrid-test-review/,2017,Cadillac,Ct6 Plug In Hybrid Test,"front-engine, rear-wheel-drive, 5-passenger, 4-door sedan",76090,76090,"turbocharged and intercooled DOHC 2.0-liter inline-4, 265 hp, 295 lb-ft; 1 permanent-magnet synchronous AC motor and 1 induction AC motor; combined output, 335 hp, 432 lb-ft; 18.4-kWh lithium-ion battery pack",,,,,,continuously variable automatic,122.4,204.0,74.0,57.9,4498,5.2,13.2,13.8,102,,177,,0.84,5.4,3.4,4.4,26,23,29,,31,yes
https://www.caranddriver.com/reviews/a15082853/2017-alfa-romeo-giulia-20t-awd-test-review/,2017,Alfa,Romeo Giulia 2.0T AWD Test |,"front-engine, all-wheel-drive, 5-passenger, 4-door sedan",40990,51490,"turbocharged and intercooled SOHC 16-valve inline-4, aluminum block and head, direct fuel injection",122,280,5200,306,2000,8-speed automatic with manual shifting mode,111.0,182.8,73.2,57.1,3660,5.5,14.1,14.1,100,,186,,0.79,6.7,3.6,4.3,26,23,31,23,,yes
https://www.caranddriver.com/reviews/a15082989/2018-kia-rio-first-drive-review/,2018,Kia Rio,First Drive,"front-engine, front-wheel-drive, 5-passenger, 4-door sedan or hatchback",101,,"DOHC 16-valve inline-4, aluminum block and head, direct fuel injection",,130,6300,119,4850,S,101.6,,67.9,57.1,2650,8.9,26.0,16.8,,115,,,,,,,,,,,,yes
https://www.caranddriver.com/reviews/a15083115/2018-volkswagen-tiguan-4motion-test-review/,2018,Volkswagen Tiguan,4Motion Test,"front-engine, all-wheel-drive, 7-passenger, 4-door hatchback",28045,38950,"turbocharged and intercooled DOHC 16-valve Miller-capable inline-4, iron block and aluminum head, direct fuel injection",,184,4400,221,1600,8-speed automatic with manual shifting mode,109.8,185.1,72.4,66.3,4086,9.1,25.8,16.9,83,,176,,0.79,9.6,5.1,6.5,23,21,27,24,,yes
https://www.caranddriver.com/reviews/a15083245/2018-jeep-wrangler-jk-quick-take-review/,2018,Jeep Wrangler,Jk Quick Take,"front-engine, rear-/4-wheel-drive, 4- or 5-passenger, 2- or 4-door convertible",95,,"DOHC 24-valve V-6, aluminum block and heads, port fuel injection",220,285,6400,260,4800,S:,,,73.7,72.6,4100,7.5,24.9,15.9,85,,205,,0.69,7.9,4.1,5.5,,,,,,yes
https://www.caranddriver.com/reviews/a15083319/2018-jeep-grand-cherokee-trackhawk-first-drive-review/,2018,Jeep Grand,Cherokee Trackhawk First Drive,"front-engine, all-wheel-drive, 5-passenger, 4-door hatchback",86995,,"supercharged and intercooled pushrod 16-valve V-8, iron block and aluminum heads, port fuel injection",376,707,6000,645,4800,8-speed automatic with manual shifting mode,114.7,189.8,76.5,67.9,5300,3.6,8.9,12.1,,180,,,,,,,13,11,17,,,yes
https://www.caranddriver.com/reviews/a15083369/2017-bmw-740e-xdrive-plug-in-hybrid-test-review/,2017,Bmw,740E Xdrive Plug In Hybrid Test,"front-engine, all-wheel-drive, 5-passenger, 4-door sedan",90095,100595,"turbocharged and intercooled DOHC 16-valve 2.0-liter inline-4, 255 hp, 295 lb-ft; permanent-magnet synchronous AC motor, 111 hp, 184 lb-ft; combined output, 322 hp, 369 lb-ft; 9.2-kWh lithium-ion battery pack",,,,,,8-speed automatic with manual shifting mode,126.4,206.6,74.9,58.2,4702,5.2,12.8,13.7,103,,178,,0.86,5.8,3.4,3.7,27,25,29,28,14,yes
https://www.caranddriver.com/reviews/a15087984/2018-audi-rs4-avant-first-drive-review/,2018,Audi,Rs4 Avant First Drive,"front-engine, all-wheel-drive, 5-passenger, 4-door hatchback",111,,"twin-turbocharged and intercooled DOHC 24-valve V-6, aluminum block and heads, direct fuel injection",177,444,6700,443,1900,8-speed automatic with manual shifting mode,111.3,188.2,71.1,55.3,4150,4.0,9.1,12.5,,155,,,,,,,21,18,26,,,yes
https://www.caranddriver.com/reviews/a15088136/alfa-romeo-stelvio-20t-and-22d-euro-spec-first-drive-review/,,,,"front-engine, rear- or all-wheel-drive, 5-passenger, 4-door hatchback",110,,S:,,,,,,8-speed automatic with manual shifting mode,110.9,184.6,74.9,66.0,4050,7.2,17.0,15.8,,120,,,,,,,,,,,,yes
https://www.caranddriver.com/reviews/a15088143/2018-chevrolet-equinox-20t-awd-test-review/,2018,Chevrolet Equinox,20T Awd Test,"front-engine, front-/all-wheel-drive, 5-passenger, 4-door hatchback",33785,37805,"turbocharged and intercooled DOHC 16-valve inline-4, aluminum block and head, direct fuel injection",,252,5500,260,2500,9-speed automatic with manual shifting mode,107.3,183.1,72.6,65.4,3778,6.6,17.1,15.1,94,,167,,0.85,7.0,,,,,,22,,yes
https://www.caranddriver.com/reviews/a15088333/2018-gmc-terrain-first-drive-review/,2018,Gmc Terrain,First Drive,"front-engine, front- or front-/all-wheel-drive, 5-passenger, 4-door hatchback",107,,S,,,,,,S,107.3,182.3,72.4,65.4,3500,6.4,16.5,15.0,,115,,,,,,,,,,,,yes
https://www.caranddriver.com/reviews/a15088424/2017-aston-martin-db11-test-review/,2017,Aston Martin,Db11 Test,"front-engine, rear-wheel-drive, 2+2-passenger, 2-door coupe",214820,221120,"twin-turbocharged and intercooled DOHC 48-valve V-12, aluminum block and heads, port fuel injection",,600,6500,516,1500,8-speed automatic with manual shifting mode,110.4,186.6,76.4,50.4,4222,3.6,7.8,11.7,125,,158,,0.94,4.4,,,,,,17,,yes
https://www.caranddriver.com/reviews/a15088499/2017-land-rover-discovery-v-6-test-review/,2017,Land Rover,Discovery V 6 Test,"front-engine, all-wheel-drive, 7-passenger, 4-door hatchback",50985,82800,"supercharged and intercooled DOHC 24-valve V-6, aluminum block and heads, direct fuel injection",,340,6500,332,3500,8-speed automatic with manual shifting mode,115.1,195.7,81.6,73.5,5498,6.3,16.4,14.9,95,,186,,0.74,6.9,3.4,4.5,18,16,21,16,,yes
https://www.caranddriver.com/reviews/a15088505/2017-bmw-i3-with-range-extender-test-review/,2017,Bmw,I3 With Range Extender Test,"mid-motor, rear-wheel-drive, 4-passenger, 4-door hatchback",49295,55145,,,,,,,1-speed direct drive,101.2,157.8,69.9,62.1,3204,7.2,,16.0,85,,184,,0.77,7.3,2.7,4.7,35,36,33,79,,yes
https://www.caranddriver.com/reviews/a15088637/2017-hyundai-ioniq-electric-test-review/,2017,Hyundai Ioniq,Electric Test,"front-motor, front-wheel-drive, 5-passenger, 4-door hatchback",30385,36885,,,,,,,1-speed direct drive,106.3,176.0,71.7,57.1,3240,8.6,27.9,16.7,83,,194,,0.82,8.5,3.4,5.3,136,150,122,135,,yes
https://www.caranddriver.com/reviews/a15088696/2017-porsche-macan-turbo-with-performance-package-test-review/,2017,Porsche Macan,Turbo With Performance Package Test,"front-engine, all-wheel-drive, 5-passenger, 4-door hatchback",87495,96295,"twin-turbocharged and intercooled DOHC 24-valve V-6, aluminum block and heads, direct fuel injection",,440,6700,442,1500,7-speed dual-clutch automatic with manual shifting mode,110.5,184.7,76.1,63.0,4449,3.7,9.8,12.4,112,,153,,0.93,4.5,2.6,3.3,19,17,23,16,,yes
https://www.caranddriver.com/reviews/a15088816/2017-mitsubishi-outlander-sport-20l-awd-test-review/,2017,Mitsubishi Outlander,Sport 20L Awd Test,"front-engine, all-wheel-drive, 5-passenger, 4-door hatchback",23435,24435,"DOHC 16-valve inline-4, aluminum block and head, port fuel injection",,148,6000,145,4200,continuously variable automatic with manual shifting mode,105.1,171.5,71.3,64.8,3283,9.5,30.5,17.5,82,,178,,0.80,9.8,4.9,7.1,26,23,29,21,,yes
https://www.caranddriver.com/reviews/a15088907/2017-toyota-86-automatic-test-review/,2017,Toyota,86 Automatic Test,"front-engine, rear-wheel-drive, 4-passenger, 2-door coupe",27870,27870,"DOHC 16-valve flat-4, aluminum block and heads, port and direct fuel injection",,200,7000,151,6400,6-speed automatic with manual shifting mode,101.2,166.7,69.9,50.6,2811,7.7,20.3,16.0,91,,165,,0.90,8.0,4.3,5.1,27,24,32,27,,yes
https://www.caranddriver.com/reviews/a15088955/2017-porsche-macan-s-test-review/,2017,Porsche Macan,S Test,"front-engine, all-wheel-drive, 5-passenger, 4-door hatchback",55450,64905,"twin-turbocharged and intercooled DOHC 24-valve V-6, aluminum block and heads, direct fuel injection",,340,6500,339,1450,7-speed dual-clutch automatic with manual shifting mode,110.5,184.3,76.1,63.9,4388,5.1,12.9,13.6,102,,160,,0.91,6.0,3.1,3.9,19,17,23,16,,yes
https://www.caranddriver.com/reviews/a15088969/2017-kia-optima-plug-in-hybrid-test-review/,2017,Kia Optima,Plug In Hybrid Test,"front-engine, front-wheel-drive, 5-passenger, 4-door sedan",36105,41355,"DOHC 16-valve Atkinson-cycle 2.0-liter inline-4, 154 hp, 140 lb-ft; permanent-magnet synchronous AC motor, 67 hp, 151 lb-ft; combined output, 202 hp, 276 lb-ft; 9.8-kWh lithium-ion battery pack",,,,,,6-speed automatic with manual shifting mode,110.4,191.1,73.2,57.5,3892,8.0,21.2,16.2,89,,185,,0.80,8.3,4.1,5.3,,,,40,,yes
https://www.caranddriver.com/reviews/a15089025/2017-hyundai-elantra-sport-manual-test-review/,2017,Hyundai Elantra,Sport Manual Test,"front-engine, front-wheel-drive, 5-passenger, 4-door sedan",22485,25010,"turbocharged and intercooled DOHC 16-valve inline-4, aluminum block and head, direct fuel injection",,201,6000,195,1500,6-speed manual,106.3,179.9,70.9,56.5,3041,6.6,17.2,15.1,94,,161,,0.91,7.2,8.0,8.1,25,22,30,25,,yes
https://www.caranddriver.com/reviews/a15089063/2018-bmw-530e-xdrive-plug-in-hybrid-test-review/,2018,Bmw,530E Xdrive Plug In Hybrid Test,"front-engine, all-wheel-drive, 5-passenger, 4-door sedan",55695,69760,"turbocharged and intercooled DOHC 16-valve 2.0-liter inline-4, 180 hp, 255 lb-ft; permanent-magnet synchronous AC motor, 111 hp, 184 lb-ft; combined output, 248 hp, 310 lb-ft; 7.3-kWh lithium-ion battery pack",,,,,,8-speed automatic with manual shifting mode,117.1,194.6,73.5,58.4,4442,6.1,15.5,14.5,97,,193,,0.88,6.6,3.6,4.5,28,27,31,30,,yes
https://www.caranddriver.com/reviews/a15089079/2017-bentley-bentayga-retest-review/,2017,Bentley Bentayga,Retest,"front-engine, all-wheel-drive, 4-passenger, 4-door hatchback",235525,285114,"twin-turbocharged and intercooled DOHC 48-valve W-12, aluminum block and heads, port and direct fuel injection",,600,6000,664,1350,8-speed automatic with manual shifting mode,117.9,202.4,78.7,68.6,5781,3.6,8.9,12.0,117,,176,,0.85,4.1,2.4,2.8,15,12,19,14,,yes
https://www.caranddriver.com/reviews/a15089089/2017-audi-a3-20t-quattro-test-review/,2017,Audi,A3 20T Quattro Test,"front-engine, all-wheel-drive, 5-passenger, 4-door sedan",35150,43900,"turbocharged and intercooled DOHC 16-valve inline-4, iron block and aluminum head, direct fuel injection",,220,6200,258,1600,6-speed dual-clutch automatic with manual shifting mode,103.8,175.7,70.7,55.7,3408,5.5,14.9,14.2,98,,178,,0.87,6.7,3.3,4.1,27,24,31,27,,yes
https://www.caranddriver.com/reviews/a15089168/2018-bmw-5-series-alpina-b5-biturbo-first-drive-review/,2018,BMW,5-series Alpina B5 Biturbo First Drive |,"front-engine, all-wheel-drive, 5-passenger, 4-door sedan or hatchback",117,,"twin-turbocharged and intercooled DOHC 32-valve V-8, aluminum block and heads, direct fuel injection",268,600,6250,590,3000,8-speed automatic with manual shifting mode,117.1,195.1,,57.7,4450,3.5,8.6,11.9,,200,,,,,,,19,16,24,,,yes
https://www.caranddriver.com/reviews/a15089180/2017-jaguar-f-type-svr-convertible-test-review/,2017,Jaguar F,Type Svr Convertible Test,"front-engine, all-wheel-drive, 2-passenger, 2-door convertible",129795,132233,"supercharged and intercooled DOHC 32-valve V-8, aluminum block and heads, direct fuel injection",,575,6500,516,3500,8-speed automatic with manual shifting mode,103.2,176.2,75.7,51.5,4104,3.4,8.0,11.7,122,,146,,1.02,3.8,2.2,2.7,18,15,23,16,,yes
https://www.caranddriver.com/reviews/a15089213/2018-jaguar-f-type-20t-first-drive-review/,2018,Jaguar,F-type 2.0T First Drive |,"front-engine, rear-wheel-drive, 2-passenger, 2-door hatchback or convertible",103,,turbocharged and intercooled DOHC 16-valve 2.0-liter inline-4,122,296,5500,295,1500,8-speed automatic with manual shifting mode,103.2,176.5,75.7,,3650,5.4,11.7,13.8,,155,,,,,,,25,23,29,,,yes
https://www.caranddriver.com/reviews/a15089257/2017-ford-fiesta-st-instrumented-test-review/,2017,Ford Fiesta,St Instrumented Test,"front-engine, front-wheel-drive, 5-passenger, 4-door hatchback",22015,25775,"turbocharged and intercooled DOHC 16-valve inline-4, aluminum block and head, direct fuel injection",,197,6350,202,4200,6-speed manual,98.0,160.1,67.8,57.2,2734,6.9,17.0,15.1,94,,166,,0.93,7.4,9.9,7.2,29,26,33,25,,yes
https://www.caranddriver.com/reviews/a15089285/2018-range-rover-velar-first-drive-review/,2018,Range Rover,Velar First Drive,"front-engine, all-wheel-drive, 5-passenger, 4-door hatchback",113,,S,,,,,,8-speed automatic with manual shifting mode,113.1,189.1,76.0,65.6,4800,5.5,13.4,14.1,,130,,,,,,,,,,,,yes
https://www.caranddriver.com/reviews/a15089355/2017-chevrolet-colorado-zr2-crew-cab-v-6-test-review/,2017,Chevrolet,Colorado ZR2 Crew Cab V-6 Test |,"front-engine, rear-/all-wheel-drive, 5-passenger, 4-door pickup",42620,44230,"DOHC 24-valve V-6, aluminum block and heads, direct fuel injection",223,308,6800,275,4000,8-speed automatic with manual shifting mode,128.5,212.4,76.7,72.2,4749,7.1,22.9,15.6,90,,199,,0.69,7.4,3.9,5.3,17,16,18,15,,yes
https://www.caranddriver.com/reviews/a15089378/2017-infiniti-q70l-56-awd-test-review/,2017,Infiniti,Q70L 56 Awd Test,"front-engine, all-wheel-drive, 5-passenger, 4-door sedan",68305,71605,"DOHC 32-valve V-8, aluminum block and heads, direct fuel injection",,416,6000,414,4400,7-speed automatic with manual shifting mode,120.1,202.0,72.6,59.6,4174,5.5,13.1,14.1,103,,178,,0.83,5.6,3.3,4.3,18,16,23,18,,yes
https://www.caranddriver.com/reviews/a15089559/2018-genesis-g80-sport-awd-test-review/,2018,Genesis,G80 Sport Awd Test,"front-engine, all-wheel-drive, 5-passenger, 4-door sedan",58725,58725,"twin-turbocharged and intercooled DOHC 24-valve V-6, aluminum block and heads, direct fuel injection",,365,6000,376,1300,8-speed automatic with manual shifting mode,118.5,196.5,74.4,58.3,4658,5.0,12.5,13.6,104,,180,,0.84,5.7,2.8,3.6,,,,18,,yes
https://www.caranddriver.com/reviews/a15089562/2017-audi-r8-spyder-instrumented-test-review/,2017,Audi,R8 Spyder Instrumented Test,"mid-engine, all-wheel-drive, 2-passenger, 2-door convertible",177650,191550,"DOHC 40-valve V-10, aluminum block and heads, port and direct fuel injection",,540,8700,398,6500,7-speed dual-clutch automatic with manual shifting mode,104.3,174.3,76.4,49.0,3920,3.2,7.4,11.4,125,,155,,0.98,3.9,2.5,2.4,17,14,22,12,,yes
https://www.caranddriver.com/reviews/a15089564/2017-fiat-500-abarth-review/,2017,Fiat,500 Abarth,"front-engine, front-wheel-drive, 4-passenger, 2-door hatchback or convertible",90,,"turbocharged and intercooled SOHC 16-valve inline-4, iron block and aluminum head, port fuel injection",83,,,,,S:,90.6,144.4,64.1,59.2,2550,6.9,20.5,15.4,90,,170,,,7.1,3.5,4.6,,,,,,yes
https://www.caranddriver.com/reviews/a15089624/2019-porsche-cayenne-prototype-drive-review/,2019,Porsche,Cayenne Prototype Drive |,,,,,,,,,,,,,,,,,,,,,,,,,,,,,,,,
https://www.caranddriver.com/reviews/a15089648/2018-audi-a5-cabriolet-test-review/,2018,Audi,A5 Cabriolet Test,"front-engine, all-wheel-drive, 4-passenger, 2-door convertible",50575,65050,"turbocharged and intercooled DOHC 16-valve inline-4, iron block and aluminum head, direct fuel injection",,252,6000,273,1600,7-speed dual-clutch automatic with manual shifting mode,108.9,184.0,72.7,54.4,4008,5.6,15.0,14.2,98,,145,,0.96,6.5,3.2,4.0,27,24,34,25,,yes
https://www.caranddriver.com/reviews/a15089782/2017-dodge-charger-daytona-57l-test-review/,2017,Dodge Charger,Daytona 57L Test,"front-engine, rear-wheel-drive, 5-passenger, 4-door sedan",41090,44230,"pushrod 16-valve V-8, iron block and aluminum heads, port fuel injection",,370,5250,395,4200,8-speed automatic with manual shifting mode,120.2,200.8,75.0,58.3,4287,5.1,12.2,13.7,105,,171,,0.87,5.4,2.6,3.5,19,16,25,18,,yes
https://www.caranddriver.com/reviews/a15089857/2017-porsche-911-carrera-gts-cabriolet-manual-test-review/,2017,Porsche,911 Carrera GTS Cabriolet Manual Test |,"rear-engine, rear-wheel-drive, 2+2-passenger, 2-door convertible",132350,136690,"twin-turbocharged and intercooled DOHC 24-valve flat-6, aluminum block and heads, direct fuel injection",182,450,6500,405,2150,7-speed manual,96.5,178.3,72.9,50.8,3425,3.6,8.3,12.0,119,,141,,1.05,4.7,14.4,10.0,21,18,26,20,,yes
https://www.caranddriver.com/reviews/a15090033/2018-subaru-crosstrek-first-drive-review/,2018,Subaru Crosstrek,First Drive,"front-engine, all-wheel-drive, 5-passenger, 4-door hatchback",,,"DOHC 16-valve flat-4, aluminum block and heads, direct fuel injection",,152,6000,145,4000,S,104.9,175.8,71.0,63.6,3100,7.9,26.7,16.4,,120,,,,,,,,,,,,yes
https://www.caranddriver.com/reviews/a15090089/2018-ford-fiesta-10t-first-drive-review/,2018,Ford,Fiesta 1.0T First Drive |,"front-engine, front-wheel-drive, 5-passenger, 4-door hatchback",18000,,S:,,,,,,S:,98.2,159.1,68.3,58.1,2550,8.4,25.0,16.6,,115,,,,,,,,,,,,yes
https://www.caranddriver.com/reviews/a15090189/2017-audi-q7-20t-test-review/,2017,Audi,Q7 20T Test,"front-engine, all-wheel-drive, 7-passenger, 4-door hatchback",49950,58375,"turbocharged and intercooled DOHC 16-valve inline-4, iron block and aluminum head, direct fuel injection",,252,6000,273,1600,8-speed automatic with manual shifting mode,117.9,199.6,77.5,68.5,4776,7.0,19.2,15.4,91,,186,,0.80,8.2,4.2,5.0,22,20,25,18,,yes
https://www.caranddriver.com/reviews/a15090340/2018-toyota-c-hr-test-review/,2018,Toyota C,Hr Test,"front-engine, front-wheel-drive, 5-passenger, 4-door hatchback",23495,25539,"DOHC 16-valve inline-4, aluminum block and head, port fuel injection",,144,6100,139,3900,continuously variable automatic with manual shifting mode,103.9,171.2,70.7,61.6,3286,11.0,33.8,18.4,79,,174,,0.81,11.8,5.5,7.5,29,27,31,28,,yes
https://www.caranddriver.com/reviews/a15090341/2018-hyundai-elantra-gt-sport-first-drive-review/,2018,Hyundai Elantra,Gt Sport First Drive,"front-engine, front-wheel-drive, 5-passenger, 4-door hatchback",23500,,"turbocharged and intercooled DOHC 16-valve 1.6-liter inline-4, aluminum block and head, direct fuel injection",,201,6000,195,1500,S,104.3,170.9,70.7,57.7,3050,6.5,17.0,14.9,,130,,,,,,,,,,,,yes
https://www.caranddriver.com/reviews/a15090418/2017-mazda-cx-5-awd-instrumented-test-review/,2017,Mazda Cx,5 Awd Instrumented Test,"front-engine, all-wheel-drive, 5-passenger, 4-door hatchback",26285,34380,"DOHC 16-valve Atkinson-capable inline-4, aluminum block and head, direct fuel injection",,187,6000,185,4000,6-speed automatic with manual shifting mode,106.2,179.1,72.5,65.3,3678,8.1,24.2,16.3,85,,182,,0.82,8.5,3.9,5.5,26,23,29,24,,yes
https://www.caranddriver.com/reviews/a15090457/2018-chevrolet-traverse-first-drive-review/,2018,Chevrolet,Traverse First Drive |,"front-engine, front- or all-wheel-drive, 7- or 8-passenger, 4-door hatchback",120,,S,,,,,,9-speed automatic with manual shifting mode,120.9,204.3,78.6,70.7,4400,6.9,19.1,15.4,,115,,,,,,,,,,,,yes
https://www.caranddriver.com/reviews/a15090503/2017-fiat-500l-review/,2017,Fiat,500L,"front-engine, front-wheel-drive, 5-passenger, 4-door hatchback",102,,"turbocharged and intercooled SOHC 16-valve inline-4, iron block and aluminum head, port fuel injection",,160,5500,184,2500,6-speed automatic with manual shifting mode,102.8,,,65.7,3300,8.0,23.9,16.2,86,,176,,0.76,8.6,4.7,5.5,25,22,30,,,yes
https://www.caranddriver.com/reviews/a15090514/2018-dodge-durango-srt-test-review/,2018,Dodge Durango,Srt Test,"front-engine, all-wheel-drive, 6-passenger, 4-door hatchback",64090,71270,"pushrod 16-valve V-8, iron block and aluminum heads, port fuel injection",,475,6000,470,4300,8-speed automatic with manual shifting mode,119.8,201.2,77.1,71.9,5369,4.7,12.1,13.3,104,,167,,0.87,5.1,2.7,3.2,,,,15,,yes
https://www.caranddriver.com/reviews/a15090527/2017-jaguar-xf-20d-awd-test-review/,2017,Jaguar Xf,20D Awd Test,"front-engine, all-wheel-drive, 5-passenger, 4-door sedan",52245,69045,"turbocharged and intercooled DOHC 16-valve diesel inline-4, aluminum block and head, direct fuel injection",,180,4000,318,1750,8-speed automatic with manual shifting mode,116.5,195.0,74.0,57.4,4126,8.7,25.1,16.6,84,,174,,0.85,9.6,4.6,6.2,34,30,40,33,,yes
https://www.caranddriver.com/reviews/a15090554/2017-mercedes-benz-sl450-test-review/,2017,Mercedes Benz,Sl450 Test,"front-engine, rear-wheel-drive, 2-passenger, 2-door convertible",87875,96075,"twin-turbocharged and intercooled DOHC 24-valve V-6, aluminum block and heads, direct fuel injection",,362,6000,369,2000,9-speed automatic with manual shifting mode,101.7,182.3,73.9,51.2,3850,4.5,11.2,13.1,107,,159,,0.93,5.1,3.1,3.7,23,20,28,22,,yes
https://www.caranddriver.com/reviews/a15090587/2017-lexus-is-review/,2017,Lexus,IS,"front-engine, rear- or all-wheel-drive, 5-passenger, 4-door sedan",110,,S,,,,,,S,110.2,184.3,71.3,56.3,3600,6.0,14.4,14.4,100,,176,,0.84,6.4,3.3,4.2,,,,,,yes
https://www.caranddriver.com/reviews/a15090605/2017-toyota-4runner-4x4-test-review/,2017,Toyota,4Runner 4X4 Test,"front-engine, rear-/4-wheel-drive, 5-passenger, 4-door hatchback",37045,40240,"DOHC 24-valve V-6, aluminum block and heads, port fuel injection",,270,5600,278,4400,5-speed automatic with manual shifting mode,109.8,191.3,75.8,70.1,4767,7.5,21.3,,,,183,,0.76,8.1,4.0,5.2,18,17,20,17,,yes
https://www.caranddriver.com/reviews/a15090629/2018-honda-fit-first-drive-review/,2018,Honda Fit,First Drive,"front-engine, front-wheel-drive, 5-passenger, 4-door hatchback",99,,"DOHC 16-valve inline-4, aluminum block and head, direct fuel injection",,,,,,S,99.6,,67.0,60.0,2550,7.7,22.7,16.8,,120,,,,,,,,,,,,yes
https://www.caranddriver.com/reviews/a15090637/2018-ford-f-150-first-drive-review/,2018,Ford F,150 First Drive,"front-engine; rear-, rear/4-, or rear/all-wheel-drive; 3-, 5-, or 6-passenger; 2- or 4-door pickup",122,,S:,,,,,,S:,,,79.9,,4500,5.9,,14.4,,100,,,,,,,,,,,,yes
https://www.caranddriver.com/reviews/a15090776/2018-mercedes-benz-e-class-cabriolet-first-drive-review/,2018,Mercedes Benz,E Class Cabriolet First Drive,"front-engine, front- or all-wheel-drive, 4-passenger, 2-door convertible",113,,"twin-turbocharged and intercooled DOHC 24-valve V-6, aluminum block and heads, direct fuel injection",,329,6000,354,1600,9-speed automatic with manual shifting mode,113.1,190.0,73.2,56.2,4400,5.0,13.1,13.5,,130,,,,,,,,,,,,yes
https://www.caranddriver.com/reviews/a15090781/2017-land-rover-discovery-td6-diesel-test-review/,2017,Land,Rover Discovery Td6 Diesel Test |,"front-engine, all-wheel-drive, 7-passenger, 4-door hatchback",62095,80150,"turbocharged and intercooled DOHC 24-valve diesel V-6, iron block and aluminum heads, direct fuel injection",183,254,3750,443,1750,8-speed automatic with manual shifting mode,115.1,195.7,81.6,73.5,5586,8.0,23.6,16.1,86,,187,,0.71,9.1,4.4,5.8,23,21,26,22,,yes
https://www.caranddriver.com/reviews/a15090849/2018-maserati-granturismo-coupe-and-convertible-first-drive-review/,2018,Maserati,GranTurismo Coupe and Convertible First Drive |,"front-engine, rear-wheel-drive, 4-passenger, 2-door coupe or convertible",115,,"DOHC 32-valve V-8, aluminum block and heads, port fuel injection",,454,7000,384,4750,6-speed automatic with manual shifting mode,115.8,,75.4,54.3,4400,4.5,,13.0,,178,,,,,,,,,,,,yes
https://www.caranddriver.com/reviews/a15090863/2018-toyota-camry-xle-hybrid-test-review/,2018,Toyota Camry,Xle Hybrid Test,"front-engine, front-wheel-drive, 5-passenger, 4-door sedan",33135,37245,"DOHC 16-valve Atkinson-capable 2.5-liter inline-4, 176 hp, 163 lb-ft; 1 permanent-magnet synchronous AC motor, 118 hp, 149 lb-ft; combined output, 208 hp; 1.6-kWh nickel-metal-hydride battery pack",,,,,,continuously variable automatic with manual shifting mode,111.2,192.1,72.4,56.9,3656,7.9,19.3,16.0,91,,180,,0.84,8.1,3.7,5.1,46,44,47,40,,yes
https://www.caranddriver.com/reviews/a15090888/2017-kia-forte5-sx-turbo-manual-test-review/,2017,Kia,Forte5 Sx Turbo Manual Test,"front-engine, front-wheel-drive, 5-passenger, 4-door hatchback",26895,27020,"turbocharged and intercooled DOHC 16-valve inline-4, aluminum block and head, direct fuel injection",,201,6000,195,1500,6-speed manual,106.3,171.3,70.1,57.1,3018,6.6,17.1,15.0,94,,172,,0.84,7.1,7.4,6.7,25,23,29,28,,yes
https://www.caranddriver.com/reviews/a15090920/2017-opel-insignia-grand-sport-first-drive-review/,2017,Opel,Insignia Grand Sport First Drive |,"front-engine, all-wheel-drive, 5-passenger, 4-door hatchback",111,,"turbocharged and intercooled DOHC 16-valve inline-4, aluminium block and head, direct fuel injection",122,256,5300,295,2500,8-speed automatic with manual shifting mode,111.4,192.8,73.4,57.3,3450,5.9,15.3,14.6,,155,,,,,,,25,21,32,,,yes
https://www.caranddriver.com/reviews/a15090942/2017-chrysler-300s-v-6-rwd-test-review/,2017,Chrysler,300S V 6 Rwd Test,"front-engine, rear-wheel-drive, 5-passenger, 4-door sedan",36770,39655,"DOHC 24-valve V-6, aluminum block and heads, port fuel injection",,300,6350,264,4800,8-speed automatic with manual shifting mode,120.2,198.6,75.0,58.7,4089,6.3,16.1,15.0,96,,175,,0.88,6.6,3.8,4.9,23,19,30,23,,yes
https://www.caranddriver.com/reviews/a15090975/2017-honda-civic-type-r-test-review/,2017,Honda Civic,Type R Test,"front-engine, front-wheel-drive, 4-passenger, 4-door hatchback",34775,34775,"turbocharged and intercooled DOHC 16-valve inline-4, aluminum block and head, direct fuel injection",,306,6500,295,2500,6-speed manual,106.3,179.4,73.9,56.5,3111,4.9,11.5,13.5,108,,142,,1.02,5.8,9.4,6.1,25,22,28,23,,yes
https://www.caranddriver.com/reviews/a15090982/2018-hyundai-sonata-first-drive-review/,2018,Hyundai Sonata,First Drive,"front-engine, front-wheel-drive, 5-passenger, 4-door sedan",110,,S,,,,,,S,110.4,191.1,73.4,58.1,3250,6.5,18.0,15.2,,130,,,,,,,,,,,,yes
https://www.caranddriver.com/reviews/a15091049/2017-chevrolet-colorado-zr2-diesel-test-review/,2017,Chevrolet,Colorado ZR2 Diesel Test |,"front-engine, rear-/all-wheel-drive, 5-passenger, 4-door pickup",46120,47730,"turbocharged and intercooled DOHC 16-valve diesel inline-4, iron block and aluminum head, direct fuel injection",169,181,3400,369,2000,6-speed automatic with manual shifting mode,128.5,212.4,76.7,72.2,4975,9.1,,16.9,80,,197,,0.68,10.0,4.6,7.3,,,,20,,yes
https://www.caranddriver.com/reviews/a15091075/2017-dodge-challenger-t-a-392-automatic-test-review/,2017,Dodge Challenger,T A 392 Automatic Test,"front-engine, rear-wheel-drive, 5-passenger, 2-door coupe",46590,53995,"pushrod 16-valve V-8, iron block and aluminum heads, port fuel injection",,485,6100,475,4100,8-speed automatic with manual shifting mode,116.2,198.0,75.7,55.9,4274,4.2,9.3,12.5,116,,151,,0.93,4.3,2.2,2.6,18,15,25,17,,yes
https://www.caranddriver.com/reviews/a15091096/2018-chevrolet-equinox-20t-first-drive-review/,2018,Chevrolet Equinox,20T First Drive,"front-engine, front- or all-wheel-drive, 5-passenger, 4-door hatchback",107,,"turbocharged and intercooled DOHC 16-valve inline-4, aluminum block and head, direct fuel injection",122,252,5500,260,2500,9-speed automatic with manual shifting mode,107.3,183.1,72.6,65.4,3700,6.5,17.1,15.0,,130,,,,,,,,,,,,yes
https://www.caranddriver.com/reviews/a15091182/2017-nissan-versa-sedan-automatic-test-review/,2017,Nissan Versa,Sedan Automatic Test,"front-engine, front-wheel-drive, 5-passenger, 4-door sedan",15015,16605,"DOHC 16-valve inline-4, aluminum block and head, port fuel injection",,109,6000,107,4400,continuously variable automatic,102.4,175.4,66.7,59.6,2474,9.2,34.0,17.1,81,,176,,0.78,10.0,4.8,6.8,34,31,39,34,,yes
https://www.caranddriver.com/reviews/a15091204/2017-ford-f-450-super-duty-diesel-test-review/,2017,Ford F,450 Super Duty Diesel Test,"front-engine, rear-/4-wheel-drive, 5-passenger, 4-door pickup",55240,82760,"turbocharged and intercooled pushrod 32-valve diesel V-8, iron block and aluminum heads, direct fuel injection",406,440,2800,925,1800,6-speed automatic with manual shifting mode,176.0,266.2,96.0,81.0,9140,8.0,,16.1,86,,209,,0.69,8.6,4.2,6.1,,,,13,,yes
https://www.caranddriver.com/reviews/a15091212/2017-bmw-230i-xdrive-coupe-test-review/,2017,Bmw,230I Xdrive Coupe Test,"front-engine, all-wheel-drive, 4-passenger, 2-door coupe",36145,50070,"turbocharged and intercooled DOHC 16-valve inline-4, aluminum block and head, direct fuel injection",,248,5200,258,1450,8-speed automatic with manual shifting mode,105.9,174.7,69.8,55.8,3571,5.3,13.9,13.9,100,,152,,0.96,6.6,3.4,4.1,27,24,33,26,,yes
https://www.caranddriver.com/reviews/a15091267/2018-acura-tlx-v-6-sh-awd-a-spec-test-review/,2018,Acura Tlx,V 6 Sh Awd A Spec Test,"front-engine, all-wheel-drive, 5-passenger, 4-door sedan",45750,45750,"SOHC 24-valve V-6, aluminum block and heads, direct fuel injection",,290,6200,267,4500,9-speed automatic with manual shifting mode,109.3,191.5,73.0,57.0,3812,5.7,14.2,14.2,100,,168,,0.86,5.9,3.3,4.1,23,20,29,21,,yes
https://www.caranddriver.com/reviews/a15091282/2018-morgan-4-4-first-drive-review/,2018,Morgan,4 4 First Drive,"front-engine, rear-wheel-drive, two-passenger, two-door convertible",96,,"DOHC 16-valve inline-4, aluminum block and head, port fuel injection",97,110,,97,,5-speed manual,96.0,157.8,64.1,48.0,1900,7.9,25.0,17.7,,,,,,,,,27,25,30,,,yes
https://www.caranddriver.com/reviews/a15091317/2017-bmw-530i-xdrive-test-review/,2017,Bmw,530I Xdrive Test,"front-engine, all-wheel-drive, 5-passenger, 4-door sedan",54495,72235,"turbocharged and intercooled DOHC 16-valve inline-4, aluminum block and head, direct fuel injection",,248,6500,258,1450,8-speed automatic with manual shifting mode,117.1,194.6,73.5,58.2,4013,6.1,15.6,14.6,97,,180,,0.91,6.9,3.6,4.5,27,23,33,24,,yes
https://www.caranddriver.com/reviews/a15091338/2017-chevrolet-tahoe-z71-4wd-test-review/,2017,Chevrolet Tahoe,Z71 4Wd Test,"front-engine, rear-/4-wheel-drive, 8-passenger, 4-door hatchback",58600,65085,"pushrod 16-valve V-8, aluminum block and heads, direct fuel injection",,355,5600,383,4100,6-speed automatic with manual shifting mode,116.0,203.9,80.5,74.4,5731,7.0,19.6,15.5,91,,209,,0.72,7.5,3.9,5.0,18,16,22,14,,yes
https://www.caranddriver.com/reviews/a15091349/2017-porsche-panamera-turbo-executive-test-review/,2017,Porsche Panamera,Turbo Executive Test,"front-engine, all-wheel-drive, 4-passenger, 4-door hatchback",161050,191480,"twin-turbocharged and intercooled DOHC 32-valve V-8, aluminum block and heads, direct fuel injection",,550,6000,567,1960,8-speed dual-clutch automatic with manual shifting mode,122.0,204.7,76.3,56.4,4795,3.2,8.0,11.6,121,,151,,0.94,4.4,2.2,2.3,21,18,25,20,,yes
https://www.caranddriver.com/reviews/a15091363/2018-infiniti-q50-first-drive-review/,2018,Infiniti,Q50 First Drive,"front-engine, rear- or all-wheel-drive, 5-passenger, 4-door sedan",112,,S,,,,,,7-speed automatic with manual shifting mode,112.2,189.6,71.8,,3700,4.5,10.5,13.0,,130,,,,,,,,,,,,yes
https://www.caranddriver.com/reviews/a15091481/2019-volkswagen-arteon-first-drive-review/,2019,Volkswagen,Arteon First Drive |,"front-engine, front- or all-wheel-drive, 5-passenger, 4-door hatchback",36000,,"turbocharged and intercooled DOHC 16-valve inline-4, iron block and aluminum head, direct fuel injection",121,268,,258,,8-speed automatic with manual shifting mode,111.7,191.4,73.7,57.1,3550,5.8,14.3,14.4,,155,,,,,,,,,,,,yes
https://www.caranddriver.com/reviews/a15091545/2017-audi-s7-review/,2017,Audi,S7,"front-engine, all-wheel-drive, 4-passenger, 4-door hatchback",114,,"twin-turbocharged and intercooled DOHC 32-valve V-8, aluminum block and heads, direct fuel injection",,450,6400,406,1400,7-speed dual-clutch automatic with manual shifting mode,114.8,196.3,75.2,55.0,4500,3.9,9.7,12.4,113,,162,,0.97,4.8,2.5,3.3,21,17,27,,,yes
https://www.caranddriver.com/reviews/a15091553/2017-volvo-v90-cross-country-t6-awd-test-review/,2017,Volvo,V90 Cross Country T6 Awd Test,"front-engine, all-wheel-drive, 5-passenger, 4-door hatchback",56295,69440,"turbocharged, supercharged, and intercooled DOHC 16-valve inline-4; aluminum block and head; direct fuel injection",,316,5700,295,2200,8-speed automatic with manual shifting mode,115.8,194.5,74.0,60.8,4266,5.9,14.5,14.4,99,,173,,0.87,6.7,3.2,4.5,25,22,30,21,,yes
https://www.caranddriver.com/reviews/a15091562/2017-bmw-x5-m-instrumented-test-review/,2017,Bmw,X5 M Instrumented Test,"front-engine, all-wheel-drive, 5-passenger, 4-door hatchback",101695,111195,"twin-turbocharged and intercooled DOHC 32-valve V-8, aluminum block and heads, direct fuel injection",,567,6500,553,2200,8-speed automatic with manual shifting mode,115.5,192.7,78.1,67.6,5303,3.8,9.2,12.2,114,,153,,0.98,4.5,2.6,3.0,16,14,19,16,,yes
https://www.caranddriver.com/reviews/a15091580/2018-mitsubishi-eclipse-cross-first-drive-review/,2018,Mitsubishi,Eclipse Cross First Drive |,"front-engine, front- or all-wheel-drive, 5-passenger, 4-door hatchback",21000,,"turbocharged and intercooled DOHC 16-valve inline-4, aluminum block and head, port and direct fuel injection",91,161,5500,184,1800,continuously variable automatic with manual shifting mode,105.1,173.4,71.1,66.3,3300,9.4,28.2,17.4,,125,,,,,,,,,,,,yes
https://www.caranddriver.com/reviews/a15091649/2018-dodge-challenger-srt-demon-first-drive-review/,2018,Dodge,Challenger SRT Demon First Drive |,"front-engine; rear-wheel-drive; 1-, 2-, or 5-passenger; 2-door coupe",116,,"supercharged and intercooled pushrod 16-valve V-8, iron block and aluminum heads, port fuel injection",376,,,,,8-speed automatic with manual shifting mode,116.2,197.5,78.8,57.4,4300,2.3,5.7,9.9,,168,,,,,,,13,10,18,,,yes
https://www.caranddriver.com/reviews/a15091662/2018-alfa-romeo-stelvio-first-drive-review/,2018,Alfa,Romeo Stelvio First Drive |,"front-engine, all-wheel-drive, 5-passenger, 4-door hatchback",110,,"turbocharged and intercooled SOHC 16-valve inline-4, aluminum block and head, direct fuel injection",,280,5200,306,2000,8-speed automatic with manual shifting mode,110.9,184.6,74.9,66.0,4100,5.5,14.7,14.2,,144,,,,,,,24,22,28,,,yes
https://www.caranddriver.com/reviews/a15091733/2016-chevrolet-camaro-ss-long-term-test-review/,2016,Chevrolet Camaro,Ss Long Term Test,"front-engine, rear-wheel-drive, 4-passenger, 2-door coupe",37295,45580,"pushrod 16-valve V-8, aluminum block and heads, direct fuel injection",,455,6000,455,4400,6-speed manual,110.7,188.3,74.7,53.1,3718,4.0,8.8,12.3,118,,149,,0.98,4.8,9.2,8.6,,,,20,,yes
https://www.caranddriver.com/reviews/a15091779/2018-mercedes-benz-s-class-first-drive-review/,2018,Mercedes Benz,S Class First Drive,"front-engine, rear- or all-wheel-drive, 4- or 5-passenger, 4-door sedan",124,,S,,,,,,9-speed automatic with manual shifting mode,124.6,,,,4800,3.3,8.6,12.1,,130,,,,,,,,,,,,yes
https://www.caranddriver.com/reviews/a15091826/2018-bmw-5-series-wagon-euro-spec-first-drive-review/,2018,BMW,5-series Wagon Euro-Spec First Drive |,"front-engine, rear- or all-wheel-drive, 5-passenger, 4-door hatchback",117,,"turbocharged and intercooled DOHC 24-valve diesel inline-6, aluminum block and head, direct fuel injection",183,261,4000,457,2000,8-speed automatic with manual shifting mode,117.1,194.6,73.5,57.6,4400,5.4,17.8,14.0,,,,,,,,,,,,,,yes
https://www.caranddriver.com/reviews/a15091840/2017-honda-civic-si-coupe-test-review/,2017,Honda Civic,Si Coupe Test,"front-engine, front-wheel-drive, 5-passenger, 2-door coupe",24775,24975,"turbocharged and intercooled inline-4, aluminum block and head",,205,5700,192,2100,6-speed manual,106.3,177.4,70.8,54.7,2879,6.3,15.9,14.8,96,,159,,0.97,7.4,12.6,8.3,,,,26,,yes
https://www.caranddriver.com/reviews/a15091859/2018-mercedes-benz-e400-coupe-first-drive-review/,2018,Mercedes Benz,E400 Coupe First Drive,"front-engine, rear- or all-wheel-drive, 4-passenger, 2-door coupe",113,,"twin-turbocharged and intercooled DOHC 24-valve V-6, aluminum block and heads, direct fuel injection",183,329,6000,354,1600,9-speed automatic with manual shifting mode,113.1,190.0,73.2,56.3,4200,4.9,13.0,13.3,,130,,,,,,,,,,,,yes
https://www.caranddriver.com/reviews/a15091901/2016-nissan-titan-xd-long-term-test-review/,2016,Nissan Titan,Xd Long Term Test,"front-engine, rear-/4-wheel-drive, 5-passenger, 4-door pickup",52165,57155,"sequentially turbocharged and intercooled DOHC 32-valve diesel V-8, iron block and aluminum heads, direct fuel injection",,310,3200,555,1600,6-speed automatic with manual shifting mode,151.6,243.6,80.7,78.4,7280,9.4,28.9,17.3,82,,204,,0.66,10.1,5.3,7.0,,,,15,,yes
https://www.caranddriver.com/reviews/a15091920/2017-porsche-panamera-turbo-test-review/,2017,Porsche Panamera,Turbo Test,"front-engine, all-wheel-drive, 4-passenger, 4-door hatchback",151050,162680,"twin-turbocharged and intercooled DOHC 32-valve V-8, aluminum block and heads, direct fuel injection",,550,6000,567,1960,8-speed dual-clutch automatic with manual shifting mode,116.1,198.8,76.3,56.2,4593,3.0,7.5,11.3,122,,153,,0.94,4.3,2.4,2.8,,,,17,,yes
https://www.caranddriver.com/reviews/a15091956/2017-gmc-sierra-2500hd-diesel-4x4-crew-cab-test-review/,2017,Gmc Sierra,2500Hd Diesel 4X4 Crew Cab Test,"front-engine, rear-/4-wheel-drive, 5-passenger, 4-door pickup",51230,70545,"turbocharged and intercooled pushrod 32-valve diesel V-8, iron block and aluminum heads, direct fuel injection",,445,2800,910,1600,6-speed automatic with manual shifting mode,153.7,239.5,80.5,78.2,8000,6.5,,15.0,91,,210,,0.74,7.5,4.0,4.6,,,,14,,yes
https://www.caranddriver.com/reviews/a15092098/2017-fiat-500e-review/,2017,Fiat,500e,"front-motor, front-wheel-drive, 4-passenger, 2-door hatchback",33990,,,,,,,,1-speed direct drive,90.6,142.4,64.1,60.1,3000,8.4,,16.7,80,,192,,0.79,8.9,3.5,6.0,,,,,,yes
https://www.caranddriver.com/reviews/a15092111/2017-ford-focus-sedan-and-hatchback-review/,2017,Ford Focus,Sedan And Hatchback,S,104,,S,,,,,,S,104.3,,71.8,57.8,2950,8.5,23.8,16.5,86,,179,,0.83,9.1,4.0,5.8,,,,,,yes
https://www.caranddriver.com/reviews/a15092127/2016-ford-mustang-gt-long-term-test-wrap-up-review/,2016,Ford Mustang,Gt Long Term Test Wrap Up,"front-engine, rear-wheel-drive, 4-passenger, 2-door coupe",37200,41290,"DOHC 32-valve V-8, aluminum block and heads, port fuel injection",,435,6500,400,4250,6-speed manual,107.1,188.3,75.4,54.4,3782,4.3,10.3,12.9,112,,156,,0.94,4.9,9.3,8.8,19,15,25,20,,yes
https://www.caranddriver.com/reviews/a15092133/2017-cadillac-ct6-review/,2017,Cadillac,Ct6,"front-engine, rear- or all-wheel-drive, 5-passenger, 4-door sedan",122,,S,,,,,,S,122.4,204.0,74.0,57.9,3800,4.7,11.8,13.2,106,,157,,0.84,6.4,3.2,3.5,,,,,,yes
https://www.caranddriver.com/reviews/a15092170/2017-ford-f-250-super-duty-gasoline-v-8-supercab-4x4-test-review/,2017,Ford F,250 Super Duty Gasoline V 8 Supercab 4X4 Test,"front-engine, rear-/4-wheel-drive, 6-passenger, 4-door pickup",38965,44625,"SOHC 16-valve 6.2-liter V-8, cast iron block and aluminum heads, port fuel injection",379,385,5750,430,3800,6-speed automatic with manual shifting mode,148.0,238.2,80.0,81.5,6532,6.7,,15.3,92,,195,,0.79,7.0,3.6,4.8,,,,13,,yes
https://www.caranddriver.com/reviews/a15092175/2017-alfa-romeo-giulia-20t-rwd-test-review/,2017,Alfa Romeo,Giulia 20T Rwd Test,"front-engine, rear-wheel-drive, 5-passenger, 4-door sedan",38990,51990,"turbocharged and intercooled SOHC 16-valve inline-4, aluminum block and head, direct fuel injection",,280,5200,306,2000,8-speed automatic with manual shifting mode,111.0,182.8,73.2,56.5,3636,5.7,14.7,14.3,99,,163,,0.88,6.6,3.6,4.2,27,24,33,21,,yes
https://www.caranddriver.com/reviews/a15092188/2017-nissan-maxima-test-review/,2017,Nissan,Maxima Test |,"front-engine, front-wheel-drive, 5-passenger, 4-door sedan",33795,43010,"DOHC 24-valve V-6, aluminum block and heads, port fuel injection",214,300,6400,261,4400,continuously variable automatic with manual shifting mode,109.3,192.8,73.2,56.5,3607,5.7,13.6,14.2,102,,173,,0.85,6.0,3.1,3.9,25,21,30,25,,yes
https://www.caranddriver.com/reviews/a15092229/2018-audi-s5-coupe-full-test-review/,2018,Audi,S5 Coupe Full Test,"front-engine, all-wheel-drive, 4-passenger, 2-door coupe",59975,68550,"turbocharged and intercooled Miller-cycle V-6, aluminum block and heads",,354,6400,369,1370,8-speed automatic with manual shifting mode,108.8,184.7,72.7,53.9,3942,4.3,10.9,12.9,107,,150,,0.94,5.6,2.8,3.5,,,,21,,yes
https://www.caranddriver.com/reviews/a15092276/2017-mercedes-amg-c43-cabriolet-test-review/,2017,Mercedes-AMG,C43 Cabriolet Test |,"front-engine, all-wheel-drive, 4-passenger, 2-door convertible",61325,70275,"twin-turbocharged and intercooled DOHC 24-valve V-6, aluminum block and heads, direct fuel injection",183,362,6000,384,2000,9-speed automatic with manual shifting mode,111.8,184.9,71.3,55.4,4165,4.3,11.2,13.0,107,,162,,0.93,5.3,3.1,4.0,22,19,26,20,,yes
https://www.caranddriver.com/reviews/a15092285/2018-mercedes-benz-gla250-4matic-test-review/,2018,Mercedes Benz,Gla250 4Matic Test,"front-engine, all-wheel-drive, 5-passenger, 4-door hatchback",36325,50100,"turbocharged and intercooled DOHC 16-valve inline-4, aluminum block and head, direct fuel injection",,208,5500,258,1200,7-speed dual-clutch automatic with manual shifting mode,106.3,173.9,71.0,60.0,3531,5.8,16.5,14.5,94,,160,,0.88,6.3,3.1,4.4,26,23,31,22,,yes
https://www.caranddriver.com/reviews/a15092306/2018-porsche-panamera-turbo-s-e-hybrid-first-drive-review/,2018,Porsche,Panamera Turbo S E-Hybrid First Drive |,"front-engine, all-wheel-drive, 4-passenger, 4-door hatchback",116,,"twin-turbocharged and intercooled DOHC 32-valve 4.0-liter V-8, 550 hp, 567 lb-ft; permanent-magnet synchronous AC electric motor, 136 hp, 295 lb-ft; combined output, 680 hp, 626 lb-ft; 14.1-kWh lithium-ion battery pack",,,,,,8-speed dual-clutch automatic with manual shifting mode,,,76.3,,5200,2.9,7.3,11.1,,192,,,,,,,41,42,40,,,yes
https://www.caranddriver.com/reviews/a15092390/2017-dodge-grand-caravan-test-review/,2017,Dodge Grand,Caravan Test,"front-engine, front-wheel-drive, 7-passenger, 4-door van",27090,35490,"DOHC 24-valve V-6, aluminum block and heads, port fuel injection",,283,6400,260,4400,6-speed automatic with manual shifting mode,121.2,203.7,78.7,69.0,4636,7.8,21.5,16.1,88,,180,,0.77,8.2,4.2,5.5,20,17,25,20,,yes
https://www.caranddriver.com/reviews/a15092395/2018-volvo-xc60-first-drive-review/,2018,Volvo,Xc60 First Drive,"front-engine, all-wheel-drive, 5-passenger, 4-door hatchback",112,,S,,,,,,8-speed automatic with manual shifting mode,112.8,184.6,78.7,65.3,4300,4.9,14.2,13.8,,140,,,,,,,,,,,,yes
https://www.caranddriver.com/reviews/a15092411/2018-mclaren-570s-spider-first-drive-review/,2018,Mclaren,570S Spider First Drive,"mid-engine, rear-wheel-drive, 2-passenger, 2-door convertible",211300,,"twin-turbocharged and intercooled DOHC 32-valve V-8, aluminum block and heads, port fuel injection",,562,7500,443,5000,7-speed dual-clutch automatic with manual shifting mode,105.1,178.3,76.0,47.3,3300,3.0,6.2,10.8,,204,,,,,,,19,16,23,,,yes
https://www.caranddriver.com/reviews/a15092433/2018-chevrolet-camaro-zl1-1le-first-drive-review/,2018,Chevrolet Camaro,Zl1 1Le First Drive,"front-engine, rear-wheel-drive, 4-passenger, 2-door coupe",71295,,"supercharged and intercooled pushrod 16-valve V-8, aluminum block and heads, direct fuel injection",,650,6400,650,3600,6-speed manual,110.7,188.3,74.7,52.0,3850,3.7,8.4,11.9,,190,,,,,,,16,14,20,,,yes
https://www.caranddriver.com/reviews/a15092452/2018-volkswagen-tiguan-first-drive-review/,2018,Volkswagen Tiguan,First Drive,"front-engine, front- or all-wheel-drive, 5- or 7-passenger, 4-door hatchback",109,,"turbocharged and intercooled DOHC 16-valve Miller-capable inline-4, iron block and aluminum head, direct fuel injection",,184,4400,221,1600,8-speed automatic with manual shifting mode,109.8,185.1,72.4,66.3,3800,8.2,22.4,16.5,,120,,,,,,,,,,,,yes
https://www.caranddriver.com/reviews/a15092484/2016-range-rover-diesel-long-term-test-review/,2016,Range Rover,Diesel Long Term Test,"front-engine, 4-wheel-drive, 5-passenger, 4-door hatchback",94945,110006,"turbocharged and intercooled DOHC 24-valve diesel V-6, iron block and aluminum heads, direct fuel injection",,254,3500,443,1750,8-speed automatic with manual shifting mode,115.0,196.8,78.1,72.3,5515,7.5,22.4,15.8,87,,179,,0.75,8.4,4.2,5.8,,,,26,,yes
https://www.caranddriver.com/reviews/a15092488/2017-chevrolet-impala-review/,2017,Chevrolet,Impala,"front-engine, front-wheel-drive, 5-passenger, 4-door sedan",111,,S,,,,,,6-speed automatic with manual shifting mode,111.7,201.3,73.0,58.9,3700,6.0,15.5,14.8,97,,178,,0.82,6.2,3.4,4.0,,,,,,yes
https://www.caranddriver.com/reviews/a15092531/2017-volkswagen-golf-10t-first-drive-review/,2017,Volkswagen,Golf 1.0T First Drive |,"front-engine, front-wheel-drive, 5-passenger, 2- or 4-door hatchback",103,,"turbocharged and intercooled DOHC 12-valve 1.0-liter inline-3, 84 or 109 hp, 129 or 148 lb-ft",,,,,,S:,103.1,167.6,70.8,58.7,2700,9.8,30.4,17.6,,112,,,,,,,,,,,,yes
https://www.caranddriver.com/reviews/a15092550/2017-nissan-titan-v-8-4x4-single-cab-test-review/,2017,Nissan,Titan V-8 4x4 Single Cab Test |,"front-engine, 4-wheel-drive, 3-passenger, 2-door pickup",33805,39505,"DOHC 32-valve V-8, aluminum block and heads, direct fuel injection",339,390,5800,394,4000,7-speed automatic with manual shifting mode,139.8,228.1,79.5,75.2,5486,5.9,15.9,14.6,96,,172,,0.76,6.2,3.2,4.7,18,15,21,13,,yes
https://www.caranddriver.com/reviews/a15092579/2018-bentley-continental-prototype-drive-review/,2018,Bentley Continental,Prototype Drive,,,,,,,,,,,,,,,,,,,,,,,,,,,,,,,,
https://www.caranddriver.com/reviews/a15092613/2017-ford-edge-35l-v-6-awd-review/,2017,Ford Edge,35L V 6 Awd,"front-engine, all-wheel-drive, 5-passenger, 4-door hatchback",34805,40110,"DOHC 24-valve V-6, aluminum block and heads, port fuel injection",,280,6500,250,4000,6-speed automatic with manual shifting mode,112.2,188.1,75.9,68.6,4291,7.6,20.7,15.9,90,,177,,0.85,8.0,3.7,5.6,19,17,24,19,,yes
https://www.caranddriver.com/reviews/a15092639/2018-porsche-panamera-sport-turismo-first-drive-review/,2018,Porsche Panamera,Sport Turismo First Drive,"front-engine, all-wheel-drive, 4- or 5-passenger, 4-door hatchback",116,,S,,,,,,8-speed dual-clutch automatic with manual shifting mode,116.1,198.8,76.3,,4200,3.0,7.5,11.3,,170,,,,,,,,,,,,yes
https://www.caranddriver.com/reviews/a15092670/2017-chevrolet-cruze-hatchback-manual-test-review/,2017,Chevrolet Cruze,Hatchback Manual Test,"front-engine, front-wheel-drive, 5-passenger, 4-door hatchback",22115,22965,"turbocharged and intercooled DOHC 16-valve inline-4, aluminum block and head, direct fuel injection",,153,5600,177,2000,6-speed manual,106.3,175.3,70.5,57.7,2881,8.3,23.0,16.4,88,,171,,0.85,9.0,22.5,13.1,31,28,37,26,,yes
https://www.caranddriver.com/reviews/a15092710/2018-bmw-440i-rwd-coupe-automatic-test-review/,2018,Bmw,440I Rwd Coupe Automatic Test,"front-engine, rear-wheel-drive, 4-passenger, 2-door coupe",49695,56245,"turbocharged and intercooled DOHC 24-valve inline-6, aluminum block and head, direct fuel injection",,320,5500,330,1380,8-speed automatic with manual shifting mode,110.6,182.7,71.9,54.2,3710,4.4,10.8,12.9,109,,166,,0.86,5.0,2.8,3.3,25,21,32,25,,yes
https://www.caranddriver.com/reviews/a15092819/2018-toyota-camry-first-drive-review/,2018,Toyota Camry,First Drive,"front-engine, front-wheel-drive, 5-passenger, 4-door sedan",111,,S,,,,,,S,111.2,,72.4,56.9,3300,5.7,14.6,14.3,,115,,,,,,,,,,,,yes
https://www.caranddriver.com/reviews/a15092823/2017-volkswagen-e-golf-ev-first-drive-review/,2017,Volkswagen E,Golf Ev First Drive,"front-motor, front-wheel-drive, 5-passenger, 4-door hatchback",30000,,,,,,,,1-speed direct drive,103.5,168.1,70.8,57.2,3450,9.3,,17.1,,85,,,,,,,119,126,111,,,yes
https://www.caranddriver.com/reviews/a15092846/2017-toyota-sienna-fwd-test-review/,2017,Toyota Sienna,Fwd Test,"front-engine, front-wheel-drive, 8-passenger, 4-door van",30710,42199,"DOHC 24-valve Atkinson-capable V-6, aluminum block and heads, port and direct fuel injection",,296,6600,263,4700,8-speed automatic with manual shifting mode,119.3,200.2,78.1,70.5,4602,6.8,18.3,15.5,93,,184,,0.73,6.9,3.5,5.0,22,19,27,20,,yes
https://www.caranddriver.com/reviews/a15092871/2017-ford-mustang-coupe-and-convertible-review/,2017,Ford,Mustang Coupe and Convertible,S,107,,S,,,,,,S,107.1,188.3,75.4,,3500,4.3,10.3,12.9,112,,156,,0.94,4.9,9.3,8.8,,,,,,yes
https://www.caranddriver.com/reviews/a15092874/2018-smart-fortwo-electric-drive-cabriolet-first-drive-review/,2018,Smart,Fortwo Electric Drive Cabriolet First Drive |,"mid-motor, rear-wheel-drive, 2-passenger, 2-door convertible",28750,,,,,,,,1-speed direct drive,73.7,106.1,65.5,61.2,2450,11.1,,17.9,,81,,,,,,,,,,,,yes
https://www.caranddriver.com/reviews/a15092929/2018-volkswagen-atlas-v-6-4motion-test-review/,2018,Volkswagen Atlas,V 6 4Motion Test,"front-engine, all-wheel-drive, 7-passenger, 4-door hatchback",34625,49415,"DOHC 24-valve V-6, iron block and aluminum head, direct fuel injection",,276,6200,266,2750,8-speed automatic with manual shifting mode,117.3,198.3,78.3,70.0,4728,7.8,20.1,16.0,89,,174,,0.84,8.2,3.9,5.2,19,17,23,19,,yes
https://www.caranddriver.com/reviews/a15092959/2018-audi-rs5-first-drive-review/,2018,Audi,RS5 First Drive |,"front-engine, all-wheel-drive, 4-passenger, 2-door coupe",70000,,"twin-turbocharged and intercooled DOHC 24-valve V-6, aluminum block and heads, direct fuel injection",177,444,6700,443,1900,8-speed automatic with manual shifting mode,108.9,185.9,73.3,53.5,4050,3.9,9.0,12.4,,155,,,,,,,19,17,24,,,yes
https://www.caranddriver.com/reviews/a15093049/2017-chevrolet-cruze-sedan-diesel-automatic-test-review/,2017,Chevrolet Cruze,Sedan Diesel Automatic Test,"front-engine, front-wheel-drive, 5-passenger, 4-door sedan",26270,27395,"turbocharged and intercooled DOHC 16-valve diesel inline-4, aluminum block and head, direct fuel injection",,137,3750,240,2000,9-speed automatic with manual shifting mode,106.3,183.7,70.5,57.4,3123,8.0,23.9,16.3,85,,167,,0.84,8.6,3.9,5.9,37,31,47,37,,yes
https://www.caranddriver.com/reviews/a15093074/2017-mazda-mx-5-miata-rf-manual-test-review/,2017,Mazda Mx,5 Miata Rf Manual Test,"front-engine, rear-wheel-drive, 2-passenger, 2-door targa",32430,,"DOHC 16-valve Atkinson-capable inline-4, aluminum block and head, direct fuel injection",,155,6000,148,4600,6-speed manual,90.9,154.1,68.3,49.0,,,,14.8,93,,,,,,,,29,26,33,29,,yes
https://www.caranddriver.com/reviews/a15093205/2018-ferrari-812-superfast-first-drive-review/,2018,Ferrari,812 Superfast First Drive,"front-engine, rear-wheel-drive, 2-passenger, 2-door hatchback",315000,,"DOHC 48-valve V-12, aluminum block and heads, direct fuel injection",396,789,8500,530,7000,7-speed dual-clutch automatic with manual shifting mode,107.1,183.3,77.6,50.2,3900,2.8,6.8,10.8,,211,,,,,,,13,12,16,,,yes
https://www.caranddriver.com/reviews/a15093233/2017-volkswagen-jetta-14t-manual-test-review/,2017,Volkswagen Jetta,14T Manual Test,"front-engine, front-wheel-drive, 5-passenger, 4-door sedan",18715,21715,"turbocharged and intercooled DOHC 16-valve inline-4, aluminum block and head, direct fuel injection",,150,5000,184,1400,5-speed manual,104.4,183.3,70.0,57.2,3009,7.7,22.0,16.1,88,,184,,0.83,8.3,17.7,11.4,33,28,40,31,,yes
https://www.caranddriver.com/reviews/a15093239/2017-mercedes-benz-e400-4matic-wagon-test-review/,2017,Mercedes Benz,E400 4Matic Wagon Test,"front-engine, all-wheel-drive, 7-passenger, 5-door hatchback",63225,88405,"twin-turbocharged and intercooled DOHC 24-valve V-6, aluminum block and heads, direct fuel injection",,329,6000,354,1600,9-speed automatic with manual shifting mode,115.7,194.2,72.9,58.1,4442,5.1,12.8,13.7,103,,156,,0.87,5.7,3.2,3.9,21,19,25,22,,yes
https://www.caranddriver.com/reviews/a15093262/2017-chevrolet-camaro-zl1-manual-test-review/,2017,Chevrolet,Camaro ZL1 Manual Test |,"front-engine, rear-wheel-drive, 4-passenger, 2-door coupe",63435,65230,"supercharged and intercooled pushrod 16-valve V-8, aluminum block and heads, direct fuel injection",376,650,6400,650,3600,6-speed manual,110.7,188.3,74.7,52.4,3904,3.7,8.2,12.0,122,,141,,1.07,4.2,,,,,,18,,yes
https://www.caranddriver.com/reviews/a15093265/2017-dodge-charger-srt-hellcat-review/,2017,Dodge Charger,Srt Hellcat,"front-engine, rear-wheel-drive, 5-passenger, 4-door sedan",68740,,"supercharged and intercooled pushrod 16-valve V-8, iron block and aluminum heads, port fuel injection",,707,6000,650,4800,8-speed automatic with manual shifting mode,120.4,200.8,75.0,58.3,4550,3.4,7.2,11.4,128,,153,,0.94,3.7,1.7,2.3,16,13,22,,,yes
https://www.caranddriver.com/reviews/a15093287/2017-smart-fortwo-cabriolet-automatic-test-review/,2017,Smart,Fortwo Cabriolet Automatic Test |,"mid-engine, rear-wheel-drive, 2-passenger, 2-door convertible",20640,22810,"turbocharged and intercooled DOHC 12-valve inline-3, aluminum block and head, port fuel injection",55,89,5500,100,2500,6-speed dual-clutch automatic with manual shifting mode,73.7,106.1,65.5,61.1,2235,10.2,,17.7,78,,188,,0.71,11.4,5.9,7.8,35,33,38,27,,yes
https://www.caranddriver.com/reviews/a15093368/2018-genesis-g80-sport-first-drive-review/,2018,Genesis,G80 Sport First Drive,"front-engine, rear- or all-wheel-drive, 5-passenger, 4-door sedan",118,,"twin-turbocharged and intercooled DOHC 24-valve V-6, aluminum block and heads, direct fuel injection",204,365,6000,375,1300,8-speed automatic with manual shifting mode,118.5,196.5,74.4,58.3,4600,5.2,13.8,13.9,,135,,,,,,,20,17,24,,,yes
https://www.caranddriver.com/reviews/a15093371/2017-lexus-is350-f-sport-rwd-test-review/,2017,Lexus,Is350 F Sport Rwd Test,"front-engine, rear-wheel-drive, 5-passenger, 4-door sedan",46100,50154,"DOHC 24-valve V-6, aluminum block and heads, port fuel injection",,306,6400,277,4800,8-speed automatic with manual shifting mode,110.2,184.3,71.3,56.3,3785,6.0,14.4,14.4,100,,176,,0.84,6.4,3.3,4.2,22,19,28,22,,yes
https://www.caranddriver.com/reviews/a15093400/2017-ram-2500hd-64l-gasoline-v-8-4x4-test-review/,2017,Ram,2500Hd 64L Gasoline V 8 4X4 Test,"front-engine, rear/4-wheel-drive, 5-passenger, 4-door pickup",52240,58695,"pushrod 16-valve V-8, iron block and aluminum heads, port fuel injection",,410,5600,429,4000,6-speed automatic with manual shifting mode,149.5,237.4,79.1,77.7,7020,7.7,21.9,15.9,89,,196,,0.74,8.2,4.0,5.6,,,,12,,yes
https://www.caranddriver.com/reviews/a15093417/2018-mclaren-720s-first-drive-review/,2018,McLaren,720S First Drive |,"mid-engine, rear-wheel-drive, 2-passenger, 2-door coupe",288845,,"twin-turbocharged and intercooled DOHC 32-valve V-8, aluminum block and heads, port fuel injection",244,710,7500,568,5500,7-speed dual-clutch automatic with manual shifting mode,105.1,178.9,76.0,47.1,3150,2.8,5.5,10.4,,212,,,,,,,,,,,,yes
https://www.caranddriver.com/reviews/a15093447/2017-chrysler-pacifica-hybrid-test-review/,2017,Chrysler,Pacifica Hybrid Test |,"front-motor, front-engine, front-wheel-drive, 7-passenger, 4-door van",43090,47885,"2 permanent-magnet synchronous AC electric motors, 114 and 84 hp, 231 and 92 lb-ft; DOHC 24-valve 3.6-liter Atkinson-cycle V-6, 220 hp, 235 lb-ft; combined system, 260 hp (mfr-s est)",,,,,,continuously variable automatic,121.6,203.8,79.6,70.0,5125,7.8,19.7,16.1,90,,178,,0.82,8.1,3.6,5.0,,,,28,,yes
https://www.caranddriver.com/reviews/a15093496/2018-volvo-xc60-t6-first-ride-review/,2018,Volvo,Xc60 T6 First Ride,"front-engine, all-wheel-drive, 5-passenger, 4-door hatchback",43000,,"supercharged, turbocharged, and intercooled DOHC 16-valve inline-4; aluminum block and head; direct fuel injection",,316,5700,295,2200,8-speed automatic with manual shifting mode,112.8,184.6,78.7,65.3,4600,6.8,17.0,15.2,,125,,,,,,,,,,,,yes
https://www.caranddriver.com/reviews/a15093575/2017-mercedes-amg-c43-sedan-test-review/,2017,Mercedes Amg,C43 Sedan Test,"front-engine, all-wheel-drive, 5-passenger, 4-door sedan",52925,66085,"twin-turbocharged and intercooled DOHC 24-valve V-6, aluminum block and heads, direct fuel injection",,362,6000,384,2000,9-speed automatic with manual shifting mode,111.8,185.0,71.3,56.3,3900,4.1,10.5,12.7,110,,171,,0.92,5.1,2.8,3.4,23,20,28,21,,yes
https://www.caranddriver.com/reviews/a15093629/2017-porsche-911-turbo-s-cabriolet-test-review/,2017,Porsche,911 Turbo S Cabriolet Test,"rear-engine, all-wheel-drive, 2+2-passenger, 2-door convertible",201450,208950,"twin-turbocharged and intercooled DOHC 24-valve flat-6, aluminum block and heads, direct fuel injection",,580,6750,553,2250,7-speed dual-clutch automatic with manual shifting mode,96.5,177.4,74.0,50.9,3736,2.6,6.2,10.6,130,,144,,1.01,3.5,2.3,2.2,21,19,24,19,,yes
https://www.caranddriver.com/reviews/a15093640/2017-jaguar-f-pace-20d-diesel-test-review/,2017,Jaguar F,Pace 20D Diesel Test,"front-engine, all-wheel-drive, 5-passenger, 4-door hatchback",42985,66360,"turbocharged and intercooled DOHC 16-valve diesel inline-4, aluminum block and head, direct fuel injection",122,180,4000,318,1750,8-speed automatic with manual shifting mode,113.1,186.2,76.2,65.0,4340,9.0,27.6,16.8,82,,171,,0.85,10.0,4.3,6.4,29,26,33,29,,yes
https://www.caranddriver.com/reviews/a15093660/2018-lamborghini-huracan-performante-first-drive-review/,2018,Lamborghini,Huracan Performante First Drive |,"mid-engine, all-wheel-drive, 2-passenger, 2-door coupe",280000,,"DOHC 40-valve V-10, aluminum block and heads, port and direct fuel injection",318,631,8000,443,6500,7-speed dual-clutch automatic with manual shifting mode,103.1,177.4,75.7,45.9,3350,2.4,5.6,10.2,,202,,,,,,,17,14,21,,,yes
https://www.caranddriver.com/reviews/a15093668/2017-range-rover-evoque-test-review/,2017,Range Rover,Evoque Test,"front-engine, all-wheel-drive, 5-passenger, 4-door hatchback",42795,57592,"turbocharged and intercooled DOHC 16-valve inline-4, aluminum block and head, direct fuel injection",,240,5500,250,1750,9-speed automatic with manual shifting mode,104.7,172.1,74.8,64.4,4059,6.6,19.8,15.2,90,,172,,0.82,8.0,4.2,5.7,24,21,29,19,,yes
https://www.caranddriver.com/reviews/a15093709/2017-mercedes-amg-c43-coupe-test-review/,2017,Mercedes Amg,C43 Coupe Test,"front-engine, all-wheel-drive, 4-passenger, 2-door coupe",56425,62140,"twin-turbocharged and intercooled DOHC 24-valve V-6, aluminum block and heads, direct fuel injection",183,362,6000,384,2000,9-speed automatic with manual shifting mode,111.8,184.9,71.3,55.3,3908,4.1,10.7,12.8,109,,158,,0.95,5.1,3.0,3.4,23,20,28,22,,yes
https://www.caranddriver.com/reviews/a15093719/2018-lexus-lc500-test-review/,2018,Lexus,Lc500 Test,"front-engine, rear-wheel-drive, 4-passenger, 2-door coupe",92975,105095,"DOHC 32-valve Atkinson-capable 5.0-liter V-8, aluminum block and heads, port and direct fuel injection",,471,7100,398,4800,10-speed automatic with manual shifting mode,113.0,187.4,75.6,53.0,4378,4.6,10.4,13.0,112,,156,,0.93,4.8,2.8,3.3,19,16,26,17,,yes
https://www.caranddriver.com/reviews/a15093750/2017-toyota-highlander-v-6-awd-test-review/,2017,Toyota Highlander,V 6 Awd Test,"front-engine, all-wheel-drive, 7-passenger, 4-door hatchback",,43184,"DOHC 24-valve Atkinson-capable V-6, aluminum block and heads, port and direct fuel injection",,295,6600,263,4700,8-speed automatic with manual shifting mode,109.8,192.5,75.8,68.1,4560,7.0,18.4,15.6,93,,181,,0.79,7.5,3.8,5.6,22,20,26,21,,yes
https://www.caranddriver.com/reviews/a15093800/2017-toyota-prius-prime-plug-in-hybrid-test-review/,2017,Toyota Prius,Prime Plug In Hybrid Test,"front-engine, front-wheel-drive, 4-passenger, 4-door hatchback",106,,"DOHC 16-valve Atkinson-cycle 1.8-liter inline-4, 95 hp, 105 lb-ft; 2 permanent-magnet synchronous AC motors; combined output, 121 hp; 8.8-kWh lithium-ion battery pack",,,,,,continuously variable automatic,106.3,182.9,69.3,57.9,,,,17.7,79,,189,,0.83,,,,,,,50,,yes
https://www.caranddriver.com/reviews/a15093815/2018-audi-q5-20t-quattro-test-review/,2018,Audi,Q5 20T Quattro Test,"front-engine, all-wheel-drive, 5-passenger, 4-door hatchback",42475,52700,"turbocharged and intercooled DOHC 16-valve inline-4, iron block and aluminum head, direct fuel injection",,252,6000,273,1600,7-speed dual-clutch automatic with manual shifting mode,111.0,183.6,74.5,65.3,4180,5.8,16.5,14.5,95,,161,,0.81,6.5,,,,,,21,,yes
https://www.caranddriver.com/reviews/a15093825/2017-mercedes-amg-e43-4matic-test-review/,2017,Mercedes Amg,E43 4Matic Test,"front-engine, all-wheel-drive, 5-passenger, 4-door sedan",73325,91675,"twin-turbocharged and intercooled DOHC 24-valve V-6, aluminum block and heads, direct fuel injection",,396,6100,384,2500,9-speed automatic with manual shifting mode,115.7,194.6,73.2,57.0,4287,4.2,10.7,12.8,109,,161,,0.92,5.3,2.8,3.5,21,18,25,21,,yes
https://www.caranddriver.com/reviews/a15093863/2017-mercedes-benz-b-class-ev-quick-take-review/,2017,Mercedes-Benz,B-class EV Quick Take |,"front-motor, front-wheel-drive, 5-passenger, 4-door hatchback",40825,,,,,,,,1-speed direct drive,106.3,171.5,71.3,62.6,3950,6.8,19.7,15.4,92,,188,,0.75,6.7,2.5,,,,,,,yes
https://www.caranddriver.com/reviews/a15093931/2017-ford-gt-supercar-first-drive-review/,2017,Ford Gt,Supercar First Drive,"mid-engine, rear-wheel-drive, 2-passenger, 2-door coupe",453750,,"twin-turbocharged and intercooled DOHC 24-valve V-6, aluminum block and heads, port and direct fuel injection",,647,6250,550,5900,7-speed dual-clutch automatic with manual shifting mode,106.7,187.5,78.9,43.7,3250,2.9,5.7,10.6,,216,,,,,,,,,,,,yes
https://www.caranddriver.com/reviews/a15093933/2017-range-rover-sport-supercharged-v-8-test-review/,2017,Range Rover,Sport Supercharged V 8 Test,"front-engine, all-wheel-drive, 5-passenger, 4-door hatchback",81645,111837,"supercharged and intercooled DOHC 32-valve V-8, aluminum block and heads, direct fuel injection",,510,6500,461,2500,8-speed automatic with manual shifting mode,115.1,191.2,78.1,70.1,5564,4.7,11.0,13.1,109,,175,,0.92,5.1,2.5,3.5,16,14,19,13,,yes
https://www.caranddriver.com/reviews/a15093958/2017-cadillac-escalade-review/,2017,Cadillac Escalade,Review,"front-engine, rear- or rear-/all-wheel-drive, 7- or 8-passenger, 4-door hatchback",116,,"pushrod 16-valve V-8, aluminum block and heads, direct fuel injection",,420,5600,460,4100,8-speed automatic with manual shifting mode,,,80.5,,5600,5.8,14.8,14.3,98,,202,,0.73,6.3,3.2,4.1,,,,,,yes
https://www.caranddriver.com/reviews/a15093983/2017-bmw-540i-test-review/,2017,Bmw,540I Test,"front-engine, rear-wheel-drive, 5-passenger, 4-door sedan",57445,82610,"turbocharged and intercooled DOHC 24-valve inline-6, aluminum block and head, direct fuel injection",,335,6500,332,1380,8-speed automatic with manual shifting mode,117.1,194.6,73.5,58.2,4071,4.7,11.1,13.2,109,,168,,0.87,5.6,2.5,3.2,,,,22,,yes
https://www.caranddriver.com/reviews/a15094049/2017-bmw-530i-rwd-test-review/,2017,Bmw,530I Rwd Test,"front-engine, rear-wheel-drive, 5-passenger, 4-door sedan",52195,74160,"turbocharged and intercooled DOHC 16-valve inline-4, aluminum block and head, direct fuel injection",,248,6500,258,1450,8-speed automatic with manual shifting mode,117.1,194.6,73.5,58.2,3886,6.1,15.7,14.7,97,,174,,0.84,7.0,3.7,4.5,27,24,34,23,,yes
https://www.caranddriver.com/reviews/a15094113/2017-chevrolet-silverado-2500hd-4x4-diesel-tested-review/,2017,Chevrolet Silverado,2500Hd 4X4 Diesel Tested,"front-engine, rear-/4-wheel-drive, 5-passenger, 4-door pickup",49045,64473,"turbocharged and intercooled pushrod 32-valve diesel V-8, iron block and aluminum heads, direct fuel injection",,445,2800,910,1600,6-speed automatic with manual shifting mode,144.2,230.0,80.5,78.0,7780,6.2,,14.8,93,,208,,,7.1,3.6,4.7,,,,14,,yes
https://www.caranddriver.com/reviews/a15094238/2018-porsche-911-targa-4-gts-first-drive-review/,2018,Porsche,911 Targa 4 GTS First Drive |,"rear-engine, all-wheel-drive, 2+2-passenger targa",140950,,"twin-turbocharged and intercooled DOHC 24-valve flat-6, aluminum block and heads, direct fuel injection",182,450,6500,405,2150,S:,96.5,178.3,72.9,50.8,3600,3.1,9.4,11.4,,190,,,,,,,,,,,,yes
https://www.caranddriver.com/reviews/a15094279/2017-chevrolet-silverado-3500hd-diesel-4x4-test-review/,2017,Chevrolet Silverado,3500Hd Diesel 4X4 Test,"front-engine, 4-wheel-drive, 5-passenger, 4-door pickup",53250,67828,"turbocharged and intercooled pushrod 32-valve diesel V-8, iron block and aluminum heads, direct fuel injection",403,445,2800,910,1600,6-speed automatic with manual shifting mode,167.6,258.3,96.0,77.7,8440,6.6,,15.1,91,,199,,0.68,7.5,3.6,5.1,,,,13,,yes
https://www.caranddriver.com/reviews/a15094352/2017-hyundai-sonata-quick-take-review/,2017,Hyundai,Sonata Quick Take |,"front-engine, front-wheel-drive, 5-passenger, 4-door sedan",110,,S:,,,,,,S:,110.4,191.1,73.4,,3300,7.9,22.0,16.2,88,,165,,0.84,8.3,4.2,5.4,,,,,,yes
https://www.caranddriver.com/reviews/a15094443/2017-ford-transit-350-passenger-wagon-ecoboost-v-6-test-review/,2017,Ford Transit,350 Passenger Wagon Ecoboost V 6 Test,"front-engine, rear-wheel-drive, 12-passenger, 3-door van",42535,49220,"twin-turbocharged and intercooled DOHC 24-valve V-6, aluminum block and heads, direct fuel injection",,310,5500,400,2500,6-speed automatic with manual shifting mode,147.6,235.5,81.3,99.2,6272,7.6,17.2,,,,208,,0.68,8.0,4.1,6.1,,,,14,,yes
https://www.caranddriver.com/reviews/a15094460/2016-kia-sorento-long-term-test-review/,2016,Kia Sorento,Long Term Test,"front-engine, 4-wheel-drive, 7-passenger, 4-door hatchback",25795,42180,"DOHC 24-valve V-6, aluminum block and heads, direct fuel injection",,290,6400,252,5300,6-speed automatic with manual shifting mode,109.4,187.4,74.4,66.5,4378,7.1,19.5,15.7,91,,174,,0.80,7.6,3.9,5.1,,,,22,,yes
https://www.caranddriver.com/reviews/a15094468/2017-nissan-rogue-sport-first-drive-review/,2017,Nissan Rogue,Sport First Drive,"front-engine, front- or all-wheel-drive, 5-passenger, 4-door hatchback",104,,"DOHC 16-valve inline-4, aluminum block and head, direct fuel injection",,141,6000,147,4400,continuously variable automatic with manual shifting mode,104.2,172.4,72.3,,3350,9.4,34.0,17.3,,120,,,,,,,,,,,,yes
https://www.caranddriver.com/reviews/a15094481/2017-mini-cooper-countryman-all4-15t-manual-test-review/,2017,Mini Cooper,Countryman All4 15T Manual Test,"front-engine, all-wheel-drive, 5-passenger, 4-door hatchback",28950,34800,"turbocharged and intercooled DOHC 12-valve inline-3, aluminum block and head, direct fuel injection",,134,4400,162,1250,6-speed manual,105.1,169.8,71.7,61.3,3538,9.1,28.5,17.1,81,,189,,0.85,10.3,14.6,13.6,26,22,32,26,,yes
https://www.caranddriver.com/reviews/a15094505/2017-acura-mdx-sport-hybrid-test-review/,2017,Acura Mdx,Sport Hybrid Test,"front-engine, front- and rear-motors, all-wheel-drive, 6-passenger, 4-door hatchback",52935,58975,"SOHC 24-valve 3.0-liter V-6, 257 hp, 218 lb-ft; 1 permanent-magnet synchronous AC front motor, 47 hp, 109 lb-ft; 2 permanent-magnet synchronous AC rear motors, 36 hp (each), 54 lb-ft (each); combined output, 321 hp, 289 lb-ft; 1.3-kWh lithium-ion battery pack",,,,,,7-speed dual-clutch automatic with manual shifting mode,111.0,196.2,77.7,67.4,4466,5.7,15.5,14.5,97,,188,,0.87,6.1,3.6,4.0,27,26,27,22,,yes
https://www.caranddriver.com/reviews/a15094512/2018-kia-stinger-first-drive-review/,2018,Kia,Stinger First Drive |,"front-engine, rear- or all-wheel-drive, 5-passenger, 4-door hatchback",33000,,S:,,,,,,8-speed automatic with manual shifting mode,114.4,190.2,73.6,55.1,3650,4.7,13.3,13.5,,130,,,,,,,,,,,,yes
https://www.caranddriver.com/reviews/a15094515/2017-toyota-corolla-im-automatic-test-review/,2017,Toyota Corolla,Im Automatic Test,"front-engine, front-wheel-drive, 5-passenger, 4-door hatchback",20375,20375,"DOHC 16-valve inline-4, aluminum block and head, port fuel injection",,137,6100,125,4000,continuously variable automatic with manual shifting mode,102.4,170.5,69.3,58.1,3030,9.1,27.9,17.2,83,,175,,0.84,9.4,4.1,5.7,31,28,36,26,,yes
https://www.caranddriver.com/reviews/a15094643/2018-bmw-m550i-xdrive-first-drive-review/,2018,Bmw,M550I Xdrive First Drive,"front-engine, all-wheel-drive, 5-passenger, 4-door sedan",73095,,"twin-turbocharged and intercooled DOHC 32-valve V-8, aluminum block and heads, direct fuel injection",,456,6000,480,1800,8-speed automatic with manual shifting mode,117.1,195.4,73.5,57.8,4350,3.8,8.2,12.1,,155,,,,,,,,,,,,yes
https://www.caranddriver.com/reviews/a15094658/2017-ford-c-max-hybrid-test-review/,2017,Ford C,Max Hybrid Test,"front-engine, front-motor, front-wheel-drive, 5-passenger, 4-door hatchback",25050,26650,"DOHC 16-valve Atkinson-cycle 2.0-liter inline-4, 141 hp, 129 lb-ft; permanent-magnet synchronous AC motor, 118 hp, 117 lb-ft; combined output, 188 hp; 1.4-kWh lithium-ion battery pack",,,,,,continuously variable automatic,104.3,173.6,72.0,63.8,3630,7.9,20.6,16.1,89,,183,,0.78,8.2,3.8,5.2,40,42,38,35,,yes
https://www.caranddriver.com/reviews/a15094684/2018-volkswagen-atlas-first-drive-review/,2018,Volkswagen Atlas,First Drive,"front-engine, front- or all-wheel-drive, 6- or 7-passenger, 4-door hatchback",117,,,,,,,,8-speed automatic with manual shifting mode,117.3,198.3,78.3,70.0,4300,7.6,20.4,15.7,,115,,,,,,,,,,,,yes
https://www.caranddriver.com/reviews/a15094704/2017-honda-civic-type-r-first-drive-review/,2017,Honda Civic,Type R First Drive,"front-engine, front-wheel-drive, 4-passenger, 4-door hatchback",34775,,"turbocharged and intercooled DOHC 16-valve inline-4, aluminum block and head, direct fuel injection",122,306,6500,295,2500,6-speed manual,106.3,179.4,73.9,56.5,3150,5.0,13.3,13.6,,170,,,,,,,25,22,28,,,yes
https://www.caranddriver.com/reviews/a15094726/2017-ford-f-250-super-duty-diesel-4x4-crew-cab-test-review/,2017,Ford F,250 Super Duty Diesel 4X4 Crew Cab Test,"front-engine, rear-/4-wheel-drive, 5-passenger, 4-door pickup",49020,78115,"turbocharged and intercooled pushrod 32-valve diesel V-8, iron block and aluminum heads, direct fuel injection",406,440,2800,925,1800,6-speed automatic with manual shifting mode,159.8,250.0,80.0,81.3,8300,6.9,,15.3,90,,202,,0.73,8.3,4.0,5.3,,,,15,,yes
https://www.caranddriver.com/reviews/a15094735/2016-bmw-740i-long-term-test-review/,2016,Bmw,740I Long Term Test,"front-engine, rear-wheel-drive, 5-passenger, 4-door sedan",82295,96095,"turbocharged and intercooled DOHC 24-valve inline-6, aluminum block and head, direct fuel injection",,320,6500,330,1380,8-speed automatic with manual shifting mode,126.4,206.6,74.9,58.2,4385,4.8,12.4,13.4,105,,159,,0.86,5.6,2.9,3.5,,,,26,,yes
https://www.caranddriver.com/reviews/a15094765/2018-audi-sq5-first-drive-review/,2018,Audi,Sq5 First Drive,"front-engine, all-wheel-drive, 5-passenger, 4-door hatchback",111,,"turbocharged and intercooled DOHC 24-valve V-6, aluminum block and heads, direct fuel injection",,354,5400,369,1370,8-speed automatic with manual shifting mode,111.2,183.9,74.5,65.3,4400,5.0,12.9,13.5,,155,,,,,,,21,19,24,,,yes
https://www.caranddriver.com/reviews/a15094818/2017-ford-edge-vignale-first-drive-review/,2017,Ford,Edge Vignale First Drive |,"front-engine, all-wheel-drive, 5-passenger, 4-door hatchback",112,,"turbocharged and intercooled DOHC 16-valve diesel inline-4, iron block and aluminum head, direct fuel injection",122,,,,,S:,112.2,189.3,75.9,66.6,4200,9.4,28.0,17.1,,131,,,,,,,,,,,,yes
https://www.caranddriver.com/reviews/a15094826/2017-mazda-cx-5-fwd-test-review/,2017,Mazda Cx,5 Fwd Test,"front-engine, front-wheel-drive, 5-passenger, 4-door hatchback",24985,32955,"DOHC 16-valve Atkinson-capable inline-4, aluminum block and head, direct fuel injection",,187,6000,185,3250,6-speed automatic with manual shifting mode,106.2,179.1,72.5,65.3,3537,7.8,23.8,16.2,86,,177,,0.82,7.9,3.8,5.3,27,24,31,32,,yes
https://www.caranddriver.com/reviews/a15094866/2017-kia-optima-hybrid-tested-review/,2017,Kia Optima,Hybrid Tested,"front-engine, front-wheel-drive, 5-passenger, 4-door sedan",26890,36885,"DOHC 16-valve Atkinson-cycle 2.0-liter inline-4, 154 hp, 140 lb-ft; permanent-magnet synchronous AC motor, 50 hp, 151 lb-ft; combined output, 192 hp, 271 lb-ft; 1.6-kWh lithium-ion battery pack",,,,,,6-speed automatic with manual shifting mode,110.4,191.1,73.2,57.5,3640,7.9,21.7,16.1,88,123,175,,0.81,8.2,3.9,5.3,,,,31,,yes
https://www.caranddriver.com/reviews/a15094908/2017-gmc-acadia-v-6-fwd-test-review/,2017,Gmc Acadia,V 6 Fwd Test,"front-engine, front-wheel-drive, 7-passenger, 4-door hatchback",37090,40765,"DOHC 24-valve V-6, aluminum block and heads, direct fuel injection",,310,6600,271,5000,6-speed automatic with manual shifting mode,112.5,193.6,75.4,68.7,4129,6.2,16.9,15.0,95,,173,,0.84,6.3,3.3,4.6,,,,19,,yes
https://www.caranddriver.com/reviews/a15094963/2017-ford-transit-350-cargo-van-ecoboost-test-review/,2017,Ford Transit,350 Cargo Van Ecoboost Test,"front-engine, rear-wheel-drive, 2-passenger, 2-door van",38900,45670,"twin-turbocharged and intercooled 24-valve DOHC V-6, aluminum block and heads, direct fuel injection",,310,5500,400,2500,6-speed automatic with manual shifting mode,147.6,235.5,81.3,100.7,5423,6.8,,,,,171,,0.60,7.1,3.8,4.8,,,,14,,yes
https://www.caranddriver.com/reviews/a15094988/2017-jeep-compass-trailhawk-tested-review/,2017,Jeep Compass,Trailhawk Tested,"front-engine, all-wheel-drive, 5-passenger, 4-door hatchback",29690,33165,"SOHC 16-valve inline-4, aluminum block and head, port fuel injection",144,180,6400,175,3900,9-speed automatic with manual shifting mode,103.8,173.0,73.8,64.6,3680,8.9,28.7,16.9,82,,191,,0.75,9.3,4.6,6.4,25,22,30,22,,yes
https://www.caranddriver.com/reviews/a15095022/2018-acura-tlx-first-drive-review/,2018,Acura Tlx,First Drive,"front-engine, front- or all-wheel-drive, 5-passenger, 4-door sedan",109,,S,,,,,,S,109.3,,73.0,57.0,3550,5.7,13.3,14.2,,130,,,,,,,,,,,,yes
https://www.caranddriver.com/reviews/a15095050/2017-honda-clarity-fuel-cell-test-review/,2017,Honda,Clarity Fuel Cell Test |,"front-motor, front-wheel-drive, 5-passenger, 4-door sedan",108,,,,,,,,1-speed direct drive,108.3,192.7,73.9,58.2,4148,8.1,26.7,16.4,85,,194,,0.79,8.3,3.8,5.7,,,,57,,yes
https://www.caranddriver.com/reviews/a15095084/2017-chevrolet-colorado-zr2-first-drive-review/,2017,Chevrolet Colorado,Zr2 First Drive,"front-engine, rear-/all-wheel-drive, 5-passenger, 4-door pickup",128,,S:,,,,,,S:,128.5,212.4,83.9,72.2,4700,6.5,,15.4,,100,,,,,,,,,,,,yes
https://www.caranddriver.com/reviews/a15095105/2017-lexus-rc350-f-sport-rwd-test-review/,2017,Lexus,Rc350 F Sport Rwd Test,"front-engine, rear-wheel-drive, 4-passenger, 2-door coupe",48090,50280,"DOHC 24-valve V-6, aluminum block and heads, port and direct fuel injection",,306,6400,277,4800,8-speed automatic with manual shifting mode,107.5,184.8,72.4,54.9,3816,5.7,14.0,14.2,101,,168,,0.88,6.1,3.4,4.1,22,19,28,20,,yes
https://www.caranddriver.com/reviews/a15095119/2017-chevrolet-cruze-diesel-first-drive-review/,2017,Chevrolet,Cruze Diesel First Drive |,"front-engine, front-wheel-drive, 5-passenger, 4-door sedan",24670,,"turbocharged and intercooled DOHC 16-valve diesel inline-4, aluminum block and head, direct fuel injection",98,137,3750,240,2000,S:,106.3,183.7,70.5,57.4,3100,8.0,24.0,16.4,,130,,,,,,,,,,,,yes
https://www.caranddriver.com/reviews/a15095153/2017-hyundai-santa-fe-awd-review/,2017,Hyundai Santa,Fe Awd,"front-engine, all-wheel-drive, 6- or 7-passenger, 4-door hatchback",33445,44295,"DOHC 24-valve V-6, aluminum block and heads, direct fuel injection",,290,6400,252,5200,6-speed automatic with manual shifting mode,110.2,193.1,74.2,66.5,4371,7.3,20.3,15.8,90,,178,,0.78,8.0,3.9,5.2,19,17,22,16,,yes
https://www.caranddriver.com/reviews/a15095210/2017-mazda-3-20l-automatic-sedan-test-review/,2017,Mazda,3 20L Automatic Sedan Test,"front-engine, front-wheel-drive, 5-passenger, 4-door sedan",19770,22370,"DOHC 16-valve inline-4, aluminum block and head, direct fuel injection",,155,6000,150,4000,6-speed automatic with manual shifting mode,106.3,180.3,70.7,57.3,2985,7.9,22.6,16.2,88,,171,,0.87,8.3,4.1,5.4,32,28,37,27,,yes
https://www.caranddriver.com/reviews/a15095213/2017-mercedes-amg-cla45-and-2018-gla45-first-drive-review/,2017,Mercedes Amg,Cla45 And 2018 Gla45 First Drive,"s:front-engine, all-wheel-drive, 5-passenger, 4-door sedan or hatchback",106,,"turbocharged and intercooled DOHC 16-valve inline-4, aluminum block and head, direct fuel injection",,375,6000,350,2250,7-speed dual-clutch automatic with manual shifting mode,106.3,,,,3450,4.1,10.6,12.7,,155,,,,,,,,,,,,yes
https://www.caranddriver.com/reviews/a15095227/2017-porsche-911-carrera-s-pdk-automatic-test-review/,2017,Porsche,911 Carrera S Pdk Automatic Test,"rear-engine, rear-wheel-drive, 2+2-passenger, 2-door coupe",107650,139945,"twin-turbocharged and intercooled DOHC 24-valve flat-6, aluminum block and heads, direct fuel injection",,420,6500,368,1700,7-speed dual-clutch automatic with manual shifting mode,96.5,177.1,71.2,51.0,3363,3.1,7.5,11.4,123,,142,,1.04,3.9,2.4,2.4,,,,19,,yes
https://www.caranddriver.com/reviews/a15095232/2018-mercedes-amg-gt-roadster-gt-c-roadster-drive-review/,2018,Mercedes-AMG,GT Roadster / GT C Roadster Drive |,"front-engine, rear-wheel-drive, 2-passenger, 2-door convertible",103,,"twin-turbocharged and intercooled DOHC 32-valve 4.0-liter V-8, 469 or 550 hp, 465 or 502 lb-ft",,,,,,7-speed dual-clutch automatic with manual shifting mode,103.5,,,49.6,3800,3.0,6.9,11.2,,188,,,,,,,,,,,,yes
https://www.caranddriver.com/reviews/a15095326/2017-jaguar-f-pace-35t-test-review/,2017,Jaguar F,Pace 35T Test,"front-engine, all-wheel-drive, 5-passenger, 4-door hatchback",44385,62345,"supercharged and intercooled DOHC 24-valve V-6, aluminum block and heads, direct fuel injection",,340,6500,332,4500,8-speed automatic with manual shifting mode,113.2,186.3,76.2,65.0,4408,5.3,13.2,13.8,102,,171,,0.87,5.6,3.0,4.2,20,18,23,18,,yes
https://www.caranddriver.com/reviews/a15095373/2017-ford-c-max-energi-plug-in-hybrid-test-review/,2017,Ford C,Max Energi Plug In Hybrid Test,"front-engine, front-motors, front-wheel-drive, 5-passenger, 4-door hatchback",27995,29195,"DOHC 16-valve Atkinson-cycle 2.0-liter inline-4, 141 hp, 129 lb-ft; permanent-magnet synchronous AC motors, 118 hp, 117 lb-ft; combined output, 188 hp; 7.6-kWh lithium-ion battery pack",,,,,,continuously variable automatic,104.3,173.6,72.0,63.8,3860,7.6,21.0,16.0,89,,179,,0.75,8.1,4.2,5.2,,,,32,,yes
https://www.caranddriver.com/reviews/a15095399/2017-audi-s4-avant-wagon-first-drive-review/,2017,Audi,S4 Avant Wagon First Drive |,"front-engine, all-wheel-drive, 5-passenger, 4-door hatchback",111,,"turbocharged and intercooled DOHC 24-valve V-6, aluminum block and heads, direct fuel injection",183,354,6400,369,1370,8-speed automatic with manual shifting mode,111.2,186.8,72.5,55.6,4050,4.5,11.2,13.1,,155,,,,,,,24,21,29,,,yes
https://www.caranddriver.com/reviews/a15095403/2017-jeep-grand-cherokee-review/,2017,Jeep,Grand Cherokee,"front-engine, rear-/4-wheel-drive, 5-passenger, 4-door hatchback",114,,S,,,,,,8-speed automatic with manual shifting mode,114.8,189.8,76.5,69.3,4550,7.6,22.9,15.9,88,,198,,0.71,8.0,3.9,5.5,,,,,,yes
https://www.caranddriver.com/reviews/a15095417/the-fanciest-ford-escape-ever-we-drive-the-kuga-vignale-review/,,,,"front-engine, all-wheel-drive, 5-passenger, 4-door hatchback",105,,S:,,,,,,S:,105.9,178.8,73.1,,3650,9.8,32.0,17.4,,115,,,,,,,,,,,,yes
https://www.caranddriver.com/reviews/a15095487/2017-kia-niro-test-review/,2017,Kia Niro,Test,"front-engine, front-motor, front-wheel-drive, 5-passenger, 4-door hatchback",23785,,"DOHC 16-valve Atkinson-cycle 1.6-liter inline-4, 104 hp, 109 lb-ft; permanent-magnet synchronous AC motor, 43 hp, 125 lb-ft; combined output, 139 hp, 195 lb-ft; 1.6-kWh lithium-ion battery pack",,,,,,6-speed dual-clutch automatic with manual shifting mode,106.3,171.5,71.1,60.4,,,,16.7,83,,,,,,,,,,,37,,yes
https://www.caranddriver.com/reviews/a15095542/2017-dodge-challenger-gt-awd-test-review/,2017,Dodge Challenger,Gt Awd Test,"front-engine, all-wheel-drive, 5-passenger, 2-door coupe",34490,39465,"DOHC 24-valve V-6, aluminum block and heads, port fuel injection",,305,6350,268,4800,8-speed automatic with manual shifting mode,116.2,197.9,75.7,57.5,4103,6.3,16.3,14.8,95,,176,,0.86,6.7,3.5,5.1,,,,20,,yes
https://www.caranddriver.com/reviews/a15095562/2017-honda-civic-si-first-drive-review/,2017,Honda,Civic Si First Drive |,"front-engine, front-wheel-drive, 5-passenger, 2-door coupe or 4-door sedan",106,,"turbocharged and intercooled DOHC 16-valve inline-4, aluminum block and head, direct fuel injection",91,205,5700,192,2100,6-speed manual,106.3,,70.8,,2900,6.5,16.1,14.9,,137,,,,,,,32,28,38,,,yes
https://www.caranddriver.com/reviews/a15095577/2017-bugatti-chiron-first-drive-review/,2017,Bugatti Chiron,First Drive,"mid-engine, all-wheel-drive, 2-passenger, 2-door coupe",2998000,,"quad-turbocharged and intercooled DOHC 64-valve W-16, aluminum block and heads, port fuel injection",488,1500,6700,1180,2000,7-speed dual-clutch automatic with manual shifting mode,106.7,178.9,80.2,47.7,4400,2.3,4.8,9.4,,261,,,,,,,,,,,,yes
https://www.caranddriver.com/reviews/a15095592/2018-chevrolet-equinox-first-drive-review/,2018,Chevrolet Equinox,First Drive,"front-engine, front- or front-/all-wheel-drive, 5-passenger, 4-door hatchback",107,,S,,,,,,S,107.3,183.1,72.6,65.4,3350,6.3,15.7,14.9,,115,,,,,,,,,,,,yes
https://www.caranddriver.com/reviews/a15095625/2017-porsche-cayenne-s-e-hybrid-test-review/,2017,Porsche Cayenne,S E Hybrid Test,"front-engine, all-wheel-drive, 5-passenger, 4-door hatchback",79750,86995,"supercharged and intercooled DOHC 24-valve 3.0-liter V-6, 333 hp, 325 lb-ft; permanent-magnet synchronous AC motor, 95 hp, 229 lb-ft; combined output, 416 hp, 435 lb-ft; 10.8-kWh lithium-ion battery pack",,,,,,8-speed automatic with manual shifting mode,114.0,191.1,78.7,67.4,5373,5.2,13.0,13.8,103,,163,,0.91,5.4,2.6,3.6,,,,,,yes
https://www.caranddriver.com/reviews/a15095670/2017-hyundai-ioniq-hybrid-full-test-review/,2017,Hyundai Ioniq,Hybrid Full Test,"front-engine, front-motor, front-wheel-drive, 5-passenger, 4-door hatchback",28335,31460,"DOHC 16-valve Atkinson-cycle 1.6-liter inline-4, 104 hp, 109 lb-ft; permanent-magnet synchronous AC motor/generator, 43 hp, 125 lb-ft; combined output, 139 hp, 195 lb-ft; 1.6-kWh lithium-ion battery pack",,,,,,6-speed dual-clutch automatic with manual shifting mode,106.3,176.0,71.7,56.9,3173,8.9,26.6,16.9,82,,177,,0.86,9.0,4.7,6.4,,,,45,,yes
https://www.caranddriver.com/reviews/a15095692/2017-fiat-500x-review/,2017,Fiat,500X,"front-engine, front- or all-wheel-drive, 5-passenger,  4-door hatchback",101,,S,,,,,,S,101.2,,75.5,,3000,8.7,28.0,16.8,82,,163,,0.78,9.0,4.6,6.1,,,,,,yes
https://www.caranddriver.com/reviews/a15095706/2018-mercedes-benz-gla-class-first-drive-review/,2018,Mercedes Benz,Gla Class First Drive,"front-engine, front- or all-wheel-drive, 5-passenger, 4-door hatchback",106,,"turbocharged and intercooled DOHC 16-valve inline-4, aluminum block and head, direct fuel injection",,208,5500,258,1250,7-speed dual-clutch automatic with manual shifting mode,106.3,173.9,71.0,60.0,3350,6.0,16.8,14.6,,130,,,,,,,,,,,,yes
https://www.caranddriver.com/reviews/a15095743/chevrolet-colorado-zh2-prototype-first-ride-review/,,,,,,,,,,,,,,,,,,,,,,,,,,,,,,,,,,,
https://www.caranddriver.com/reviews/a15095752/2017-cadillac-cts-v-sport-tested-review/,2017,Cadillac Cts,V Sport Tested,"front-engine, rear-wheel-drive, 5-passenger, 4-door sedan",61690,75885,"twin-turbocharged and intercooled DOHC 24-valve V-6, aluminum block and heads, direct fuel injection",,420,5750,430,3500,8-speed automatic with manual shifting mode,114.6,195.5,72.2,57.2,4025,4.5,10.3,12.9,112,,157,,0.93,5.2,2.6,3.3,,,,18,,yes
https://www.caranddriver.com/reviews/a15095814/2018-bmw-530e-plug-in-hybrid-first-drive-review/,2018,Bmw,530E Plug In Hybrid First Drive,"front-engine, front-motor, rear- or all-wheel-drive, 5-passenger, 4-door sedan",117,,"turbocharged and intercooled DOHC 16-valve 2.0-liter inline-4, 180 hp, 255 lb-ft; permanent-magnet synchronous AC motor, 111 hp, 184 lb-ft; combined output, 248 hp, 310 lb-ft; 9.2-kWh lithium-ion battery pack",,,,,,8-speed automatic with manual shifting mode,117.1,194.6,73.5,58.4,4300,5.8,15.5,14.5,,130,,,,,,,,,,,,yes
https://www.caranddriver.com/reviews/a15095816/2017-nissan-sentra-nismo-test-review/,2017,Nissan Sentra,Nismo Test,"front-engine, front-wheel-drive, 5-passenger, 4-door sedan",25855,27570,"turbocharged and intercooled DOHC 16-valve inline-4, aluminum block and head, direct fuel injection",,188,5600,177,1600,6-speed manual,106.3,183.6,69.3,58.9,3043,7.0,17.5,15.4,94,,156,,0.88,7.9,11.2,10.9,,,,25,,yes
https://www.caranddriver.com/reviews/a15095872/2017-porsche-boxster-718-manual-tested-review/,2017,Porsche Boxster,718 Manual Tested,"mid-engine, rear-wheel-drive, 2-passenger, 2-door convertible",57040,73040,"turbocharged and intercooled DOHC 16-valve flat-4, aluminum block and heads, direct fuel injection",,300,6500,280,1950,6-speed manual,97.4,172.4,70.9,50.4,3059,4.4,10.6,13.0,109,,145,,1.01,5.9,9.6,6.0,,,,19,,yes
https://www.caranddriver.com/reviews/a15095900/2017-ford-gt-supercar-first-ride-review/,2017,Ford Gt,Supercar First Ride,"mid-engine, rear-wheel-drive, 2-passenger, 2-door coupe",450000,,"twin-turbocharged and intercooled DOHC 24-valve V-6, aluminum block and heads, port and direct fuel injection",,647,6250,550,5900,7-speed dual-clutch automatic with manual shifting mode,106.7,187.5,78.9,43.7,3250,2.9,5.7,10.6,,216,,,,,,,,,,,,yes
https://www.caranddriver.com/reviews/a15095920/2017-audi-rs7-performance-test-review/,2017,Audi,Rs7 Performance Test,"front-engine, all-wheel-drive, 4-passenger, 4-door hatchback",130450,136975,"twin-turbocharged and intercooled DOHC 32-valve V-8, aluminum block and heads, direct fuel injection",244,605,6100,516,1750,8-speed automatic with manual shifting mode,114.8,197.3,75.2,55.9,4487,3.2,7.3,11.3,125,,160,,0.94,4.1,2.1,2.5,,,,16,,yes
https://www.caranddriver.com/reviews/a15096021/2017-chevrolet-cruze-hatchback-automatic-test-review/,2017,Chevrolet Cruze,Hatchback Automatic Test,"front-engine, front-wheel-drive, 5-passenger, 4-door hatchback",22795,26475,"turbocharged and intercooled DOHC 16-valve inline-4, aluminum block and head, direct fuel injection",,153,5600,177,2000,6-speed automatic,106.3,175.3,70.5,57.7,2959,7.7,23.3,16.0,87,,161,,0.87,8.2,4.2,5.4,,,,28,,yes
https://www.caranddriver.com/reviews/a15096075/2017-ford-focus-rs-mountune-drive-review/,2017,Ford,Focus RS Mountune Drive |,"front-engine, all-wheel-drive, 5-passenger, 4-door hatchback",104,,"turbocharged and intercooled DOHC 16-valve inline-4, aluminum block and head, direct fuel injection",138,370,6000,376,2000,6-speed manual,104.3,172.8,71.8,58.0,3450,4.4,12.9,13.3,,165,,,,,,,,,,,,yes
https://www.caranddriver.com/reviews/a15096088/2017-volkswagen-golf-gti-tested-review/,2017,Volkswagen Golf,Gti Tested,"front-engine, front-wheel-drive, 5-passenger, 4-door hatchback",26415,28815,"turbocharged and intercooled DOHC 16-valve inline-4, iron block and aluminum head, direct fuel injection",,220,4700,258,1500,6-speed manual,103.6,168.0,70.8,56.8,3116,5.9,14.6,14.6,100,,154,,0.94,6.5,11.7,7.8,,,,27,,yes
https://www.caranddriver.com/reviews/a15096095/2017-jaguar-xe-35t-awd-test-review/,2017,Jaguar,XE 35t AWD Test |,"front-engine, all-wheel-drive, 5-passenger, 4-door sedan",52695,64085,"supercharged and intercooled DOHC 24-valve V-6, aluminum block and heads, direct fuel injection",183,340,6500,332,4500,8-speed automatic with manual shifting mode,111.6,183.9,72.8,55.7,4061,5.1,12.3,13.5,105,,170,,0.87,5.4,3.3,4.0,,,,20,,yes
https://www.caranddriver.com/reviews/a15096118/2017-bmw-540i-xdrive-test-review/,2017,BMW,540i xDrive Test |,"front-engine, all-wheel-drive, 5-passenger, 4-door sedan",59745,82360,"turbocharged and intercooled DOHC 24-valve inline-6, aluminum block and head, direct fuel injection",,335,6500,332,1380,8-speed automatic with manual shifting mode,117.1,194.6,73.5,58.2,4171,4.5,11.0,13.1,108,,169,,0.88,5.1,2.8,3.2,,,,21,,yes
https://www.caranddriver.com/reviews/a15096135/2017-honda-civic-hatchback-cvt-automatic-review/,2017,Honda Civic,Hatchback Cvt Automatic,"front-engine, front-wheel-drive, 5-passenger, 4-door hatchback",21375,29175,"turbocharged and intercooled DOHC 16-valve inline-4, aluminum block and head, direct fuel injection",,180,6000,162,1700,continuously variable automatic,106.3,177.9,70.8,56.3,3007,6.9,18.5,15.4,93,,166,,0.90,7.3,3.9,4.8,,,,27,,yes
https://www.caranddriver.com/reviews/a15096162/2018-bmw-m5-prototype-drive-review/,2018,Bmw,M5 Prototype Drive,,,,,,,,,,,,,,,,,,,,,,,,,,,,,,,,
https://www.caranddriver.com/reviews/a15096245/2017-porsche-911-carrera-4s-targa-automatic-test-review/,2017,Porsche,911 Carrera 4S Targa Automatic Test |,"rear-engine, all-wheel-drive, 2+2-passenger, 2-door targa",123650,149970,"twin-turbocharged and intercooled DOHC 24-valve flat-6, aluminum block and heads, direct fuel injection",182,420,6500,369,1700,7-speed dual-clutch automatic with manual shifting mode,96.5,177.1,72.9,50.9,3687,3.3,8.1,11.7,119,,143,,1.04,4.3,2.5,2.6,,,,,,yes
https://www.caranddriver.com/reviews/a15096269/2017-toyota-highlander-hybrid-awd-test-review/,2017,Toyota Highlander,Hybrid Awd Test,"front-engine, all-wheel-drive, 7-passenger, 4-door hatchback",37230,46154,"DOHC 24-valve Atkinson-cycle 3.5-liter V-6, 295 hp, 263 lb-ft; front axle permanent-magnet synchronous AC motor, 167 hp, 247 lb-ft; rear axle permanent-magnet synchronous AC motor, 68 hp, 103 lb-ft; combined output, 306 hp",,,,,,continuously variable automatic with manual shifting mode,109.8,192.5,75.8,70.1,4891,7.0,17.2,15.4,94,,183,,0.77,7.3,3.6,4.3,,,,23,,yes
https://www.caranddriver.com/reviews/a15096293/2018-honda-odyssey-first-drive-review/,2018,Honda Odyssey,First Drive,"front-engine, front-wheel-drive, 7- or 8-passenger, 4-door van",118,,"SOHC 24-valve V-6, aluminum block and heads, direct fuel injection",,280,6000,262,4700,S,118.1,203.2,78.5,,4400,6.5,16.4,15.1,,112,,,,,,,22,19,28,,,yes
https://www.caranddriver.com/reviews/a15096312/2017-honda-civic-hatchback-15t-manual-test-review/,2017,Honda Civic,Hatchback 15T Manual Test,"front-engine, front-wheel-drive, 5-passenger, 4-door hatchback",22175,22175,"turbocharged and intercooled DOHC 16-valve inline-4, aluminum block and head, direct fuel injection",,180,5500,177,1900,6-speed manual,106.3,177.9,70.8,56.3,2868,7.0,17.0,15.2,94,,160,,0.93,7.7,11.7,8.5,33,30,39,31,,yes
https://www.caranddriver.com/reviews/a15096318/2017-volkswagen-touareg-review/,2017,Volkswagen Touareg,Review,"front-engine, all-wheel-drive, 5-passenger, 4-door hatchback",113,,"DOHC 24-valve 3.6-liter V-6, iron block and aluminum head, direct fuel injection",,280,6200,266,2500,8-speed automatic with manual shifting mode,113.9,188.8,76.4,68.2,4900,7.8,20.7,15.9,88,,185,,0.80,8.2,3.8,5.5,,,,,,yes
https://www.caranddriver.com/reviews/a15096341/2017-hyundai-ioniq-hybrid-first-drive-review/,2017,Hyundai Ioniq,Hybrid First Drive,"front-engine, front-wheel-drive, 5-passenger, 4-door hatchback",106,,"DOHC 16-valve Atkinson-cycle 1.6-liter inline-4, 104 hp, 109 lb-ft; permanent-magnet synchronous AC motor/generator, 43 hp, 125 lb-ft; combined output, 139 hp, 195 lb-ft; 1.6-kWh lithium-ion battery pack",,,,,,6-speed dual-clutch automatic with manual shifting mode,106.3,176.0,71.7,56.9,3100,10.5,32.0,17.9,,115,,,,,,,,,,,,yes
https://www.caranddriver.com/reviews/a15096354/2018-chevrolet-equinox-awd-test-review/,2018,Chevrolet Equinox,Awd Test,"front-engine, all-wheel-drive, 5-passenger, 4-door hatchback",28155,39045,"turbocharged and intercooled DOHC 16-valve inline-4, aluminum block and head, direct fuel injection",,170,5600,203,2000,6-speed automatic with manual shifting mode,107.3,183.1,72.6,65.4,3646,8.9,26.8,16.9,83,,161,,0.86,9.6,4.9,6.6,,,,21,,yes
https://www.caranddriver.com/reviews/a15096359/2017-gmc-acadia-denali-awd-test-review/,2017,Gmc Acadia,Denali Awd Test,"front-engine, all-wheel-drive, 6-passenger, 4-door hatchback",47995,52485,"DOHC 24-valve V-6, aluminum block and heads, direct fuel injection",,310,6600,271,5000,6-speed automatic with manual shifting mode,112.5,193.6,75.4,66.0,4399,6.1,17.2,14.9,94,,170,,0.85,6.5,3.5,4.8,,,,21,,yes
https://www.caranddriver.com/reviews/a15096365/2017-mercedes-maybach-s550-4matic-test-review/,2017,Mercedes-Maybach,S550 4MATIC Test |,"front-engine, all-wheel-drive, 4-passenger, 4-door sedan",167125,177485,"twin-turbocharged and intercooled DOHC 32-valve V-8, aluminum block and heads, direct fuel injection",285,449,5500,516,1800,9-speed automatic with manual shifting mode,132.5,214.7,74.8,58.7,5189,5.0,11.6,13.5,109,,157,,,5.4,2.9,3.7,,,,18,,yes
https://www.caranddriver.com/reviews/a15096385/2017-bmw-m760i-xdrive-tested-review/,2017,Bmw,M760I Xdrive Tested,"front-engine, all-wheel-drive, 4-passenger, 4-door sedan",156495,179595,"twin-turbocharged and intercooled DOHC 48-valve V-12, aluminum block and heads, direct fuel injection",,601,5500,590,1550,8-speed automatic with manual shifting mode,126.4,206.2,74.9,58.2,5101,3.5,7.9,11.7,123,,151,,0.94,4.0,2.4,2.4,16,13,20,16,,yes
https://www.caranddriver.com/reviews/a15096419/2017-honda-clarity-fuel-cell-first-drive-review/,2017,Honda,Clarity Fuel Cell First Drive |,"front-motor, front-wheel-drive, 5-passenger, 4-door sedan",108,,,,,,,,1-speed direct drive,108.3,192.7,73.9,58.2,4150,8.3,27.0,16.5,,105,,,,,,,,,,,,yes
https://www.caranddriver.com/reviews/a15096552/2017-range-rover-svautobiography-dynamic-review/,2017,Range,Rover SVAutobiography Dynamic &#8211;,"front-engine, all-wheel-drive, 5-passenger, 4-door hatchback",171990,,"supercharged and intercooled DOHC 32-valve V-8, aluminum block and heads, direct fuel injection",305,550,6500,502,3500,8-speed automatic with manual shifting mode,115.0,196.8,81.6,71.9,5600,4.7,11.1,13.1,,135,,,,,,,,,,,,yes
https://www.caranddriver.com/reviews/a15096609/2017-infiniti-q60-red-sport-400-tested-review/,2017,Infiniti,Q60 Red Sport 400 Tested,"front-engine, rear-wheel-drive, 4-passenger, 2-door coupe",52205,59555,"twin-turbocharged and intercooled DOHC 24-valve V-6, aluminum block and heads, direct fuel injection",,400,6400,350,1600,7-speed automatic with manual shifting mode,112.2,184.6,72.8,54.9,3866,4.5,10.3,13.3,109,,163,,0.90,5.1,3.2,3.4,,,,20,,yes
https://www.caranddriver.com/reviews/a15096617/2015-tesla-model-s-p85d-ev-long-term-test-wrap-up/,2015,Tesla Model,S P85D Ev Long Term Test Wrap Up,"front- and rear-motor, all-wheel-drive, 5+2-passenger, 5-door hatchback",105670,136720,;,,,,,,1-speed direct drive,116.5,196.0,77.3,56.5,5010,3.3,8.6,11.8,114,,161,,0.89,4.1,1.9,2.9,,,,69,,yes
https://www.caranddriver.com/reviews/a15096640/2018-porsche-911-gt3-first-drive-review/,2018,Porsche,911 GT3 First Drive |,"rear-engine, rear-wheel-drive, 2-passenger, 2-door coupe",146000,,"DOHC 24-valve flat-6, aluminum block and heads, direct fuel injection",244,500,8250,339,6000,S:,96.7,179.6,72.9,50.0,3150,3.0,6.8,11.1,,198,,,,,,,,,,,,yes
https://www.caranddriver.com/reviews/a15096661/2018-audi-a5-20t-coupe-automatic-test-review/,2018,Audi,A5 20T Coupe Automatic Test,"front-engine, all-wheel-drive, 4-passenger, 2-door coupe",43775,52950,"turbocharged and intercooled DOHC 16-valve inline-4, iron block and aluminum head, direct fuel injection",,252,6000,273,1600,7-speed dual-clutch automatic with manual shifting mode,108.8,184.0,72.7,54.0,3648,5.0,13.2,13.6,101,,152,,0.93,5.9,2.9,3.7,,,,23,,yes
https://www.caranddriver.com/reviews/a15096665/2017-chevrolet-ss-manual-instrumented-test-review/,2017,Chevrolet Ss,Manual Instrumented Test,"front-engine, rear-wheel-drive, 5-passenger, 4-door sedan",48620,49915,"pushrod 16-valve V-8, aluminum block and heads, port fuel injection",,415,5900,415,4600,6-speed manual,114.8,195.5,74.7,57.9,3985,4.5,10.8,13.0,111,,156,,0.96,5.3,9.3,9.3,,,,14,,yes
https://www.caranddriver.com/reviews/a15096669/2017-ram-power-wagon-drive-review/,2017,Ram Power,Wagon Drive,"front-engine, rear-/4-wheel-drive, 6-passenger, 4-door pickup",53015,,"pushrod 16-valve V-8, iron block and aluminum heads, port fuel injection",,410,5600,429,4000,6-speed automatic with manual shifting mode,149.3,237.3,79.1,81.0,7300,8.4,,16.5,,99,,,,,,,,,,,,yes
https://www.caranddriver.com/reviews/a15096695/2017-audi-a4-allroad-test-review/,2017,Audi,A4 Allroad Test,"front-engine, all-wheel-drive, 5-passenger, 4-door hatchback",44950,52625,"turbocharged and intercooled DOHC 16-valve inline-4, iron block and aluminum head, direct fuel injection",,252,6000,273,1600,7-speed dual-clutch automatic with manual shifting mode,110.9,187.0,72.5,58.8,3817,5.2,13.8,13.8,100,,152,,0.85,6.1,3.0,3.9,,,,24,,yes
https://www.caranddriver.com/reviews/a15096706/2017-audi-a6-30t-competition-test-review/,2017,Audi,A6 30T Competition Test,"front-engine, all-wheel-drive, 5-passenger, 4-door sedan",68550,72175,"supercharged and intercooled DOHC 24-valve V-6, aluminum block and heads, direct fuel injection",,340,6500,325,2900,8-speed automatic with manual shifting mode,114.6,194.2,73.8,57.8,4242,5.2,12.3,13.7,105,,159,,0.93,5.6,2.4,3.1,,,,21,,yes
https://www.caranddriver.com/reviews/a15096709/2017-audi-s6-review/,2017,Audi,S6,"front-engine, all-wheel-drive, 5-passenger, 4-door sedan",71850,,"twin-turbocharged and intercooled DOHC 32-valve V-8, aluminum block and heads, direct fuel injection",,450,6400,406,1400,7-speed dual-clutch automatic with manual shifting mode,114.8,194.4,73.8,56.8,4350,3.9,9.8,12.4,113,,162,,0.92,4.8,2.5,3.3,,,,,,yes
https://www.caranddriver.com/reviews/a15096718/2017-ford-transit-connect-wagon-lwb-test-review/,2017,Ford,Transit Connect Wagon LWB Test |,"front-engine, front-wheel-drive, 6-passenger, 4-door van",26690,33515,"DOHC 16-valve inline-4, aluminum block and head, port fuel injection",2488,169,6000,171,4500,6-speed automatic with manual shifting mode,120.6,189.7,72.2,72.0,4012,10.1,43.9,17.6,79,,170,,0.80,10.3,4.8,7.0,,,,19,,yes
https://www.caranddriver.com/reviews/a15096743/2017-mazda-3-25l-automatic-sedan-tested-review/,2017,Mazda,3 25L Automatic Sedan Tested,"front-engine, front-wheel-drive, 5-passenger, 4-door sedan",25070,27970,"DOHC 16-valve Atkinson-capable inline-4, aluminum block and head, direct fuel injection",,184,5700,185,3250,6-speed automatic with manual shifting mode,106.3,180.3,70.7,57.3,3070,6.8,18.5,15.4,93,,174,,0.86,7.1,3.5,4.4,,,,29,,yes
https://www.caranddriver.com/reviews/a15096746/2017-volvo-xc60-review/,2017,Volvo,Xc60,"front-engine, front- or all-wheel-drive, 5-passenger, 4-door hatchback",109,,S,,,,,,8-speed automatic with manual shifting mode,109.2,182.8,74.4,67.4,4050,6.4,15.9,14.8,97,,183,,0.79,7.1,3.3,4.4,,,,,,yes
https://www.caranddriver.com/reviews/a15096813/2017-chevrolet-camaro-zl1-convertible-first-drive-review/,2017,Chevrolet Camaro,Zl1 Convertible First Drive,"front-engine, rear-wheel-drive, 4-passenger, 2-door convertible",69435,,"supercharged and intercooled pushrod 16-valve V-8, aluminum block and heads, direct fuel injection",376,650,6400,650,3600,S:,110.7,188.3,74.7,52.4,4100,3.6,7.6,11.7,,195,,,,,,,,,,,,yes
https://www.caranddriver.com/reviews/a15096864/2017-volvo-v90-cross-country-wagon-first-drive-review/,2017,Volvo,V90 Cross Country Wagon First Drive,"front-engine, all-wheel-drive, 5-passenger, 4-door hatchback",56295,,"turbocharged, supercharged, and intercooled DOHC 16-valve inline-4; aluminum block and head; direct fuel injection",,316,5700,295,2200,8-speed automatic with manual shifting mode,115.8,194.4,75.9,60.7,4250,5.8,14.5,14.3,,130,,,,,,,,,,,,yes
https://www.caranddriver.com/reviews/a15096880/2017-mercedes-benz-s550-4matic-test-review/,2017,Mercedes Benz,S550 4Matic Test,"front-engine, all-wheel-drive, 4-passenger, 4-door sedan",100525,138125,"twin-turbocharged and intercooled DOHC 32-valve V-8, aluminum block and heads, direct fuel injection",,449,5500,516,1800,9-speed automatic with manual shifting mode,124.6,206.5,75.0,58.7,5025,4.4,10.7,12.9,110,,177,,0.88,5.3,2.8,3.6,20,16,25,15,,yes
https://www.caranddriver.com/reviews/a15096890/2017-mercedes-benz-glc-class-review/,2017,Mercedes Benz,Glc Class,"front-engine, rear- or all-wheel-drive, 5-passenger, 4-door hatchback",113,,"turbocharged and intercooled DOHC 16-valve inline-4, aluminum block and head, direct fuel injection",,241,5500,273,1300,9-speed automatic with manual shifting mode,113.1,183.3,74.4,64.5,3900,5.9,17.6,14.7,93,,174,,0.81,6.6,3.7,,,,,,,yes
https://www.caranddriver.com/reviews/a15096903/2017-maserati-levante-s-q4-test-review/,2017,Maserati Levante,S Q4 Test,"front-engine, all-wheel-drive, 5-passenger, 4-door hatchback",84250,94450,,,424,5750,428,1750,8-speed automatic with manual shifting mode,118.3,197.0,77.5,66.1,4982,5.1,12.3,13.6,105,,151,,0.91,6.2,3.0,3.6,,,,15,,yes
https://www.caranddriver.com/reviews/a15096918/2017-porsche-911-turbo-cabriolet-test-review/,2017,Porsche,911 Turbo Cabriolet Test,"rear-engine, all-wheel-drive, 2+2-passenger, 2-door convertible",172550,181905,"twin-turbocharged and intercooled DOHC 24-valve flat-6, aluminum block and heads, direct fuel injection",,540,6400,523,2250,7-speed dual-clutch automatic with manual shifting mode,96.5,177.4,74.0,50.9,3731,2.7,6.4,10.8,129,,138,,1.03,3.5,1.6,1.8,,,,18,,yes
https://www.caranddriver.com/reviews/a15096935/2018-mercedes-benz-e-class-coupe-first-drive-review/,2018,Mercedes Benz,E Class Coupe First Drive,"front-engine, rear- or all-wheel-drive, 4-passenger, 2-door coupe",113,,"twin-turbocharged and intercooled DOHC 24-valve V-6, aluminum block and heads, direct fuel injection",,329,6000,354,1600,9-speed automatic with manual shifting mode,113.1,190.0,73.2,56.3,4050,5.0,13.0,13.6,,130,,,,,,,,,,,,yes
https://www.caranddriver.com/reviews/a15096967/2017-lexus-es300h-hybrid-tested-reviews/,2017,Lexus,Es300H Hybrid Tested Reviews,"front-engine, front-motor, front-wheel-drive, 5-passenger, 4-door sedan",42815,48233,"DOHC 16-valve Atkinson-cycle 2.5-liter inline-4, 156 hp, 156 lb-ft; permanent-magnet synchronous AC electric motor/generator, 141 hp, 199 lb-ft; combined output, 200 hp; 1.6-kWh nickel-metal-hydride battery pack",,,,,,continuously variable automatic with manual shifting mode,111.0,193.3,71.7,57.1,3743,7.8,20.6,16.0,89,,172,,,7.9,4.2,5.3,,,,26,,yes
https://www.caranddriver.com/reviews/a15097020/2019-volkswagen-t-roc-prototype-drive-review/,2019,Volkswagen,T-Roc Prototype Drive |,,,,,,,,,,,,,,,,,,,,,,,,,,,,,,,,
https://www.caranddriver.com/reviews/a15097031/2017-ford-f-150-raptor-supercab-test-review/,2017,Ford F,150 Raptor Supercab Test,"front-engine, rear-/all-wheel-drive, 5-passenger, 2+2-door pickup",49520,63005,"twin-turbocharged and intercooled V-6, aluminum block and heads, port and direct fuel injection",,450,5000,510,3500,10-speed automatic with manual shifting mode,134.2,220.0,86.3,78.5,5696,5.0,13.7,13.7,100,,206,,0.68,5.7,4.2,4.0,,,,,,yes
https://www.caranddriver.com/reviews/a15097032/2017-lincoln-continental-30t-awd-test-review/,2017,Lincoln Continental,30T Awd Test,"front-engine, all-wheel-drive, 5-passenger, 4-door sedan",60105,66535,"twin-turbocharged and intercooled V-6, iron-and-aluminum block and aluminum heads",,400,5750,400,2750,6-speed automatic with manual shifting mode,117.9,201.4,75.3,58,4555,5.0,12.0,13.5,106,,170,,0.84,5.5,2.7,3.6,,,,17,,yes
https://www.caranddriver.com/reviews/a15097042/2018-hyundai-ioniq-plug-in-hybrid-first-drive-review/,2018,Hyundai Ioniq,Plug In Hybrid First Drive,"front-engine, front-motor, front-wheel-drive, 5-passenger, 4-door hatchback",27500,,"DOHC 16-valve Atkinson-cycle 1.6-liter inline-4, 104 hp, 109 lb-ft; permanent-magnet synchronous AC motor, 60 hp, 125 lb-ft; combined output, 139 hp; 8.9-kWh lithium-ion battery pack",,,,,,6-speed dual-clutch automatic with manual shifting mode,106.3,176.0,71.7,56.9,3300,10.8,33.5,18.2,,115,,,,,,,,,,,,yes
https://www.caranddriver.com/reviews/a15097063/2017-mazda-cx-5-first-drive-review/,2017,Mazda Cx,5 First Drive,"front-engine, front- or all-wheel-drive, 5-passenger, 4-door hatchback",106,,"DOHC 16-valve Atkinson-capable inline-4, aluminum block and head, direct fuel injection",,187,6000,185,,6-speed automatic with manual shifting mode,106.2,179.1,72.5,66.1,3550,7.6,23.0,16.0,,120,,,,,,,,,,,,yes
https://www.caranddriver.com/reviews/a15097066/2017-bmw-530i-first-drive-review/,2017,BMW,530i First Drive &#8211;,"front-engine, rear- or all-wheel-drive, 5-passenger, 4-door sedan",52195,,"turbocharged and intercooled DOHC 16-valve inline-4, aluminum block and head, direct fuel injection",122,248,6500,258,1450,8-speed automatic with manual shifting mode,117.1,194.6,73.5,58.2,3800,5.8,15.8,14.5,,130,,,,,,,,,,,,yes
https://www.caranddriver.com/reviews/a15097070/2017-audi-s3-instrumented-test-review/,2017,Audi,S3 Instrumented Test,"front-engine, all-wheel-drive, 5-passenger, 4-door sedan",43850,53775,"turbocharged and intercooled DOHC 16-valve inline-4, iron block and aluminum head, direct fuel injection",,292,6200,280,1900,6-speed dual-clutch automatic with manual shifting mode,103.6,175.8,70.7,54.8,3485,4.6,12.0,13.3,104,155,153,,,5.8,3.0,3.5,,,,24,,yes
https://www.caranddriver.com/reviews/a15097087/2018-mercedes-maybach-g650-landaulet-first-ride-review/,2018,Mercedes-Maybach,G650 Landaulet First Ride &#8211;,"front-engine, all-wheel-drive, 4-passenger, 4-door landaulet",550000,,"twin-turbocharged and intercooled SOHC 36-valve V-12, aluminum block and heads, port fuel injection",365,621,5300,738,2300,7-speed automatic with manual shifting mode,135.0,210.4,82.7,88.0,7300,5.8,16.4,14.5,,112,,,,,,,,,,,,yes
https://www.caranddriver.com/reviews/a15097143/2017-lexus-nx200t-nx300h-hybrid-quick-take-review/,2017,Lexus,NX200t / NX300h Hybrid,"front-engine, front- or all-wheel-drive, 5-passenger, 4-door hatchback",104,,S,,,,,,S,104.7,182.3,73.6,64.8,3950,7.1,20.5,15.5,89,,183,,0.76,7.7,3.9,,,,,,,yes
https://www.caranddriver.com/reviews/a15097184/2017-mazda-mx-5-miata-rf-first-drive-review/,2017,Mazda,MX-5 Miata RF First Drive |,"front-engine, rear-wheel-drive, 2-passenger, 2-door targa",90,,"DOHC 16-valve Atkinson-capable inline-4, aluminum block and head, direct fuel injection",122,155,6000,148,4600,S:,90.9,154.1,68.3,49.0,2450,6.3,18.2,14.9,,135,,,,,,,29,26,33,,,yes
https://www.caranddriver.com/reviews/a15097193/2017-bmw-m760i-xdrive-first-drive-review/,2017,Bmw,M760I Xdrive First Drive,"front-engine, all-wheel-drive, 4- or 5-passenger, 4-door sedan",156495,,"twin-turbocharged and intercooled DOHC 48-valve V-12, aluminum block and heads, direct fuel injection",,601,5500,590,1550,8-speed automatic with manual shifting mode,126.4,206.2,74.9,58.2,5250,3.4,7.9,11.8,,155,,,,,,,16,13,20,,,yes
https://www.caranddriver.com/reviews/a15097229/2017-porsche-718-boxster-pdk-automatic-test-review/,2017,Porsche,718 Boxster Pdk Automatic Test,"mid-engine, rear-wheel-drive, 2-passenger, 2-door convertible",57050,79605,"turbocharged and intercooled DOHC 16-valve flat-4, aluminum block and heads, direct fuel injection",,300,6500,280,1950,7-speed dual-clutch automatic with manual shifting mode,97.4,172.4,70.9,50.4,3136,4.0,9.9,12.5,112,,144,,1.03,5.0,4.4,3.5,,,,21,,yes
https://www.caranddriver.com/reviews/a15097242/2017-buick-encore-awd-test-review/,2017,Buick Encore,Awd Test,"front-engine, all-wheel-drive, 5-passenger, 4-door hatchback",28885,31140,"turbocharged and intercooled DOHC 16-valve inline-4, aluminum block and head, direct fuel injection",,153,5600,177,2000,6-speed automatic with manual shifting mode,100.6,168.4,69.9,65.2,3382,8.4,27.7,16.6,83,,166,,,9.1,4.8,6.2,,,,22,,yes
https://www.caranddriver.com/reviews/a15097248/2017-volvo-s90-t5-fwd-tested-reviews/,2017,Volvo,S90 T5 Fwd Tested Reviews,"front-engine, front-wheel-drive, 5-passenger, 4-door sedan",47945,50815,"turbocharged and intercooled DOHC 16-valve inline-4, aluminum block and head, direct fuel injection",,250,5500,258,1500,8-speed automatic with manual shifting mode,115.8,195.4,74.4,56.8,3781,6.3,15.7,14.8,97,,168,,0.91,7.0,3.4,4.5,,,,26,,yes
https://www.caranddriver.com/reviews/a15097252/2017-chevrolet-trax-fwd-tested-reviews/,2017,Chevrolet Trax,Fwd Tested Reviews,"front-engine, front-wheel-drive, 5-passenger, 4-door hatchback",21895,27290,"turbocharged and intercooled DOHC 16-valve inline-4, iron block and aluminum head, port fuel injection",,138,4900,148,1850,6-speed automatic with manual shifting mode,100.6,167.2,69.9,64.8,3151,9.3,33.6,17.1,81,115,164,,0.83,9.8,5.0,7.0,,,,25,,yes
https://www.caranddriver.com/reviews/a15097265/2017-land-rover-discovery-first-drive-review/,2017,Land Rover,Discovery First Drive,"front-engine, all-wheel-drive, 5- or 7-passenger, 4-door hatchback",115,,,,,,,,8-speed automatic with manual shifting mode,,195.7,81.6,73.5,5250,6.0,15.4,14.6,,130,,,,,,,,,,,,yes
https://www.caranddriver.com/reviews/a15097266/2017-bmw-530d-euro-spec-diesel-first-drive-review/,2017,BMW,530d Euro-Spec Diesel First Drive |,"front-engine, rear- or all-wheel-drive, 5-passenger, 4-door sedan",62000,,"turbocharged and intercooled DOHC 24-valve diesel inline-6, aluminum block and head, direct fuel injection",183,261,4000,457,2000,8-speed automatic with manual shifting mode,117.1,194.3,73.5,58.2,4200,4.9,11.5,13.4,,155,,,,,,,,,,,,yes
https://www.caranddriver.com/reviews/a15097275/2017-porsche-macan-turbo-with-performance-package-first-drive-review/,2017,Porsche,Macan Turbo with Performance Package First Drive &#8211;,"front-engine, all-wheel-drive, 5-passenger, 4-door hatchback",87495,,"twin-turbocharged and intercooled DOHC 24-valve V-6, aluminum block and heads, direct fuel injection",220,440,6700,443,1500,7-speed dual-clutch automatic with manual shifting mode,110.5,185.0,76.1,63.0,4550,4.0,10.7,12.7,,169,,,,,,,,,,,,yes
https://www.caranddriver.com/reviews/a15097284/2017-cadillac-ats-sedan-v-6-test-review/,2017,Cadillac Ats,Sedan V 6 Test,"front-engine, rear-wheel-drive, 5-passenger, 4-door sedan",47990,54420,"DOHC 24-valve V-6, aluminum block and heads, direct fuel injection",,335,6800,285,5300,8-speed automatic with manual shifting mode,109.3,182.8,71.1,55.9,3662,5.6,14.2,14.2,100,,156,,0.90,5.8,3.1,3.8,,,,16,,yes
https://www.caranddriver.com/reviews/a15097317/flyin-miata-habu-mx-5-v-8-test-review/,,,,"front-engine, rear-wheel-drive, 2-passenger, 2-door convertible",80895,85301,"pushrod 16-valve V-8, aluminum block and heads, port fuel injection",376,525,6200,486,5200,6-speed manual,90.9,154.1,68.3,48.8,2696,3.5,7.8,11.7,123,,148,,1.07,3.9,,,,,,,,yes
https://www.caranddriver.com/reviews/a15097330/2018-porsche-panamera-turbo-s-e-hybrid-first-ride-review/,2018,Porsche,Panamera Turbo S E-Hybrid First Ride |,"front-engine, front-motor, all-wheel-drive, 4-passenger, 4-door hatchback",185450,,"twin-turbocharged and intercooled DOHC 32-valve 4.0-liter V-8, 550 hp, 568 lb-ft; permanent-magnet synchronous AC electric motor, 136 hp, 295 lb-ft; combined output, 680 hp, 626 lb-ft; 14.1-kWh lithium-ion battery pack",,,,,,8-speed dual-clutch automatic with manual shifting mode,,,76.3,,5200,3.2,7.9,11.5,,193,,,,,,,,,,,,yes
https://www.caranddriver.com/reviews/a15097359/2018-bentley-continental-supersports-first-drive-review/,2018,Bentley,Continental Supersports First Drive |,"front-engine, all-wheel-drive, 4-passenger, 2-door coupe or convertible",108,,"twin-turbocharged and intercooled DOHC 48-valve W-12, aluminum block and heads, port fuel injection",,700,5900,750,2050,8-speed automatic with manual shifting mode,108.1,189.7,,,5050,3.4,7.3,11.6,,205,,,,,,,,,,,,yes
https://www.caranddriver.com/reviews/a15097414/2017-jeep-compass-first-drive-review/,2017,Jeep Compass,First Drive,"front-engine, front- or all-wheel-drive, 5-passenger, 4-door hatchback",103,,"SOHC 16-valve inline-4, aluminum block and heads, port fuel injection",,180,6400,175,3900,S,103.8,173.0,73.8,64.6,3200,9.3,30.4,17.1,,110,,,,,,,,,,,,yes
https://www.caranddriver.com/reviews/a15097467/2017-mini-countryman-first-drive-review/,2017,Mini Countryman,First Drive,"front-engine, front- or all-wheel drive, 5-passenger, 4-door hatchback",105,,S,,,,,,S,105.1,169.8,71.7,61.3,3300,7.2,20.0,15.8,,124,,,,,,,,,,,,yes
https://www.caranddriver.com/reviews/a15097495/can-am-maverick-x3-side-by-side-utv-test-review/,,,,"mid-engine, rear-/4-wheel-drive, 2-passenger, 2-door UTV",25749,25749,"turbocharged and intercooled DOHC 12-valve inline-3, aluminum block and head, port fuel injection",55,154,7250,112,6000,continuously variable automatic,102.0,131.0,64.0,66.0,1597,,,,,,,,,,,,,,,,,yes
https://www.caranddriver.com/reviews/a15097562/2017-chevrolet-camaro-zl1-test-review/,2017,Chevrolet Camaro,Zl1 Test,"front-engine, rear-wheel-drive, 4-passenger, 2-door coupe",63435,67000,"supercharged and intercooled pushrod 16-valve V-8, aluminum block and heads, direct fuel injection",,650,6400,650,3600,10-speed automatic with manual shifting mode,110.7,188.3,74.7,52.4,3933,3.4,7.4,11.5,125,,143,,1.04,3.9,1.8,2.1,,,,13,,yes
https://www.caranddriver.com/reviews/a15097570/2017-acura-mdx-sport-hybrid-sh-awd-first-drive-review-1/,2017,Acura Mdx,Sport Hybrid Sh Awd First Drive Review 1,"front-engine, all-wheel-drive, 6- or 7-passenger, 4-door hatchback",111,,"SOHC 24-valve 3.0-liter V-6, 257 hp, 218 lb-ft; 1 permanent-magnet synchronous AC motor, 47 hp, 109 lb-ft; 2 permanent-magnet synchronous AC motors, 36 hp (each), 54 lb-ft (each); combined output, 321 hp, 289 lb-ft; 1.3-kWh lithium-ion battery pack",,,,,,7-speed dual-clutch automatic with manual shifting mode,111.0,196.2,77.7,67.4,4500,5.8,16.3,14.5,,110,,,,,,,,,,,,yes
https://www.caranddriver.com/reviews/a15097575/2017-gmc-canyon-v-6-4x4-test-review/,2017,Gmc Canyon,V 6 4X4 Test,"front-engine, rear-/all-wheel-drive, 5-passenger, 4-door pickup",36320,44460,"DOHC 24-valve V-6, aluminum block and heads, direct fuel injection",,308,6800,275,4000,8-speed automatic with manual shifting mode,128.3,212.4,74.3,70.6,4616,6.3,,14.9,94,,185,,0.80,6.6,3.5,4.8,,,,16,,yes
https://www.caranddriver.com/reviews/a15097731/2017-kia-soul-turbo-test-review/,2017,Kia Soul,Turbo Test,"front-engine, front-wheel-drive, 5-passenger, 4-door hatchback",23695,27815,"turbocharged and intercooled DOHC 16-valve inline-4, aluminum block and head, direct fuel injection",,201,6000,195,1500,7-speed dual-clutch automatic with manual shifting mode,101.2,163.0,70.9,63.5,3202,6.5,18.2,15.1,93,,169,,0.81,6.8,3.5,4.8,,,,24,,yes
https://www.caranddriver.com/reviews/a15097765/2017-volvo-v60-cross-country-t5-drive-e-awd-test-review/,2017,Volvo,V60 Cross Country T5 Drive E Awd Test,"front-engine, all-wheel-drive, 5-passenger, 4-door hatchback",42695,50365,"turbocharged and intercooled DOHC 16-valve inline-4, aluminum block and head, direct fuel injection",,240,5600,258,1500,8-speed automatic with manual shifting mode,109.2,182.6,74.8,60.8,3975,6.2,16.7,14.8,94,,165,,0.86,7.3,3.7,4.8,,,,22,,yes
https://www.caranddriver.com/reviews/a15097806/2016-honda-pilot-long-term-test-wrap-up-review/,2016,Honda Pilot,Long Term Test Wrap Up,"front-engine, all-wheel-drive, 7-passenger, 4-door hatchback",47300,47955,"SOHC 24-valve V-6, aluminum block and heads, direct fuel injection",212,280,6000,262,4700,9-speed automatic with manual shifting mode,111.0,194.5,78.6,70.4,4351,6.0,16.7,14.6,95,,172,,0.81,6.2,3.5,4.6,,,,22,,yes
https://www.caranddriver.com/reviews/a15097815/2017-volkswagen-passat-20t-euro-spec-review/,2017,Volkswagen,Passat 2.0T Euro-Spec &#8211;,"front-engine, all-wheel-drive, 5-passenger, 4-door sedan",109,,"turbocharged and intercooled DOHC 16-valve inline-4, iron block and aluminum head, direct fuel injection",121,276,6500,258,1700,6-speed dual-clutch automatic with manual shifting mode,109.7,187.7,72.1,58.1,3600,5.4,15.9,14.1,,155,,,,,,,,,,,,yes
https://www.caranddriver.com/reviews/a15097842/2017-jeep-grand-cherokee-srt-test-review/,2017,Jeep Grand,Cherokee Srt Test,"front-engine, all-wheel-drive, 5-passenger, 4-door hatchback",67890,78455,"pushrod 16-valve V-8, iron block and aluminum heads, port fuel injection",,475,6000,470,4300,8-speed automatic with manual shifting mode,114.8,189.8,76.5,67.6,5291,4.4,11.4,13.0,106,,168,,0.87,5.0,2.9,3.2,,,,14,,yes
https://www.caranddriver.com/reviews/a15097851/2017-toyota-corolla-automatic-test-review/,2017,Toyota Corolla,Automatic Test,"front-engine, front-wheel-drive, 5-passenger, 4-door sedan",23545,24830,"DOHC 16-valve inline-4, aluminum block and head, port fuel injection",,132,6000,128,4400,continuously variable automatic with manual shifting mode,106.3,183.1,69.9,57.3,2957,9.5,29.7,17.4,82,,183,,0.82,9.9,4.4,6.1,,,,26,,yes
https://www.caranddriver.com/reviews/a15097871/2017-mercedes-amg-c63-cabriolet-test-review/,2017,Mercedes Amg,C63 Cabriolet Test,"front-engine, rear-wheel-drive, 4-passenger, 2-door convertible",81775,108710,,,503,6250,516,1750,7-speed automatic with manual shifting mode,111.8,187.0,73.9,55.3,4300,3.9,8.7,12.2,119,,155,,0.97,4.3,1.7,2.3,,,,11,,yes
https://www.caranddriver.com/reviews/a15097876/2017-lexus-gs200t-instrumented-test-review/,2017,Lexus,Gs200T Instrumented Test,"front-engine, rear-wheel-drive, 5-passenger, 4-door sedan",47285,52295,"turbocharged and intercooled DOHC 16-valve inline-4, aluminum block and head, direct and port injection",,241,5800,258,1650,8-speed automatic with manual shifting mode,112.2,192.1,72.4,57.3,3869,6.6,16.7,14.9,95,,173,,0.86,7.5,4.0,4.9,,,,24,,yes
https://www.caranddriver.com/reviews/a15097907/2017-mitsubishi-mirage-hatchback-first-drive-review/,2017,Mitsubishi Mirage,Hatchback First Drive,"front-engine, front-wheel-drive, 5-passenger, 4-door hatchback",96,,"DOHC 12-valve inline-3, aluminum block and head, port fuel injection",,78,6000,74,4000,S,96.5,149.4,65.6,59.4,2050,10.6,,17.5,,100,,,,,,,,,,,,yes
https://www.caranddriver.com/reviews/a15097917/2017-mitsubishi-outlander-gt-v-6-awd-test-review/,2017,Mitsubishi Outlander,Gt V 6 Awd Test,"front-engine, 4-wheel-drive, 7-passenger, 4-door hatchback",32590,34090,"SOHC 24-valve V-6, aluminum block and heads, port fuel injection",183,224,6250,215,3750,6-speed automatic with manual shifting mode,105.1,184.8,71.3,66.1,3768,7.6,21.9,16.0,89,,179,,0.78,8.0,4.3,6.0,,,,,,yes
https://www.caranddriver.com/reviews/a15097939/2017-jaguar-xe-20d-awd-tested-review/,2017,Jaguar,XE 20d AWD Tested &#8211;,"front-engine, all-wheel-drive, 5-passenger, 4-door sedan",39895,56345,"turbocharged and intercooled DOHC 16-valve diesel inline-4, aluminum block and head, direct fuel injection",122,180,4000,318,1750,8-speed automatic with manual shifting mode,111.6,183.9,72.8,56.1,3943,8.4,24.3,16.4,85,,181,,0.88,9.5,4.1,6.3,,,,33,,yes
https://www.caranddriver.com/reviews/a15097959/2017-kia-niro-hybrid-first-drive-review/,2017,Kia Niro,Hybrid First Drive,"front-engine, front-wheel-drive, 5-passenger, 4-door hatchback",23500,,"DOHC 16-valve Atkinson-cycle 1.6-liter inline-4, 104 hp, 109 lb-ft; permanent-magnet synchronous AC motor/generator, 43 hp, 125 lb-ft; combined output, 139 hp, 195 lb-ft; 1.6-kWh lithium-ion battery pack",,,,,,6-speed dual-clutch automatic with manual shifting mode,106.3,171.5,71.1,,3200,10.5,32.0,17.9,,115,,,,,,,,,,,,yes
https://www.caranddriver.com/reviews/a15097962/2017-toyota-prius-three-touring-test-review/,2017,Toyota Prius,Three Touring Test,"front-engine, front-wheel-drive, 5-passenger, 4-door hatchback",28980,28980,"DOHC 16-valve Atkinson-cycle 1.8-liter inline-4, 95 hp, 105 lb-ft; permanent-magnet synchronous AC electric motor, 71 hp, 120 lb-ft; combined output, 121 hp; 0.7-kWh lithium-ion battery pack",,,,,,continuously variable automatic,106.3,178.7,69.3,58.1,3113,10.5,30.6,17.8,79,,180,,0.82,10.3,4.7,7.1,,,,42,,yes
https://www.caranddriver.com/reviews/a15097977/2017-land-rover-discovery-prototype-drive-review/,2017,Land,Rover Discovery Prototype Drive &#8211;,"front-engine, all-wheel-drive, 5- or 7-passenger, 4-door hatchback",115,,S:,,,,,,8-speed automatic with manual shifting mode,,195.7,81.6,72.7,5150,6.7,18.6,15.2,,130,,,,,,,,,,,,yes
https://www.caranddriver.com/reviews/a15097979/2017-hyundai-sonata-plug-in-hybrid-test-review/,2017,Hyundai Sonata,Plug In Hybrid Test,"front-engine, front-wheel-drive, 5-passenger, 4-door sedan",35435,39610,"DOHC 16-valve 2.0-liter Atkinson-cycle inline-4, 154 hp, 140 lb-ft; permanent-magnet synchronous AC motor, 67 hp, 151 lb-ft; combined output, 202 hp; 9.8-kWh lithium-ion battery pack",,,,,,6-speed automatic with manual shifting mode,110.4,191.1,73.4,57.9,3833,7.7,20.9,16.0,89,,177,,0.83,7.8,4.1,5.3,,,,35,,yes
https://www.caranddriver.com/reviews/a15097988/2018-mercedes-benz-e-class-coupe-first-ride-review/,2018,Mercedes-Benz,E-class Coupe First Ride &#8211;,,,,,,,,,,,,,,,,,,,,,,,,,,,,,,,,
https://www.caranddriver.com/reviews/a15098019/2017-volvo-v60-polestar-test-review/,2017,Volvo,V60 Polestar Test,"front-engine, all-wheel-drive, 5-passenger, 4-door hatchback",62595,62595,"supercharged, turbocharged, and intercooled DOHC 16-valve inline-4; aluminum block and head; direct fuel injection",,362,6000,347,3100,8-speed automatic with manual shifting mode,109.3,182.5,73.4,58.4,3966,4.4,10.9,13.0,108,,154,,,5.1,2.6,3.3,,,,19,,yes
https://www.caranddriver.com/reviews/a15098075/2017-porsche-718-cayman-pdk-automatic-test-reviews-acar-and-driver/,2017,Porsche,718 Cayman PDK Automatic Test &#8211;,"mid-engine, rear-wheel-drive, 2-passenger, 2-door hatchback",58150,74955,"turbocharged and intercooled DOHC 16-valve flat-4, aluminum block and heads, direct fuel injection",121,300,6500,280,1950,7-speed dual-clutch automatic with manual shifting mode,97.4,172.4,70.9,51.0,3140,3.9,9.6,12.4,113,,146,,1.00,5.1,2.9,3.1,,,,23,,yes
https://www.caranddriver.com/reviews/a15098124/lamborghini-aventador-sv-prototype-drive-review/,,,,"mid-engine, all-wheel-drive, 2-passenger, 2-door coupe",500000,,"DOHC 48-valve V-12, aluminum block and heads, port fuel injection",397,740,8400,509,5500,7-speed automated manual,106.3,190.4,79.9,44.7,3900,2.7,5.9,10.5,,217,,,,,,,,,,,,yes
https://www.caranddriver.com/reviews/a15098128/2017-volkswagen-golf-alltrack-test-review/,2017,Volkswagen Golf,Alltrack Test,"front-engine, all-wheel-drive, 5-passenger, 4-door hatchback",33710,35705,"turbocharged and intercooled DOHC 16-valve inline-4, iron block and aluminum head, direct fuel injection",,170,4500,199,1600,6-speed dual-clutch automatic with manual shifting mode,103.5,180.2,70.8,59.7,3497,7.5,22.2,15.9,87,,172,,0.84,8.8,4.0,5.5,,,,25,,yes
https://www.caranddriver.com/reviews/a15098131/2017-porsche-911-carrera-s-cabriolet-pdk-automatic-test-review/,2017,Porsche,911 Carrera S Cabriolet Pdk Automatic Test,"rear-engine, rear-wheel-drive, 2+2-passenger, 2-door convertible",119950,144805,"twin-turbocharged and intercooled DOHC 24-valve flat-6, aluminum block and heads, direct fuel injection",,420,6500,368,1700,7-speed dual-clutch automatic with manual shifting mode,96.5,177.1,71.2,50.8,3512,3.2,7.8,11.6,122,,146,,1.00,4.4,2.5,2.6,,,,14,,yes
https://www.caranddriver.com/reviews/a15098138/2017-chevrolet-cruze-review/,2017,Chevrolet Cruze,Review,"front-engine, front-wheel-drive, 5-passenger, 4-door sedan or hatchback",106,,"turbocharged and intercooled DOHC 16-valve inline-4, aluminum block and head, direct fuel injection",,153,5600,177,2000,S,106.3,,70.5,,2850,7.6,21.6,15.9,89,,168,,0.82,8.0,4.1,,,,,,,yes
https://www.caranddriver.com/reviews/a15098143/2017-volvo-xc90-quick-take-review/,2017,Volvo,Xc90 Quick Take,,,,,,,,,,,,,,,,,,,,,,,,,,,,,,,,
https://www.caranddriver.com/reviews/a15098194/2017-chevrolet-camaro-zl1-first-drive-review/,2017,Chevrolet,Camaro ZL1 First Drive &#8211;,"front-engine, rear-wheel-drive, 4-passenger, 2-door coupe",63435,,"supercharged and intercooled pushrod 16-valve V-8, aluminum block and heads, direct fuel injection",376,650,6400,650,3600,S:,110.7,188.3,74.7,52.4,3900,3.5,7.3,11.4,,195,,,,,,,,,,,,yes
https://www.caranddriver.com/reviews/a15098212/2017-honda-hr-v-review/,2017,Honda Hr,V,"front-engine, front- or 4-wheel-drive, 5-passenger, 4-door hatchback",102,,"SOHC 16-valve inline-4, aluminum block and head, port fuel injection",110,141,6500,127,4300,S:,102.8,169.1,69.8,63.2,2900,9.5,30.8,17.4,82,,183,,0.80,9.9,4.8,,,,,,,yes
https://www.caranddriver.com/reviews/a15098230/2017-subaru-brz-performance-package-first-drive-review/,2017,Subaru,BRZ Performance Package First Drive &#8211;,"front-engine, rear-wheel-drive, 4-passenger, 2-door coupe",29660,,"DOHC 16-valve flat-4, aluminum block and heads, port and direct fuel injection",122,205,7000,156,6400,6-speed manual,101.2,166.7,69.9,50.6,2800,6.2,16.3,14.8,,135,,,,,,,,,,,,yes
https://www.caranddriver.com/reviews/a15098245/2017-toyota-tundra-57l-v-8-crewmax-4x4-test-review/,2017,Toyota Tundra,57L V 8 Crewmax 4X4 Test,"front-engine, rear-/4-wheel-drive, 5-passenger, 4-door pickup",39765,45174,"DOHC 32-valve V-8, aluminum block and heads, port fuel injection",,381,5600,401,3600,6-speed automatic with manual shifting mode,145.7,228.9,79.9,77.2,5858,6.4,18.5,15.1,92,,190,,0.70,6.6,3.5,4.4,,,,14,,yes
https://www.caranddriver.com/reviews/a15098260/2017-lamborghini-aventador-s-first-drive-review/,2017,Lamborghini,Aventador S First Drive &#8211;,"mid-engine, all-wheel-drive, 2-passenger, 2-door coupe",424845,,"DOHC 48-valve V-12, aluminum block and heads, port fuel injection",397,730,8400,509,5500,7-speed automated manual,106.3,188.9,79.9,44.7,4100,2.9,6.2,10.7,,217,,,,,,,12,10,16,,,yes
https://www.caranddriver.com/reviews/a15098282/2018-aston-martin-vanquish-s-first-drive-review/,2018,Aston,Martin Vanquish S First Drive &#8211;,"front-engine, rear-wheel-drive, 2- or 2+2-passenger, 2-door coupe or convertible",107,,"DOHC 48-valve V-12, aluminum block and heads, port fuel injection",362,580,7000,465,5500,8-speed automatic with manual shifting mode,107.9,186.2,75.2,51.0,3850,3.5,8.2,11.8,,200,,,,,,,16,13,21,,,yes
https://www.caranddriver.com/reviews/a15098283/2017-mercedes-amg-s63-cabriolet-test-review/,2017,Mercedes-AMG,S63 Cabriolet Test &#8211;,"front-engine, all-wheel-drive, 4-passenger, 2-door convertible",178325,201525,"twin-turbocharged and intercooled DOHC 32-valve V-8, aluminum block and heads, direct fuel injection",333,577,5500,664,2250,7-speed automatic with manual shifting mode,115.9,198.6,75.2,56.2,4929,3.7,8.7,12.1,117,,168,,0.89,4.5,2.5,2.7,,,,14,,yes
https://www.caranddriver.com/reviews/a15098297/2017-porsche-911-turbo-test-review/,2017,Porsche,911 Turbo Test,"rear-engine, all-wheel-drive, 2+2-passenger, 2-door coupe",160250,167225,"twin-turbocharged and intercooled DOHC flat-6, aluminum block and heads, direct fuel injection",,540,6400,523,2250,7-speed dual-clutch automatic with manual shifting mode,96.5,177.4,74.0,51.1,3656,2.6,6.3,10.7,129,,143,,1.02,3.5,2.1,2.3,,,,17,,yes
https://www.caranddriver.com/reviews/a15098300/2017-honda-cr-v-awd-instrumented-test-review/,2017,Honda Cr,V Awd Instrumented Test,"front-engine, all-wheel-drive, 5-passenger, 4-door hatchback",26245,34595,"turbocharged and intercooled DOHC 16-valve inline-4, aluminum block and head, direct fuel injection",,190,5600,179,2000,continuously variable automatic,104.7,180.6,73.0,66.5,3508,7.6,21.5,16.0,89,,166,,0.82,8.1,4.2,5.3,,,,25,,yes
https://www.caranddriver.com/reviews/a15098312/2017-chevrolet-corvette-grand-sport-manual-review/,2017,Chevrolet,Corvette Grand Sport Manual &#8211;,"front-engine, rear-wheel-drive, 2-passenger, 2-door targa",66445,75080,"pushrod 16-valve V-8, aluminum block and heads, direct fuel injection",376,460,6000,465,4600,7-speed manual,106.7,177.9,77.4,48.6,3463,3.9,8.9,12.3,117,,136,,1.13,4.5,12.9,11.6,,,,16,,yes
https://www.caranddriver.com/reviews/a15098327/2017-subaru-impreza-sedan-first-drive-review/,2017,Subaru Impreza,Sedan First Drive,"front-engine, all-wheel-drive, 5-passenger, 4-door sedan",105,,"DOHC 16-valve flat-4, aluminum block and heads, direct fuel injection",,152,6000,145,4000,S,105.1,182.1,70.0,57.3,3050,8.5,25.4,16.5,,120,,,,,,,,,,,,yes
https://www.caranddriver.com/reviews/a15098335/2017-infiniti-qx60-awd-test-review/,2017,Infiniti,Qx60 Awd Test,"front-engine, all-wheel-drive, 7-passenger, 4-door hatchback",45895,60545,"DOHC 24-valve V-6, aluminum block and heads, direct fuel injection",,295,6400,270,4800,continuously variable automatic with manual shifting mode,114.2,200.1,77.2,68.8,4654,7.1,18.0,15.5,93,,177,,0.79,7.5,3.8,4.7,,,,20,,yes
https://www.caranddriver.com/reviews/a15098351/2017-lexus-rc-turbo-rc200t-test-review/,2017,Lexus Rc,Turbo Rc200T Test,"front-engine, rear-wheel-drive, 4-passenger, 2-door coupe",41150,45254,"turbocharged and intercooled DOHC 16-valve inline-4, aluminum block and head, port and direct fuel injection",,241,5800,258,1650,8-speed automatic with manual shifting mode,107.5,184.8,72.4,54.9,3796,6.7,16.3,15.1,96,,171,,0.88,7.6,3.8,4.6,,,,19,,yes
https://www.caranddriver.com/reviews/a15098358/2017-bmw-x4-m40i-test-review/,2017,Bmw,X4 M40I Test,"front-engine, 4-wheel-drive, 5-passenger, 4-door hatchback",59095,67495,"turbocharged and intercooled DOHC 24-valve inline-6, aluminum block and head, direct fuel injection",,355,5800,343,1350,8-speed automatic with manual shifting mode,110.6,184.3,74.8,63.9,4272,4.4,11.8,13.1,105,,156,,0.95,5.5,2.9,3.3,,,,20,,yes
https://www.caranddriver.com/reviews/a15098377/2018-lexus-lc500-lc500h-first-drive-review/,2018,Lexus,Lc500 Lc500H First Drive,"front-engine, rear-wheel-drive, 4-passenger, 2-door coupe",113,,S,,,,,,S,113.0,187.4,75.6,53.0,4300,4.3,10.2,12.8,,155,,,,,,,,,,,,yes
https://www.caranddriver.com/reviews/a15098381/2017-infiniti-qx70-awd-test-review/,2017,Infiniti,Qx70 Awd Test,"front-engine, all-wheel-drive, 5-passenger, 4-door hatchback",48645,58480,"DOHC 24-valve V-6, aluminum block and heads, port fuel injection",,325,7000,267,5200,7-speed automatic with manual shifting mode,113.6,191.3,75.9,65.0,4376,6.0,15.7,14.5,96,,171,,0.86,6.4,4.1,4.3,,,,17,,yes
https://www.caranddriver.com/reviews/a15098382/2017-kia-soul-turbo-first-drive-reviews/,2017,Kia Soul,Turbo First Drive Reviews,"front-engine, front-wheel-drive, 5-passenger, 4-door hatchback",23500,,"turbocharged and intercooled DOHC 16-valve inline-4, aluminum block and head, direct fuel injection",,201,6000,195,1500,7-speed dual-clutch automatic with manual shifting mode,101.2,163.0,70.9,63.5,3250,7.6,20.2,15.9,,125,,,,,,,,,,,,yes
https://www.caranddriver.com/reviews/a15098391/2016-mobility-ventures-mv-1-first-drive-review/,2016,Mobility Ventures,Mv 1 First Drive,"front-engine, rear-wheel-drive, 4- or 5-passenger, 4-door hatchback",122,,"DOHC 24-valve V-6, aluminum block and heads, port fuel injection",227,275,6000,260,4000,6-speed automatic with manual shifting mode,122.0,205.0,79.4,76.3,5100,8.5,24.0,16.5,,83,,,,,,,,,,,,yes
https://www.caranddriver.com/reviews/a15098405/2017-porsche-718-cayman-s-pdk-test-review/,2017,Porsche,718 Cayman S Pdk Test,"mid-engine, rear-wheel-drive, 2-passenger, 2-door hatchback",70550,90060,"turbocharged and intercooled DOHC 16-valve flat-4, aluminum block and heads, direct fuel injection",,350,6500,309,1900,7-speed dual-clutch automatic with manual shifting mode,97.4,172.4,70.9,51.0,3169,3.6,8.7,12.0,117,,142,,1.02,4.4,2.5,2.9,,,,22,,yes
https://www.caranddriver.com/reviews/a15098407/2017-mercedes-benz-cla250-review/,2017,Mercedes Benz,Cla250,"front-engine, front- or 4-wheel-drive, 5-passenger, 4-door sedan",106,,"turbocharged and intercooled DOHC 16-valve 2.0-liter inline-4, aluminum block and head, direct fuel injection, 208 hp, 258 lb-ft",,208,5500,258,1250,7-speed dual-clutch automatic with manual shifting mode,106.3,182.3,70.0,56.6,3300,6.1,16.9,14.8,94,,159,,0.93,6.5,3.7,4.4,,,,,,yes
https://www.caranddriver.com/reviews/a15098432/2017-volkswagen-golf-18t-tsi-wolfsburg-edition-test-review/,2017,Volkswagen Golf,18T Tsi Wolfsburg Edition Test,"front-engine, front-wheel-drive, 5-passenger, 4-door hatchback",21815,23515,"turbocharged and intercooled DOHC 16-valve inline-4, iron block and aluminum head, direct fuel injection",,170,4500,199,1600,6-speed automatic with manual shifting mode,103.8,167.5,70.8,57.2,3061,7.3,19.8,15.6,90,,168,,0.84,8.0,3.8,5.2,,,,28,,yes
https://www.caranddriver.com/reviews/a15098447/2018-mercedes-amg-e63-e63-s-first-drive-review/,2018,Mercedes Amg,E63 E63 S First Drive,"front-engine, rear-/all-wheel-drive, 5-passenger, 4-door sedan",98000,,"twin-turbocharged and intercooled DOHC 32-valve V-8, aluminum block and heads, direct fuel injection",,,,,,9-speed automatic with manual shifting mode,115.7,196.6,75.1,57.5,4500,3.2,7.8,11.5,,155,,,,,,,,,,,,yes
https://www.caranddriver.com/reviews/a15098452/2017-audi-a7-quick-take-review/,2017,Audi,A7 Quick Take,"front-engine, all-wheel-drive, 4- or 5-passenger, 4-door hatchback",114,,"supercharged and intercooled DOHC 24-valve V-6, aluminum block and heads, direct fuel injection",,,,325,2900,8-speed automatic with manual shifting mode,114.7,196.2,75.2,55.9,4200,4.7,11.8,13.4,105,,166,,0.84,5.8,2.6,,,,,,,yes
https://www.caranddriver.com/reviews/a15098467/first-drive-2017-skoda-kodiaq-review/,,,,"front-engine, front- or 4-wheel-drive, 5- or 7-passenger, 4-door hatchback",109,,,,,,,,S:,109.9,184.9,74.1,66.0,3500,7.7,22.0,16.0,,117,,,,,,,,,,,,yes
https://www.caranddriver.com/reviews/a15098468/2017-gmc-yukon-xl-denali-4wd-instrumented-test-review/,2017,Gmc Yukon,Xl Denali 4Wd Instrumented Test,"front-engine, rear-/4-wheel-drive, 7-passenger, 4-door hatchback",72860,81295,"pushrod 16-valve V-8, aluminum block and heads, direct fuel injection",,420,5600,460,4100,8-speed automatic with manual shifting mode,130.0,224.3,80.5,74.4,6025,5.8,15.1,14.3,98,,185,,0.77,6.3,3.1,4.0,,,,16,,yes
https://www.caranddriver.com/reviews/a15098474/2017-chevrolet-camaro-v-6-1le-first-drive-review/,2017,Chevrolet,Camaro V-6 1LE First Drive &#8211;,"front-engine, rear-wheel-drive, 4-passenger, 2-door coupe",32895,,"DOHC 24-valve V-6, aluminum block and heads, direct fuel injection",223,335,6800,284,5300,6-speed manual,110.7,188.3,74.7,53.1,3500,5.1,13.0,13.7,,151,,,,,,,,,,,,yes
https://www.caranddriver.com/reviews/a15098490/2017-toyota-sienna-awd-test-review/,2017,Toyota Sienna,Awd Test,"front-engine, 4-wheel-drive, 7-passenger, 4-door minivan",48250,49049,"DOHC 24-valve V-6, aluminum block and heads, port and direct fuel injection",,296,6600,263,4700,8-speed automatic with manual shifting mode,119.3,200.2,78.1,71.3,4795,7.0,18.4,15.4,92,,177,,0.77,7.4,3.8,5.4,,,,24,,yes
https://www.caranddriver.com/reviews/a15098514/quick-take-2016-ford-transit-connect-wagon-review/,,,,"front-engine, front-wheel-drive, 5-, 6-, or 7-passenger, 4-door van",104,,S:,,,,,,6-speed automatic with manual shifting mode,,,72.2,,3650,10.0,38.8,17.5,79,,178,,0.78,10.4,4.9,7.1,,,,,,yes
https://www.caranddriver.com/reviews/a15098524/2017-genesis-g90-33t-awd-test-review/,2017,Genesis,G90 33T Awd Test,"front-engine, 4-wheel-drive, 5-passenger, 4-door sedan",71550,71550,"twin-turbocharged and intercooled DOHC 24-valve V-6, aluminum block and heads, direct fuel injection",,365,6000,376,1300,8-speed automatic with manual shifting mode,124.4,204.9,75.4,58.9,4824,5.3,14.0,14.0,100,,172,,0.85,6.1,3.0,4.1,,,,18,,yes
https://www.caranddriver.com/reviews/a15098533/2018-audi-a5-sportback-first-drive-review/,2018,Audi,A5 Sportback First Drive,"front-engine, 4-wheel-drive, 5-passenger, 4-door hatchback",44000,,"turbocharged and intercooled DOHC 16-valve inline-4, iron block and aluminum head, direct fuel injection",,252,6000,273,1600,7-speed dual-clutch automatic with manual shifting mode,111.2,186.3,72.6,54.6,3750,5.3,14.1,14.0,,130,,,,,,,,,,,,yes
https://www.caranddriver.com/reviews/a15098550/2017-jaguar-f-pace-s-test-review/,2017,Jaguar F,Pace S Test,"front-engine, all-wheel-drive, 5-passenger, 4-door hatchback",58695,62895,"supercharged and intercooled DOHC 24-valve V-6, aluminum block and heads, direct fuel injection",,380,6500,332,4500,8-speed automatic with manual shifting mode,113.1,186.3,76.2,65.6,4421,5.1,12.8,13.6,103,,164,,0.86,5.3,2.9,3.8,,,,18,,yes
https://www.caranddriver.com/reviews/a15098587/2018-porsche-panamera-4-e-hybrid-plug-in-first-drive-review/,2018,Porsche Panamera,4 E Hybrid Plug In First Drive,"front-engine, all-wheel-drive, 4-passenger, 4-door hatchback",116,,"twin-turbocharged and intercooled DOHC 24-valve 2.9-liter V-6, 330 hp, 331 lb-ft; permanent-magnet synchronous AC electric motor, 136 hp, 295 lb-ft; combined output, 462 hp, 516 lb-ft; 14.1-kWh lithium-ion battery pack",,,,,,8-speed dual-clutch automatic with manual shifting mode,,,76.3,56.0,5100,4.2,11.0,12.9,,172,,,,,,,,,,,,yes
https://www.caranddriver.com/reviews/a15098619/2017-audi-rs3-first-drive-review/,2017,Audi,Rs3 First Drive,"front-engine, all-wheel-drive, 5-passenger, 4-door sedan",60000,,"turbocharged and intercooled DOHC 20-valve inline-5, aluminum block and head, port and direct fuel injection",,400,7000,354,1700,7-speed dual-clutch automatic with manual shifting mode,103.6,176.3,70.9,55.0,3650,3.9,9.9,12.4,,155,,,,,,,,,,,,yes
https://www.caranddriver.com/reviews/a15098622/2017-gmc-sierra-2500hd-3500hd-first-drive-review/,2017,Gmc Sierra,2500Hd 3500Hd First Drive,"front-engine; rear- or rear-/4-wheel-drive; 3-, 5-, or 6-passenger; 2- or 4-door pickup",2500,,,,,,,,6-speed automatic with manual shifting mode,,,,,5900,6.1,,14.8,,100,,,,,,,,,,,,yes
https://www.caranddriver.com/reviews/a15098624/2017-mercedes-benz-c300-coupe-4matic-test-review/,2017,Mercedes Benz,C300 Coupe 4Matic Test,"front-engine, all-wheel-drive, 4-passenger, 2-door coupe",45575,60905,"turbocharged and intercooled DOHC 16-valve inline-4, aluminum block and head, direct fuel injection",,241,5500,273,1300,7-speed automatic with manual shifting mode,111.8,184.5,71.3,55.3,3789,6.0,15.8,14.5,96,,163,,0.91,6.8,3.6,4.5,,,,22,,yes
https://www.caranddriver.com/reviews/a15098655/2017-toyota-c-hr-euro-spec-drive-review/,2017,Toyota,C-HR Euro-Spec Drive &#8211;,"front-engine, front- or 4-wheel-drive, 5-passenger, 4-door hatchback",103,,S:,,,,,,S:,103.9,171.7,70.7,,2950,10.7,28.6,18.2,,106,,,,,,,,,,,,yes
https://www.caranddriver.com/reviews/a15098694/2017-volkswagen-golf-r-review/,2017,Volkswagen Golf,R,"front-engine, 4-wheel-drive, 5-passenger, 4-door hatchback",103,,"turbocharged and intercooled DOHC 16-valve inline-4, iron block and aluminum head, direct fuel injection",,292,5400,280,1800,S,103.5,168.4,70.8,56.5,3325,5.2,13.0,13.7,103,,157,,0.95,6.3,10.5,7.5,,,,,,yes
https://www.caranddriver.com/reviews/a15098714/first-drive-2017-bmw-5-series-review/,,,,"front-engine, rear- or 4-wheel-drive, 5-passenger, 4-door sedan",117,,S,,,,,,8-speed automatic with manual shifting mode,117.1,194.6,73.5,58.2,3800,4.8,13.6,13.4,,130,,,,,,,,,,,,yes
https://www.caranddriver.com/reviews/a15098718/2017-mazda-3-25l-manual-test-review/,2017,Mazda,3 25L Manual Test,"front-engine, front-wheel-drive, 5-passenger, 4-door hatchback",23895,28030,"DOHC 16-valve Atkinson-capable inline-4, aluminum block and head, direct fuel injection",,184,5700,185,3250,6-speed manual,106.3,175.6,70.7,57.3,3015,7.4,19.4,15.7,91,,185,,0.84,8.1,13.6,12.4,,,,,,yes
https://www.caranddriver.com/reviews/a15098748/2017-infiniti-qx30-sport-test-review/,2017,Infiniti,Qx30 Sport Test,"front-engine, front-wheel-drive, 5-passenger, 4-door hatchback",39495,39495,"turbocharged and intercooled DOHC 16-valve inline-4, aluminum block and head, direct fuel injection",,208,5500,258,1250,7-speed dual-clutch automatic with manual shifting mode,106.3,174.2,71.5,58.1,3341,6.2,16.8,14.9,95,,157,,0.90,7.0,2.9,4.2,,,,20,,yes
https://www.caranddriver.com/reviews/a15098768/2016-bmw-m4-coupe-dct-competition-package-review/,2016,Bmw,M4 Coupe Dct Competition Package,"front-engine, rear-wheel-drive, 4-passenger, 2-door coupe",74845,89995,"twin-turbocharged and intercooled DOHC 24-valve inline-6, aluminum block and head, direct fuel injection",,444,7000,406,1850,7-speed dual-clutch automatic with manual shifting mode,110.7,184.5,73.6,54.4,3645,3.8,8.6,12.1,119,,151,,0.99,4.4,2.2,2.9,,,,20,,yes
https://www.caranddriver.com/reviews/a15098774/2017-toyota-rav4-rav4-hybrid-reviews/,2017,Toyota,Rav4 Rav4 Hybrid Reviews,"front-engine, front- or 4-wheel-drive, 5-passenger, 4-door hatchback",104,,S,,194,,,,S,104.7,181.1,72.6,,3400,8.4,27.0,16.7,84,,184,,0.75,8.7,4.6,5.9,,,,,,yes
https://www.caranddriver.com/reviews/a15098782/2018-audi-s5-sportback-first-drive-review/,2018,Audi,S5 Sportback First Drive,"front-engine, 4-wheel-drive, 5-passenger, 4-door hatchback",56000,,"turbocharged and intercooled DOHC 24-valve V-6, aluminum block and heads, direct fuel injection",,354,6400,369,1370,8-speed automatic with manual shifting mode,111.2,187.1,72.6,54.5,3850,4.4,11.1,13.0,,155,,,,,,,,,,,,yes
https://www.caranddriver.com/reviews/a15098793/2017-acura-nsx-supercar-full-test-review/,2017,Acura Nsx,Supercar Full Test,"mid-engine, front- and mid-motor, all-wheel-drive, 2-passenger, 2-door coupe",157800,202960,"twin-turbocharged and intercooled DOHC 24-valve V-6, aluminum block and heads, port and direct fuel injection",,500,7500,406,2000,S,103.5,176.0,76.3,47.8,3868,3.1,7.0,11.2,126,,142,,1.06,3.6,2.2,2.5,,,,17,,yes
https://www.caranddriver.com/reviews/a15098798/2017-volkswagen-passat-driven-review/,2017,Volkswagen Passat,Driven,"front-engine, front-wheel-drive, 5-passenger, 4-door sedan",110,,S:,,,,,,S:,110.4,191.9,72.2,58.5,3350,7.8,21.1,16.0,89,,181,,0.83,8.7,4.0,5.9,,,,,,yes
https://www.caranddriver.com/reviews/a15098820/2016-range-rover-sport-svr-tested-on-performance-tires-review/,2016,Range,Rover Sport SVR Tested on Performance Tires &#8211;,"front-engine, 4-wheel-drive, 5-passenger, 4-door hatchback",112345,126032,"supercharged and intercooled DOHC 32-valve V-8, aluminum block and heads, direct fuel injection",305,550,6500,502,2500,8-speed automatic with manual shifting mode,115.1,190.9,78.1,70.1,5495,4.6,11.0,13.0,109,,167,,0.89,4.9,2.7,3.4,,,,,,yes
https://www.caranddriver.com/reviews/a15098832/first-drive-2017-alfa-romeo-giulia-review/,,,,"front-engine, rear- or 4-wheel-drive, 5-passenger, 4-door sedan",40000,,"turbocharged and intercooled SOHC 16-valve inline-4, aluminum block and head, direct fuel injection",,280,5200,306,2000,8-speed automatic with manual shifting mode,111.0,182.8,73.2,,3450,5.0,13.4,13.7,,130,,,,,,,,,,,,yes
https://www.caranddriver.com/reviews/a15098855/2017-acura-mdx-sh-awd-test-review/,2017,Acura Mdx,Sh Awd Test,"front-engine, all-wheel-drive, 7-passenger, 4-door hatchback",46890,59340,"SOHC 24-valve V-6, aluminum block and heads, direct fuel injection",,290,6200,267,4700,9-speed automatic with manual shifting mode,111.0,196.2,77.2,67.4,4222,6.0,16.5,14.7,95,,188,,0.83,6.4,3.6,4.7,,,,,,yes
https://www.caranddriver.com/reviews/a15098863/2017-porsche-718-cayman-manual-test-review/,2017,Porsche,718 Cayman Manual Test,"mid-engine, rear-wheel-drive, 2-passenger, 2-door hatchback",54950,68390,"turbocharged and intercooled DOHC 16-valve flat-4, aluminum block and heads, direct fuel injection",,300,6500,280,1950,6-speed manual,97.4,172.4,70.9,51.0,3064,4.3,10.5,12.8,109,,141,,1.03,6.1,10.2,6.5,,,,20,,yes
